scenario,fiscal_year,period_end,period_class,metric,display_name,value,unit,status,value_source,formula,input_metrics,source_ids,notes
actual,FY2022,2022-05-31,actual,revenue_growth,Revenue growth,,decimal,not_applicable,committed_sec_derived_history,See Phase 2-3 lineage and Phase 4 historical bridge.,data/processed/nike_financials.csv,FS01;FS02;FS03,Derived operating income is not Nike-reported EBIT or segment EBIT.
actual,FY2022,2022-05-31,actual,revenue,Revenue,46710,USD millions,selected,committed_sec_reported_history,See Phase 2-3 lineage and Phase 4 historical bridge.,data/processed/nike_financials.csv,FS01;FS02;FS03,Derived operating income is not Nike-reported EBIT or segment EBIT.
actual,FY2022,2022-05-31,actual,gross_margin,Gross margin,0.459837,decimal,calculated,committed_sec_derived_history,See Phase 2-3 lineage and Phase 4 historical bridge.,data/processed/nike_financials.csv,FS01;FS02;FS03,Derived operating income is not Nike-reported EBIT or segment EBIT.
actual,FY2022,2022-05-31,actual,gross_profit,Gross profit,21479,USD millions,selected,committed_sec_reported_history,See Phase 2-3 lineage and Phase 4 historical bridge.,data/processed/nike_financials.csv,FS01;FS02;FS03,Derived operating income is not Nike-reported EBIT or segment EBIT.
actual,FY2022,2022-05-31,actual,sga_percent_revenue,SG&A as a percentage of revenue,0.3169342753157782059516163562,decimal,calculated,committed_sec_derived_history,See Phase 2-3 lineage and Phase 4 historical bridge.,data/processed/nike_financials.csv,FS01;FS02;FS03,Derived operating income is not Nike-reported EBIT or segment EBIT.
actual,FY2022,2022-05-31,actual,total_selling_and_administrative_expense,Total SG&A,14804,USD millions,selected,committed_sec_reported_history,See Phase 2-3 lineage and Phase 4 historical bridge.,data/processed/nike_financials.csv,FS01;FS02;FS03,Derived operating income is not Nike-reported EBIT or segment EBIT.
actual,FY2022,2022-05-31,actual,derived_operating_income,Derived operating income,6675,USD millions,calculated,committed_sec_derived_history,See Phase 2-3 lineage and Phase 4 historical bridge.,data/processed/nike_financials.csv,FS01;FS02;FS03,Derived operating income is not Nike-reported EBIT or segment EBIT.
actual,FY2022,2022-05-31,actual,operating_margin,Derived operating margin,0.142903,decimal,calculated,committed_sec_derived_history,See Phase 2-3 lineage and Phase 4 historical bridge.,data/processed/nike_financials.csv,FS01;FS02;FS03,Derived operating income is not Nike-reported EBIT or segment EBIT.
actual,FY2022,2022-05-31,actual,normalized_tax_rate,Historical effective tax rate,0.09096376484739136971883927229,decimal,calculated,committed_sec_derived_history,See Phase 2-3 lineage and Phase 4 historical bridge.,data/processed/nike_financials.csv,FS01;FS02;FS03,Derived operating income is not Nike-reported EBIT or segment EBIT.
actual,FY2022,2022-05-31,actual,normalized_operating_tax_expense,Normalized operating tax expense,607.1831303563373928732521425,USD millions,calculated,committed_sec_derived_history,See Phase 2-3 lineage and Phase 4 historical bridge.,data/processed/nike_financials.csv,FS01;FS02;FS03,Derived operating income is not Nike-reported EBIT or segment EBIT.
actual,FY2022,2022-05-31,actual,nopat,NOPAT,6067.816869643662607126747858,USD millions,calculated,committed_sec_derived_history,See Phase 2-3 lineage and Phase 4 historical bridge.,data/processed/nike_financials.csv,FS01;FS02;FS03,Derived operating income is not Nike-reported EBIT or segment EBIT.
actual,FY2022,2022-05-31,actual,depreciation_and_amortization,Depreciation and amortization,717,USD millions,selected,committed_sec_reported_history,See Phase 2-3 lineage and Phase 4 historical bridge.,data/processed/nike_financials.csv,FS01;FS02;FS03,Derived operating income is not Nike-reported EBIT or segment EBIT.
actual,FY2022,2022-05-31,actual,da_percent_revenue,D&A as a percentage of revenue,0.01535003211303789338471419396,decimal,calculated,committed_sec_derived_history,See Phase 2-3 lineage and Phase 4 historical bridge.,data/processed/nike_financials.csv,FS01;FS02;FS03,Derived operating income is not Nike-reported EBIT or segment EBIT.
actual,FY2022,2022-05-31,actual,capital_expenditures,Capital expenditures,758,USD millions,selected,committed_sec_reported_history,See Phase 2-3 lineage and Phase 4 historical bridge.,data/processed/nike_financials.csv,FS01;FS02;FS03,Derived operating income is not Nike-reported EBIT or segment EBIT.
actual,FY2022,2022-05-31,actual,capex_percent_revenue,Capital expenditures as a percentage of revenue,0.01622778848212374223934917577,decimal,calculated,committed_sec_derived_history,See Phase 2-3 lineage and Phase 4 historical bridge.,data/processed/nike_financials.csv,FS01;FS02;FS03,Derived operating income is not Nike-reported EBIT or segment EBIT.
actual,FY2022,2022-05-31,actual,operating_nwc_proxy,Operating NWC proxy,5416,USD millions,calculated,committed_sec_derived_history,See Phase 2-3 lineage and Phase 4 historical bridge.,data/processed/nike_financials.csv,FS01;FS02;FS03,Derived operating income is not Nike-reported EBIT or segment EBIT.
actual,FY2022,2022-05-31,actual,operating_nwc_percent_revenue,Operating NWC as a percentage of revenue,0.1159494754870477413830014986,decimal,calculated,committed_sec_derived_history,See Phase 2-3 lineage and Phase 4 historical bridge.,data/processed/nike_financials.csv,FS01;FS02;FS03,Derived operating income is not Nike-reported EBIT or segment EBIT.
actual,FY2022,2022-05-31,actual,change_in_operating_nwc,Change in operating NWC,,USD millions,not_applicable,committed_sec_derived_history,See Phase 2-3 lineage and Phase 4 historical bridge.,data/processed/nike_financials.csv,FS01;FS02;FS03,Derived operating income is not Nike-reported EBIT or segment EBIT.
actual,FY2022,2022-05-31,actual,fcff,Free cash flow to the firm,,USD millions,not_applicable,committed_sec_derived_history,See Phase 2-3 lineage and Phase 4 historical bridge.,data/processed/nike_financials.csv,FS01;FS02;FS03,Derived operating income is not Nike-reported EBIT or segment EBIT.
actual,FY2022,2022-05-31,actual,fcff_margin,FCFF margin,,decimal,not_applicable,committed_sec_derived_history,See Phase 2-3 lineage and Phase 4 historical bridge.,data/processed/nike_financials.csv,FS01;FS02;FS03,Derived operating income is not Nike-reported EBIT or segment EBIT.
actual,FY2023,2023-05-31,actual,revenue_growth,Revenue growth,0.096489,decimal,calculated,committed_sec_derived_history,See Phase 2-3 lineage and Phase 4 historical bridge.,data/processed/nike_financials.csv,FS01;FS02;FS03,Derived operating income is not Nike-reported EBIT or segment EBIT.
actual,FY2023,2023-05-31,actual,revenue,Revenue,51217,USD millions,selected,committed_sec_reported_history,See Phase 2-3 lineage and Phase 4 historical bridge.,data/processed/nike_financials.csv,FS01;FS02;FS03,Derived operating income is not Nike-reported EBIT or segment EBIT.
actual,FY2023,2023-05-31,actual,gross_margin,Gross margin,0.435246,decimal,calculated,committed_sec_derived_history,See Phase 2-3 lineage and Phase 4 historical bridge.,data/processed/nike_financials.csv,FS01;FS02;FS03,Derived operating income is not Nike-reported EBIT or segment EBIT.
actual,FY2023,2023-05-31,actual,gross_profit,Gross profit,22292,USD millions,selected,committed_sec_reported_history,See Phase 2-3 lineage and Phase 4 historical bridge.,data/processed/nike_financials.csv,FS01;FS02;FS03,Derived operating income is not Nike-reported EBIT or segment EBIT.
actual,FY2023,2023-05-31,actual,sga_percent_revenue,SG&A as a percentage of revenue,0.3197571118964406349454282758,decimal,calculated,committed_sec_derived_history,See Phase 2-3 lineage and Phase 4 historical bridge.,data/processed/nike_financials.csv,FS01;FS02;FS03,Derived operating income is not Nike-reported EBIT or segment EBIT.
actual,FY2023,2023-05-31,actual,total_selling_and_administrative_expense,Total SG&A,16377,USD millions,selected,committed_sec_reported_history,See Phase 2-3 lineage and Phase 4 historical bridge.,data/processed/nike_financials.csv,FS01;FS02;FS03,Derived operating income is not Nike-reported EBIT or segment EBIT.
actual,FY2023,2023-05-31,actual,derived_operating_income,Derived operating income,5915,USD millions,calculated,committed_sec_derived_history,See Phase 2-3 lineage and Phase 4 historical bridge.,data/processed/nike_financials.csv,FS01;FS02;FS03,Derived operating income is not Nike-reported EBIT or segment EBIT.
actual,FY2023,2023-05-31,actual,operating_margin,Derived operating margin,0.115489,decimal,calculated,committed_sec_derived_history,See Phase 2-3 lineage and Phase 4 historical bridge.,data/processed/nike_financials.csv,FS01;FS02;FS03,Derived operating income is not Nike-reported EBIT or segment EBIT.
actual,FY2023,2023-05-31,actual,normalized_tax_rate,Historical effective tax rate,0.1823899371069182389937106918,decimal,calculated,committed_sec_derived_history,See Phase 2-3 lineage and Phase 4 historical bridge.,data/processed/nike_financials.csv,FS01;FS02;FS03,Derived operating income is not Nike-reported EBIT or segment EBIT.
actual,FY2023,2023-05-31,actual,normalized_operating_tax_expense,Normalized operating tax expense,1078.836477987421383647798742,USD millions,calculated,committed_sec_derived_history,See Phase 2-3 lineage and Phase 4 historical bridge.,data/processed/nike_financials.csv,FS01;FS02;FS03,Derived operating income is not Nike-reported EBIT or segment EBIT.
actual,FY2023,2023-05-31,actual,nopat,NOPAT,4836.163522012578616352201258,USD millions,calculated,committed_sec_derived_history,See Phase 2-3 lineage and Phase 4 historical bridge.,data/processed/nike_financials.csv,FS01;FS02;FS03,Derived operating income is not Nike-reported EBIT or segment EBIT.
actual,FY2023,2023-05-31,actual,depreciation_and_amortization,Depreciation and amortization,703,USD millions,selected,committed_sec_reported_history,See Phase 2-3 lineage and Phase 4 historical bridge.,data/processed/nike_financials.csv,FS01;FS02;FS03,Derived operating income is not Nike-reported EBIT or segment EBIT.
actual,FY2023,2023-05-31,actual,da_percent_revenue,D&A as a percentage of revenue,0.01372591131850752679774293692,decimal,calculated,committed_sec_derived_history,See Phase 2-3 lineage and Phase 4 historical bridge.,data/processed/nike_financials.csv,FS01;FS02;FS03,Derived operating income is not Nike-reported EBIT or segment EBIT.
actual,FY2023,2023-05-31,actual,capital_expenditures,Capital expenditures,969,USD millions,selected,committed_sec_reported_history,See Phase 2-3 lineage and Phase 4 historical bridge.,data/processed/nike_financials.csv,FS01;FS02;FS03,Derived operating income is not Nike-reported EBIT or segment EBIT.
actual,FY2023,2023-05-31,actual,capex_percent_revenue,Capital expenditures as a percentage of revenue,0.01891949938496983423472675088,decimal,calculated,committed_sec_derived_history,See Phase 2-3 lineage and Phase 4 historical bridge.,data/processed/nike_financials.csv,FS01;FS02;FS03,Derived operating income is not Nike-reported EBIT or segment EBIT.
actual,FY2023,2023-05-31,actual,operating_nwc_proxy,Operating NWC proxy,5702,USD millions,calculated,committed_sec_derived_history,See Phase 2-3 lineage and Phase 4 historical bridge.,data/processed/nike_financials.csv,FS01;FS02;FS03,Derived operating income is not Nike-reported EBIT or segment EBIT.
actual,FY2023,2023-05-31,actual,operating_nwc_percent_revenue,Operating NWC as a percentage of revenue,0.1113302223870980338559462678,decimal,calculated,committed_sec_derived_history,See Phase 2-3 lineage and Phase 4 historical bridge.,data/processed/nike_financials.csv,FS01;FS02;FS03,Derived operating income is not Nike-reported EBIT or segment EBIT.
actual,FY2023,2023-05-31,actual,change_in_operating_nwc,Change in operating NWC,286,USD millions,calculated,committed_sec_derived_history,See Phase 2-3 lineage and Phase 4 historical bridge.,data/processed/nike_financials.csv,FS01;FS02;FS03,Derived operating income is not Nike-reported EBIT or segment EBIT.
actual,FY2023,2023-05-31,actual,fcff,Free cash flow to the firm,4284.163522012578616352201258,USD millions,calculated,committed_sec_derived_history,See Phase 2-3 lineage and Phase 4 historical bridge.,data/processed/nike_financials.csv,FS01;FS02;FS03,Derived operating income is not Nike-reported EBIT or segment EBIT.
actual,FY2023,2023-05-31,actual,fcff_margin,FCFF margin,0.08364729527329946338817582557,decimal,calculated,committed_sec_derived_history,See Phase 2-3 lineage and Phase 4 historical bridge.,data/processed/nike_financials.csv,FS01;FS02;FS03,Derived operating income is not Nike-reported EBIT or segment EBIT.
actual,FY2024,2024-05-31,actual,revenue_growth,Revenue growth,0.002831,decimal,calculated,committed_sec_derived_history,See Phase 2-3 lineage and Phase 4 historical bridge.,data/processed/nike_financials.csv,FS01;FS02;FS03,Derived operating income is not Nike-reported EBIT or segment EBIT.
actual,FY2024,2024-05-31,actual,revenue,Revenue,51362,USD millions,selected,committed_sec_reported_history,See Phase 2-3 lineage and Phase 4 historical bridge.,data/processed/nike_financials.csv,FS01;FS02;FS03,Derived operating income is not Nike-reported EBIT or segment EBIT.
actual,FY2024,2024-05-31,actual,gross_margin,Gross margin,0.445602,decimal,calculated,committed_sec_derived_history,See Phase 2-3 lineage and Phase 4 historical bridge.,data/processed/nike_financials.csv,FS01;FS02;FS03,Derived operating income is not Nike-reported EBIT or segment EBIT.
actual,FY2024,2024-05-31,actual,gross_profit,Gross profit,22887,USD millions,selected,committed_sec_reported_history,See Phase 2-3 lineage and Phase 4 historical bridge.,data/processed/nike_financials.csv,FS01;FS02;FS03,Derived operating income is not Nike-reported EBIT or segment EBIT.
actual,FY2024,2024-05-31,actual,sga_percent_revenue,SG&A as a percentage of revenue,0.3227288656983762314551614034,decimal,calculated,committed_sec_derived_history,See Phase 2-3 lineage and Phase 4 historical bridge.,data/processed/nike_financials.csv,FS01;FS02;FS03,Derived operating income is not Nike-reported EBIT or segment EBIT.
actual,FY2024,2024-05-31,actual,total_selling_and_administrative_expense,Total SG&A,16576,USD millions,selected,committed_sec_reported_history,See Phase 2-3 lineage and Phase 4 historical bridge.,data/processed/nike_financials.csv,FS01;FS02;FS03,Derived operating income is not Nike-reported EBIT or segment EBIT.
actual,FY2024,2024-05-31,actual,derived_operating_income,Derived operating income,6311,USD millions,calculated,committed_sec_derived_history,See Phase 2-3 lineage and Phase 4 historical bridge.,data/processed/nike_financials.csv,FS01;FS02;FS03,Derived operating income is not Nike-reported EBIT or segment EBIT.
actual,FY2024,2024-05-31,actual,operating_margin,Derived operating margin,0.122873,decimal,calculated,committed_sec_derived_history,See Phase 2-3 lineage and Phase 4 historical bridge.,data/processed/nike_financials.csv,FS01;FS02;FS03,Derived operating income is not Nike-reported EBIT or segment EBIT.
actual,FY2024,2024-05-31,actual,normalized_tax_rate,Historical effective tax rate,0.1492537313432835820895522388,decimal,calculated,committed_sec_derived_history,See Phase 2-3 lineage and Phase 4 historical bridge.,data/processed/nike_financials.csv,FS01;FS02;FS03,Derived operating income is not Nike-reported EBIT or segment EBIT.
actual,FY2024,2024-05-31,actual,normalized_operating_tax_expense,Normalized operating tax expense,941.9402985074626865671641791,USD millions,calculated,committed_sec_derived_history,See Phase 2-3 lineage and Phase 4 historical bridge.,data/processed/nike_financials.csv,FS01;FS02;FS03,Derived operating income is not Nike-reported EBIT or segment EBIT.
actual,FY2024,2024-05-31,actual,nopat,NOPAT,5369.059701492537313432835821,USD millions,calculated,committed_sec_derived_history,See Phase 2-3 lineage and Phase 4 historical bridge.,data/processed/nike_financials.csv,FS01;FS02;FS03,Derived operating income is not Nike-reported EBIT or segment EBIT.
actual,FY2024,2024-05-31,actual,depreciation_and_amortization,Depreciation and amortization,796,USD millions,selected,committed_sec_reported_history,See Phase 2-3 lineage and Phase 4 historical bridge.,data/processed/nike_financials.csv,FS01;FS02;FS03,Derived operating income is not Nike-reported EBIT or segment EBIT.
actual,FY2024,2024-05-31,actual,da_percent_revenue,D&A as a percentage of revenue,0.01549783886920291265916436276,decimal,calculated,committed_sec_derived_history,See Phase 2-3 lineage and Phase 4 historical bridge.,data/processed/nike_financials.csv,FS01;FS02;FS03,Derived operating income is not Nike-reported EBIT or segment EBIT.
actual,FY2024,2024-05-31,actual,capital_expenditures,Capital expenditures,812,USD millions,selected,committed_sec_reported_history,See Phase 2-3 lineage and Phase 4 historical bridge.,data/processed/nike_financials.csv,FS01;FS02;FS03,Derived operating income is not Nike-reported EBIT or segment EBIT.
actual,FY2024,2024-05-31,actual,capex_percent_revenue,Capital expenditures as a percentage of revenue,0.01580935321833261944628324442,decimal,calculated,committed_sec_derived_history,See Phase 2-3 lineage and Phase 4 historical bridge.,data/processed/nike_financials.csv,FS01;FS02;FS03,Derived operating income is not Nike-reported EBIT or segment EBIT.
actual,FY2024,2024-05-31,actual,operating_nwc_proxy,Operating NWC proxy,4690,USD millions,calculated,committed_sec_derived_history,See Phase 2-3 lineage and Phase 4 historical bridge.,data/processed/nike_financials.csv,FS01;FS02;FS03,Derived operating income is not Nike-reported EBIT or segment EBIT.
actual,FY2024,2024-05-31,actual,operating_nwc_percent_revenue,Operating NWC as a percentage of revenue,0.09131264358864530197422218761,decimal,calculated,committed_sec_derived_history,See Phase 2-3 lineage and Phase 4 historical bridge.,data/processed/nike_financials.csv,FS01;FS02;FS03,Derived operating income is not Nike-reported EBIT or segment EBIT.
actual,FY2024,2024-05-31,actual,change_in_operating_nwc,Change in operating NWC,-1012,USD millions,calculated,committed_sec_derived_history,See Phase 2-3 lineage and Phase 4 historical bridge.,data/processed/nike_financials.csv,FS01;FS02;FS03,Derived operating income is not Nike-reported EBIT or segment EBIT.
actual,FY2024,2024-05-31,actual,fcff,Free cash flow to the firm,6365.059701492537313432835821,USD millions,calculated,committed_sec_derived_history,See Phase 2-3 lineage and Phase 4 historical bridge.,data/processed/nike_financials.csv,FS01;FS02;FS03,Derived operating income is not Nike-reported EBIT or segment EBIT.
actual,FY2024,2024-05-31,actual,fcff_margin,FCFF margin,0.1239254643801358458282939882,decimal,calculated,committed_sec_derived_history,See Phase 2-3 lineage and Phase 4 historical bridge.,data/processed/nike_financials.csv,FS01;FS02;FS03,Derived operating income is not Nike-reported EBIT or segment EBIT.
actual,FY2025,2025-05-31,actual,revenue_growth,Revenue growth,-0.09838,decimal,calculated,committed_sec_derived_history,See Phase 2-3 lineage and Phase 4 historical bridge.,data/processed/nike_financials.csv,FS01;FS02;FS03,Derived operating income is not Nike-reported EBIT or segment EBIT.
actual,FY2025,2025-05-31,actual,revenue,Revenue,46309,USD millions,selected,committed_sec_reported_history,See Phase 2-3 lineage and Phase 4 historical bridge.,data/processed/nike_financials.csv,FS01;FS02;FS03,Derived operating income is not Nike-reported EBIT or segment EBIT.
actual,FY2025,2025-05-31,actual,gross_margin,Gross margin,0.427347,decimal,calculated,committed_sec_derived_history,See Phase 2-3 lineage and Phase 4 historical bridge.,data/processed/nike_financials.csv,FS01;FS02;FS03,Derived operating income is not Nike-reported EBIT or segment EBIT.
actual,FY2025,2025-05-31,actual,gross_profit,Gross profit,19790,USD millions,selected,committed_sec_reported_history,See Phase 2-3 lineage and Phase 4 historical bridge.,data/processed/nike_financials.csv,FS01;FS02;FS03,Derived operating income is not Nike-reported EBIT or segment EBIT.
actual,FY2025,2025-05-31,actual,sga_percent_revenue,SG&A as a percentage of revenue,0.3474054719385000755792610508,decimal,calculated,committed_sec_derived_history,See Phase 2-3 lineage and Phase 4 historical bridge.,data/processed/nike_financials.csv,FS01;FS02;FS03,Derived operating income is not Nike-reported EBIT or segment EBIT.
actual,FY2025,2025-05-31,actual,total_selling_and_administrative_expense,Total SG&A,16088,USD millions,selected,committed_sec_reported_history,See Phase 2-3 lineage and Phase 4 historical bridge.,data/processed/nike_financials.csv,FS01;FS02;FS03,Derived operating income is not Nike-reported EBIT or segment EBIT.
actual,FY2025,2025-05-31,actual,derived_operating_income,Derived operating income,3702,USD millions,calculated,committed_sec_derived_history,See Phase 2-3 lineage and Phase 4 historical bridge.,data/processed/nike_financials.csv,FS01;FS02;FS03,Derived operating income is not Nike-reported EBIT or segment EBIT.
actual,FY2025,2025-05-31,actual,operating_margin,Derived operating margin,0.079941,decimal,calculated,committed_sec_derived_history,See Phase 2-3 lineage and Phase 4 historical bridge.,data/processed/nike_financials.csv,FS01;FS02;FS03,Derived operating income is not Nike-reported EBIT or segment EBIT.
actual,FY2025,2025-05-31,actual,normalized_tax_rate,Historical effective tax rate,0.1714285714285714285714285714,decimal,calculated,committed_sec_derived_history,See Phase 2-3 lineage and Phase 4 historical bridge.,data/processed/nike_financials.csv,FS01;FS02;FS03,Derived operating income is not Nike-reported EBIT or segment EBIT.
actual,FY2025,2025-05-31,actual,normalized_operating_tax_expense,Normalized operating tax expense,634.6285714285714285714285713,USD millions,calculated,committed_sec_derived_history,See Phase 2-3 lineage and Phase 4 historical bridge.,data/processed/nike_financials.csv,FS01;FS02;FS03,Derived operating income is not Nike-reported EBIT or segment EBIT.
actual,FY2025,2025-05-31,actual,nopat,NOPAT,3067.371428571428571428571429,USD millions,calculated,committed_sec_derived_history,See Phase 2-3 lineage and Phase 4 historical bridge.,data/processed/nike_financials.csv,FS01;FS02;FS03,Derived operating income is not Nike-reported EBIT or segment EBIT.
actual,FY2025,2025-05-31,actual,depreciation_and_amortization,Depreciation and amortization,775,USD millions,selected,committed_sec_reported_history,See Phase 2-3 lineage and Phase 4 historical bridge.,data/processed/nike_financials.csv,FS01;FS02;FS03,Derived operating income is not Nike-reported EBIT or segment EBIT.
actual,FY2025,2025-05-31,actual,da_percent_revenue,D&A as a percentage of revenue,0.01673540780409855535641020104,decimal,calculated,committed_sec_derived_history,See Phase 2-3 lineage and Phase 4 historical bridge.,data/processed/nike_financials.csv,FS01;FS02;FS03,Derived operating income is not Nike-reported EBIT or segment EBIT.
actual,FY2025,2025-05-31,actual,capital_expenditures,Capital expenditures,430,USD millions,selected,committed_sec_reported_history,See Phase 2-3 lineage and Phase 4 historical bridge.,data/processed/nike_financials.csv,FS01;FS02;FS03,Derived operating income is not Nike-reported EBIT or segment EBIT.
actual,FY2025,2025-05-31,actual,capex_percent_revenue,Capital expenditures as a percentage of revenue,0.009285452071951456520330821223,decimal,calculated,committed_sec_derived_history,See Phase 2-3 lineage and Phase 4 historical bridge.,data/processed/nike_financials.csv,FS01;FS02;FS03,Derived operating income is not Nike-reported EBIT or segment EBIT.
actual,FY2025,2025-05-31,actual,operating_nwc_proxy,Operating NWC proxy,4152,USD millions,calculated,committed_sec_derived_history,See Phase 2-3 lineage and Phase 4 historical bridge.,data/processed/nike_financials.csv,FS01;FS02;FS03,Derived operating income is not Nike-reported EBIT or segment EBIT.
actual,FY2025,2025-05-31,actual,operating_nwc_percent_revenue,Operating NWC as a percentage of revenue,0.08965859768079638947072923190,decimal,calculated,committed_sec_derived_history,See Phase 2-3 lineage and Phase 4 historical bridge.,data/processed/nike_financials.csv,FS01;FS02;FS03,Derived operating income is not Nike-reported EBIT or segment EBIT.
actual,FY2025,2025-05-31,actual,change_in_operating_nwc,Change in operating NWC,-538,USD millions,calculated,committed_sec_derived_history,See Phase 2-3 lineage and Phase 4 historical bridge.,data/processed/nike_financials.csv,FS01;FS02;FS03,Derived operating income is not Nike-reported EBIT or segment EBIT.
actual,FY2025,2025-05-31,actual,fcff,Free cash flow to the firm,3950.371428571428571428571429,USD millions,calculated,committed_sec_derived_history,See Phase 2-3 lineage and Phase 4 historical bridge.,data/processed/nike_financials.csv,FS01;FS02;FS03,Derived operating income is not Nike-reported EBIT or segment EBIT.
actual,FY2025,2025-05-31,actual,fcff_margin,FCFF margin,0.08530461527071257361265782956,decimal,calculated,committed_sec_derived_history,See Phase 2-3 lineage and Phase 4 historical bridge.,data/processed/nike_financials.csv,FS01;FS02;FS03,Derived operating income is not Nike-reported EBIT or segment EBIT.
actual,FY2026,2026-05-31,actual,revenue_growth,Revenue growth,0.001922,decimal,calculated,committed_sec_derived_history,See Phase 2-3 lineage and Phase 4 historical bridge.,data/processed/nike_financials.csv,FS01;FS02;FS03,Derived operating income is not Nike-reported EBIT or segment EBIT.
actual,FY2026,2026-05-31,actual,revenue,Revenue,46398,USD millions,selected,committed_sec_reported_history,See Phase 2-3 lineage and Phase 4 historical bridge.,data/processed/nike_financials.csv,FS01;FS02;FS03,Derived operating income is not Nike-reported EBIT or segment EBIT.
actual,FY2026,2026-05-31,actual,gross_margin,Gross margin,0.429135,decimal,calculated,committed_sec_derived_history,See Phase 2-3 lineage and Phase 4 historical bridge.,data/processed/nike_financials.csv,FS01;FS02;FS03,Derived operating income is not Nike-reported EBIT or segment EBIT.
actual,FY2026,2026-05-31,actual,gross_profit,Gross profit,19911,USD millions,selected,committed_sec_reported_history,See Phase 2-3 lineage and Phase 4 historical bridge.,data/processed/nike_financials.csv,FS01;FS02;FS03,Derived operating income is not Nike-reported EBIT or segment EBIT.
actual,FY2026,2026-05-31,actual,sga_percent_revenue,SG&A as a percentage of revenue,0.3472994525626104573472994526,decimal,calculated,committed_sec_derived_history,See Phase 2-3 lineage and Phase 4 historical bridge.,data/processed/nike_financials.csv,FS01;FS02;FS03,Derived operating income is not Nike-reported EBIT or segment EBIT.
actual,FY2026,2026-05-31,actual,total_selling_and_administrative_expense,Total SG&A,16114,USD millions,selected,committed_sec_reported_history,See Phase 2-3 lineage and Phase 4 historical bridge.,data/processed/nike_financials.csv,FS01;FS02;FS03,Derived operating income is not Nike-reported EBIT or segment EBIT.
actual,FY2026,2026-05-31,actual,derived_operating_income,Derived operating income,3797,USD millions,calculated,committed_sec_derived_history,See Phase 2-3 lineage and Phase 4 historical bridge.,data/processed/nike_financials.csv,FS01;FS02;FS03,Derived operating income is not Nike-reported EBIT or segment EBIT.
actual,FY2026,2026-05-31,actual,operating_margin,Derived operating margin,0.081835,decimal,calculated,committed_sec_derived_history,See Phase 2-3 lineage and Phase 4 historical bridge.,data/processed/nike_financials.csv,FS01;FS02;FS03,Derived operating income is not Nike-reported EBIT or segment EBIT.
actual,FY2026,2026-05-31,actual,normalized_tax_rate,Historical effective tax rate,0.2030769230769230769230769231,decimal,calculated,committed_sec_derived_history,See Phase 2-3 lineage and Phase 4 historical bridge.,data/processed/nike_financials.csv,FS01;FS02;FS03,Derived operating income is not Nike-reported EBIT or segment EBIT.
actual,FY2026,2026-05-31,actual,normalized_operating_tax_expense,Normalized operating tax expense,771.0830769230769230769230770,USD millions,calculated,committed_sec_derived_history,See Phase 2-3 lineage and Phase 4 historical bridge.,data/processed/nike_financials.csv,FS01;FS02;FS03,Derived operating income is not Nike-reported EBIT or segment EBIT.
actual,FY2026,2026-05-31,actual,nopat,NOPAT,3025.916923076923076923076923,USD millions,calculated,committed_sec_derived_history,See Phase 2-3 lineage and Phase 4 historical bridge.,data/processed/nike_financials.csv,FS01;FS02;FS03,Derived operating income is not Nike-reported EBIT or segment EBIT.
actual,FY2026,2026-05-31,actual,depreciation_and_amortization,Depreciation and amortization,747,USD millions,selected,committed_sec_reported_history,See Phase 2-3 lineage and Phase 4 historical bridge.,data/processed/nike_financials.csv,FS01;FS02;FS03,Derived operating income is not Nike-reported EBIT or segment EBIT.
actual,FY2026,2026-05-31,actual,da_percent_revenue,D&A as a percentage of revenue,0.01609983188930557351609983189,decimal,calculated,committed_sec_derived_history,See Phase 2-3 lineage and Phase 4 historical bridge.,data/processed/nike_financials.csv,FS01;FS02;FS03,Derived operating income is not Nike-reported EBIT or segment EBIT.
actual,FY2026,2026-05-31,actual,capital_expenditures,Capital expenditures,684,USD millions,selected,committed_sec_reported_history,See Phase 2-3 lineage and Phase 4 historical bridge.,data/processed/nike_financials.csv,FS01;FS02;FS03,Derived operating income is not Nike-reported EBIT or segment EBIT.
actual,FY2026,2026-05-31,actual,capex_percent_revenue,Capital expenditures as a percentage of revenue,0.01474201474201474201474201474,decimal,calculated,committed_sec_derived_history,See Phase 2-3 lineage and Phase 4 historical bridge.,data/processed/nike_financials.csv,FS01;FS02;FS03,Derived operating income is not Nike-reported EBIT or segment EBIT.
actual,FY2026,2026-05-31,actual,operating_nwc_proxy,Operating NWC proxy,5507,USD millions,calculated,committed_sec_derived_history,See Phase 2-3 lineage and Phase 4 historical bridge.,data/processed/nike_financials.csv,FS01;FS02;FS03,Derived operating income is not Nike-reported EBIT or segment EBIT.
actual,FY2026,2026-05-31,actual,operating_nwc_percent_revenue,Operating NWC as a percentage of revenue,0.1186904607957239536186904608,decimal,calculated,committed_sec_derived_history,See Phase 2-3 lineage and Phase 4 historical bridge.,data/processed/nike_financials.csv,FS01;FS02;FS03,Derived operating income is not Nike-reported EBIT or segment EBIT.
actual,FY2026,2026-05-31,actual,change_in_operating_nwc,Change in operating NWC,1355,USD millions,calculated,committed_sec_derived_history,See Phase 2-3 lineage and Phase 4 historical bridge.,data/processed/nike_financials.csv,FS01;FS02;FS03,Derived operating income is not Nike-reported EBIT or segment EBIT.
actual,FY2026,2026-05-31,actual,fcff,Free cash flow to the firm,1733.916923076923076923076923,USD millions,calculated,committed_sec_derived_history,See Phase 2-3 lineage and Phase 4 historical bridge.,data/processed/nike_financials.csv,FS01;FS02;FS03,Derived operating income is not Nike-reported EBIT or segment EBIT.
actual,FY2026,2026-05-31,actual,fcff_margin,FCFF margin,0.03737051000208894945737051000,decimal,calculated,committed_sec_derived_history,See Phase 2-3 lineage and Phase 4 historical bridge.,data/processed/nike_financials.csv,FS01;FS02;FS03,Derived operating income is not Nike-reported EBIT or segment EBIT.
base,FY2027,2027-05-31,forecast,revenue_growth,Revenue growth,-0.020,decimal,forecast_calculated,project_analyst_scenario,Approved project analyst scenario assumption.,revenue_growth,FS04,Project analyst scenario; no valuation or probability assigned.
base,FY2027,2027-05-31,forecast,revenue,Revenue,45470.040,USD millions,forecast_calculated,project_analyst_scenario,revenue_t_minus_1 * (1 + revenue_growth),prior_year_revenue;revenue_growth,FS04,Project analyst scenario; no valuation or probability assigned.
base,FY2027,2027-05-31,forecast,gross_margin,Gross margin,0.425,decimal,forecast_calculated,project_analyst_scenario,Approved project analyst scenario assumption.,gross_margin,FS03,Project analyst scenario; no valuation or probability assigned.
base,FY2027,2027-05-31,forecast,gross_profit,Gross profit,19324.767000,USD millions,forecast_calculated,project_analyst_scenario,revenue * gross_margin,revenue;gross_margin,FS03;FS04,Project analyst scenario; no valuation or probability assigned.
base,FY2027,2027-05-31,forecast,sga_percent_revenue,SG&A as a percentage of revenue,0.352,decimal,forecast_calculated,project_analyst_scenario,Approved project analyst scenario assumption.,sga_percent_revenue,FS04,Project analyst scenario; no valuation or probability assigned.
base,FY2027,2027-05-31,forecast,total_selling_and_administrative_expense,Total SG&A,16005.454080,USD millions,forecast_calculated,project_analyst_scenario,revenue * sga_percent_revenue,revenue;sga_percent_revenue,FS04,Project analyst scenario; no valuation or probability assigned.
base,FY2027,2027-05-31,forecast,derived_operating_income,Derived operating income,3319.312920,USD millions,forecast_calculated,project_analyst_scenario,gross_profit - total_selling_and_administrative_expense,gross_profit;total_selling_and_administrative_expense,FS03;FS04,Project analyst scenario; no valuation or probability assigned.
base,FY2027,2027-05-31,forecast,operating_margin,Derived operating margin,0.073,decimal,forecast_calculated,project_analyst_scenario,derived_operating_income / revenue,derived_operating_income;revenue,FS03;FS04,Project analyst scenario; no valuation or probability assigned.
base,FY2027,2027-05-31,forecast,normalized_tax_rate,Normalized operating tax rate,0.210,decimal,forecast_calculated,project_analyst_scenario,Approved project analyst scenario assumption.,normalized_tax_rate,FS04,Project analyst scenario; no valuation or probability assigned.
base,FY2027,2027-05-31,forecast,normalized_operating_tax_expense,Normalized operating tax expense,697.055713200,USD millions,forecast_calculated,project_analyst_scenario,"max(derived_operating_income, 0) * normalized_tax_rate",derived_operating_income;normalized_tax_rate,FS03;FS04,Project analyst scenario; no valuation or probability assigned.
base,FY2027,2027-05-31,forecast,nopat,NOPAT,2622.257206800,USD millions,forecast_calculated,project_analyst_scenario,derived_operating_income - normalized_operating_tax_expense,derived_operating_income;normalized_operating_tax_expense,FS03;FS04,Project analyst scenario; no valuation or probability assigned.
base,FY2027,2027-05-31,forecast,depreciation_and_amortization,Depreciation and amortization,727.520640,USD millions,forecast_calculated,project_analyst_scenario,revenue * da_percent_revenue,revenue;da_percent_revenue,FS01;FS04,Project analyst scenario; no valuation or probability assigned.
base,FY2027,2027-05-31,forecast,da_percent_revenue,D&A as a percentage of revenue,0.016,decimal,forecast_calculated,project_analyst_scenario,Approved project analyst scenario assumption.,da_percent_revenue,FS01,Project analyst scenario; no valuation or probability assigned.
base,FY2027,2027-05-31,forecast,capital_expenditures,Capital expenditures,682.050600,USD millions,forecast_calculated,project_analyst_scenario,revenue * capex_percent_revenue,revenue;capex_percent_revenue,FS01;FS04,Project analyst scenario; no valuation or probability assigned.
base,FY2027,2027-05-31,forecast,capex_percent_revenue,Capital expenditures as a percentage of revenue,0.015,decimal,forecast_calculated,project_analyst_scenario,Approved project analyst scenario assumption.,capex_percent_revenue,FS01,Project analyst scenario; no valuation or probability assigned.
base,FY2027,2027-05-31,forecast,operating_nwc_proxy,Operating NWC proxy,5047.174440,USD millions,forecast_calculated,project_analyst_scenario,revenue * operating_nwc_percent_revenue,revenue;operating_nwc_percent_revenue,FS03;FS04,Project analyst scenario; no valuation or probability assigned.
base,FY2027,2027-05-31,forecast,operating_nwc_percent_revenue,Operating NWC as a percentage of revenue,0.111,decimal,forecast_calculated,project_analyst_scenario,Approved project analyst scenario assumption.,operating_nwc_percent_revenue,FS03,Project analyst scenario; no valuation or probability assigned.
base,FY2027,2027-05-31,forecast,change_in_operating_nwc,Change in operating NWC,-459.825560,USD millions,forecast_calculated,project_analyst_scenario,operating_nwc_proxy_t - operating_nwc_proxy_t_minus_1,operating_nwc_proxy_t;operating_nwc_proxy_t_minus_1,FS03;FS04,Project analyst scenario; no valuation or probability assigned.
base,FY2027,2027-05-31,forecast,fcff,Free cash flow to the firm,3127.552806800,USD millions,forecast_calculated,project_analyst_scenario,nopat + depreciation_and_amortization - capital_expenditures - change_in_operating_nwc,nopat;depreciation_and_amortization;capital_expenditures;change_in_operating_nwc,FS01;FS03;FS04,Project analyst scenario; no valuation or probability assigned.
base,FY2027,2027-05-31,forecast,fcff_margin,FCFF margin,0.06878271509767750369254128653,decimal,forecast_calculated,project_analyst_scenario,fcff / revenue,fcff;revenue,FS01;FS03;FS04,Project analyst scenario; no valuation or probability assigned.
base,FY2028,2028-05-31,forecast,revenue_growth,Revenue growth,0.020,decimal,forecast_calculated,project_analyst_scenario,Approved project analyst scenario assumption.,revenue_growth,FS04,Project analyst scenario; no valuation or probability assigned.
base,FY2028,2028-05-31,forecast,revenue,Revenue,46379.440800,USD millions,forecast_calculated,project_analyst_scenario,revenue_t_minus_1 * (1 + revenue_growth),prior_year_revenue;revenue_growth,FS04,Project analyst scenario; no valuation or probability assigned.
base,FY2028,2028-05-31,forecast,gross_margin,Gross margin,0.432,decimal,forecast_calculated,project_analyst_scenario,Approved project analyst scenario assumption.,gross_margin,FS03,Project analyst scenario; no valuation or probability assigned.
base,FY2028,2028-05-31,forecast,gross_profit,Gross profit,20035.918425600,USD millions,forecast_calculated,project_analyst_scenario,revenue * gross_margin,revenue;gross_margin,FS03;FS04,Project analyst scenario; no valuation or probability assigned.
base,FY2028,2028-05-31,forecast,sga_percent_revenue,SG&A as a percentage of revenue,0.345,decimal,forecast_calculated,project_analyst_scenario,Approved project analyst scenario assumption.,sga_percent_revenue,FS04,Project analyst scenario; no valuation or probability assigned.
base,FY2028,2028-05-31,forecast,total_selling_and_administrative_expense,Total SG&A,16000.907076000,USD millions,forecast_calculated,project_analyst_scenario,revenue * sga_percent_revenue,revenue;sga_percent_revenue,FS04,Project analyst scenario; no valuation or probability assigned.
base,FY2028,2028-05-31,forecast,derived_operating_income,Derived operating income,4035.011349600,USD millions,forecast_calculated,project_analyst_scenario,gross_profit - total_selling_and_administrative_expense,gross_profit;total_selling_and_administrative_expense,FS03;FS04,Project analyst scenario; no valuation or probability assigned.
base,FY2028,2028-05-31,forecast,operating_margin,Derived operating margin,0.087,decimal,forecast_calculated,project_analyst_scenario,derived_operating_income / revenue,derived_operating_income;revenue,FS03;FS04,Project analyst scenario; no valuation or probability assigned.
base,FY2028,2028-05-31,forecast,normalized_tax_rate,Normalized operating tax rate,0.210,decimal,forecast_calculated,project_analyst_scenario,Approved project analyst scenario assumption.,normalized_tax_rate,FS04,Project analyst scenario; no valuation or probability assigned.
base,FY2028,2028-05-31,forecast,normalized_operating_tax_expense,Normalized operating tax expense,847.352383416000,USD millions,forecast_calculated,project_analyst_scenario,"max(derived_operating_income, 0) * normalized_tax_rate",derived_operating_income;normalized_tax_rate,FS03;FS04,Project analyst scenario; no valuation or probability assigned.
base,FY2028,2028-05-31,forecast,nopat,NOPAT,3187.658966184000,USD millions,forecast_calculated,project_analyst_scenario,derived_operating_income - normalized_operating_tax_expense,derived_operating_income;normalized_operating_tax_expense,FS03;FS04,Project analyst scenario; no valuation or probability assigned.
base,FY2028,2028-05-31,forecast,depreciation_and_amortization,Depreciation and amortization,742.071052800,USD millions,forecast_calculated,project_analyst_scenario,revenue * da_percent_revenue,revenue;da_percent_revenue,FS01;FS04,Project analyst scenario; no valuation or probability assigned.
base,FY2028,2028-05-31,forecast,da_percent_revenue,D&A as a percentage of revenue,0.016,decimal,forecast_calculated,project_analyst_scenario,Approved project analyst scenario assumption.,da_percent_revenue,FS01,Project analyst scenario; no valuation or probability assigned.
base,FY2028,2028-05-31,forecast,capital_expenditures,Capital expenditures,742.071052800,USD millions,forecast_calculated,project_analyst_scenario,revenue * capex_percent_revenue,revenue;capex_percent_revenue,FS01;FS04,Project analyst scenario; no valuation or probability assigned.
base,FY2028,2028-05-31,forecast,capex_percent_revenue,Capital expenditures as a percentage of revenue,0.016,decimal,forecast_calculated,project_analyst_scenario,Approved project analyst scenario assumption.,capex_percent_revenue,FS01,Project analyst scenario; no valuation or probability assigned.
base,FY2028,2028-05-31,forecast,operating_nwc_proxy,Operating NWC proxy,5008.979606400,USD millions,forecast_calculated,project_analyst_scenario,revenue * operating_nwc_percent_revenue,revenue;operating_nwc_percent_revenue,FS01;FS04,Project analyst scenario; no valuation or probability assigned.
base,FY2028,2028-05-31,forecast,operating_nwc_percent_revenue,Operating NWC as a percentage of revenue,0.108,decimal,forecast_calculated,project_analyst_scenario,Approved project analyst scenario assumption.,operating_nwc_percent_revenue,FS01,Project analyst scenario; no valuation or probability assigned.
base,FY2028,2028-05-31,forecast,change_in_operating_nwc,Change in operating NWC,-38.194833600,USD millions,forecast_calculated,project_analyst_scenario,operating_nwc_proxy_t - operating_nwc_proxy_t_minus_1,operating_nwc_proxy_t;operating_nwc_proxy_t_minus_1,FS01;FS04,Project analyst scenario; no valuation or probability assigned.
base,FY2028,2028-05-31,forecast,fcff,Free cash flow to the firm,3225.853799784000,USD millions,forecast_calculated,project_analyst_scenario,nopat + depreciation_and_amortization - capital_expenditures - change_in_operating_nwc,nopat;depreciation_and_amortization;capital_expenditures;change_in_operating_nwc,FS01;FS03;FS04,Project analyst scenario; no valuation or probability assigned.
base,FY2028,2028-05-31,forecast,fcff_margin,FCFF margin,0.06955352941176470588235294118,decimal,forecast_calculated,project_analyst_scenario,fcff / revenue,fcff;revenue,FS01;FS03;FS04,Project analyst scenario; no valuation or probability assigned.
base,FY2029,2029-05-31,forecast,revenue_growth,Revenue growth,0.035,decimal,forecast_calculated,project_analyst_scenario,Approved project analyst scenario assumption.,revenue_growth,FS04,Project analyst scenario; no valuation or probability assigned.
base,FY2029,2029-05-31,forecast,revenue,Revenue,48002.721228000,USD millions,forecast_calculated,project_analyst_scenario,revenue_t_minus_1 * (1 + revenue_growth),prior_year_revenue;revenue_growth,FS04,Project analyst scenario; no valuation or probability assigned.
base,FY2029,2029-05-31,forecast,gross_margin,Gross margin,0.440,decimal,forecast_calculated,project_analyst_scenario,Approved project analyst scenario assumption.,gross_margin,FS03,Project analyst scenario; no valuation or probability assigned.
base,FY2029,2029-05-31,forecast,gross_profit,Gross profit,21121.197340320000,USD millions,forecast_calculated,project_analyst_scenario,revenue * gross_margin,revenue;gross_margin,FS03;FS04,Project analyst scenario; no valuation or probability assigned.
base,FY2029,2029-05-31,forecast,sga_percent_revenue,SG&A as a percentage of revenue,0.338,decimal,forecast_calculated,project_analyst_scenario,Approved project analyst scenario assumption.,sga_percent_revenue,FS04,Project analyst scenario; no valuation or probability assigned.
base,FY2029,2029-05-31,forecast,total_selling_and_administrative_expense,Total SG&A,16224.919775064000,USD millions,forecast_calculated,project_analyst_scenario,revenue * sga_percent_revenue,revenue;sga_percent_revenue,FS04,Project analyst scenario; no valuation or probability assigned.
base,FY2029,2029-05-31,forecast,derived_operating_income,Derived operating income,4896.277565256000,USD millions,forecast_calculated,project_analyst_scenario,gross_profit - total_selling_and_administrative_expense,gross_profit;total_selling_and_administrative_expense,FS03;FS04,Project analyst scenario; no valuation or probability assigned.
base,FY2029,2029-05-31,forecast,operating_margin,Derived operating margin,0.102,decimal,forecast_calculated,project_analyst_scenario,derived_operating_income / revenue,derived_operating_income;revenue,FS03;FS04,Project analyst scenario; no valuation or probability assigned.
base,FY2029,2029-05-31,forecast,normalized_tax_rate,Normalized operating tax rate,0.210,decimal,forecast_calculated,project_analyst_scenario,Approved project analyst scenario assumption.,normalized_tax_rate,FS03,Project analyst scenario; no valuation or probability assigned.
base,FY2029,2029-05-31,forecast,normalized_operating_tax_expense,Normalized operating tax expense,1028.218288703760000,USD millions,forecast_calculated,project_analyst_scenario,"max(derived_operating_income, 0) * normalized_tax_rate",derived_operating_income;normalized_tax_rate,FS03;FS04,Project analyst scenario; no valuation or probability assigned.
base,FY2029,2029-05-31,forecast,nopat,NOPAT,3868.059276552240000,USD millions,forecast_calculated,project_analyst_scenario,derived_operating_income - normalized_operating_tax_expense,derived_operating_income;normalized_operating_tax_expense,FS03;FS04,Project analyst scenario; no valuation or probability assigned.
base,FY2029,2029-05-31,forecast,depreciation_and_amortization,Depreciation and amortization,768.043539648000,USD millions,forecast_calculated,project_analyst_scenario,revenue * da_percent_revenue,revenue;da_percent_revenue,FS01;FS04,Project analyst scenario; no valuation or probability assigned.
base,FY2029,2029-05-31,forecast,da_percent_revenue,D&A as a percentage of revenue,0.016,decimal,forecast_calculated,project_analyst_scenario,Approved project analyst scenario assumption.,da_percent_revenue,FS01,Project analyst scenario; no valuation or probability assigned.
base,FY2029,2029-05-31,forecast,capital_expenditures,Capital expenditures,816.046260876000,USD millions,forecast_calculated,project_analyst_scenario,revenue * capex_percent_revenue,revenue;capex_percent_revenue,FS01;FS04,Project analyst scenario; no valuation or probability assigned.
base,FY2029,2029-05-31,forecast,capex_percent_revenue,Capital expenditures as a percentage of revenue,0.017,decimal,forecast_calculated,project_analyst_scenario,Approved project analyst scenario assumption.,capex_percent_revenue,FS01,Project analyst scenario; no valuation or probability assigned.
base,FY2029,2029-05-31,forecast,operating_nwc_proxy,Operating NWC proxy,5040.285728940000,USD millions,forecast_calculated,project_analyst_scenario,revenue * operating_nwc_percent_revenue,revenue;operating_nwc_percent_revenue,FS01;FS04,Project analyst scenario; no valuation or probability assigned.
base,FY2029,2029-05-31,forecast,operating_nwc_percent_revenue,Operating NWC as a percentage of revenue,0.105,decimal,forecast_calculated,project_analyst_scenario,Approved project analyst scenario assumption.,operating_nwc_percent_revenue,FS01,Project analyst scenario; no valuation or probability assigned.
base,FY2029,2029-05-31,forecast,change_in_operating_nwc,Change in operating NWC,31.306122540000,USD millions,forecast_calculated,project_analyst_scenario,operating_nwc_proxy_t - operating_nwc_proxy_t_minus_1,operating_nwc_proxy_t;operating_nwc_proxy_t_minus_1,FS01;FS04,Project analyst scenario; no valuation or probability assigned.
base,FY2029,2029-05-31,forecast,fcff,Free cash flow to the firm,3788.750432784240000,USD millions,forecast_calculated,project_analyst_scenario,nopat + depreciation_and_amortization - capital_expenditures - change_in_operating_nwc,nopat;depreciation_and_amortization;capital_expenditures;change_in_operating_nwc,FS01;FS03;FS04,Project analyst scenario; no valuation or probability assigned.
base,FY2029,2029-05-31,forecast,fcff_margin,FCFF margin,0.07892782608695652173913043478,decimal,forecast_calculated,project_analyst_scenario,fcff / revenue,fcff;revenue,FS01;FS03;FS04,Project analyst scenario; no valuation or probability assigned.
base,FY2030,2030-05-31,forecast,revenue_growth,Revenue growth,0.040,decimal,forecast_calculated,project_analyst_scenario,Approved project analyst scenario assumption.,revenue_growth,FS04,Project analyst scenario; no valuation or probability assigned.
base,FY2030,2030-05-31,forecast,revenue,Revenue,49922.830077120000,USD millions,forecast_calculated,project_analyst_scenario,revenue_t_minus_1 * (1 + revenue_growth),prior_year_revenue;revenue_growth,FS04,Project analyst scenario; no valuation or probability assigned.
base,FY2030,2030-05-31,forecast,gross_margin,Gross margin,0.445,decimal,forecast_calculated,project_analyst_scenario,Approved project analyst scenario assumption.,gross_margin,FS03,Project analyst scenario; no valuation or probability assigned.
base,FY2030,2030-05-31,forecast,gross_profit,Gross profit,22215.659384318400000,USD millions,forecast_calculated,project_analyst_scenario,revenue * gross_margin,revenue;gross_margin,FS03;FS04,Project analyst scenario; no valuation or probability assigned.
base,FY2030,2030-05-31,forecast,sga_percent_revenue,SG&A as a percentage of revenue,0.332,decimal,forecast_calculated,project_analyst_scenario,Approved project analyst scenario assumption.,sga_percent_revenue,FS04,Project analyst scenario; no valuation or probability assigned.
base,FY2030,2030-05-31,forecast,total_selling_and_administrative_expense,Total SG&A,16574.379585603840000,USD millions,forecast_calculated,project_analyst_scenario,revenue * sga_percent_revenue,revenue;sga_percent_revenue,FS04,Project analyst scenario; no valuation or probability assigned.
base,FY2030,2030-05-31,forecast,derived_operating_income,Derived operating income,5641.279798714560000,USD millions,forecast_calculated,project_analyst_scenario,gross_profit - total_selling_and_administrative_expense,gross_profit;total_selling_and_administrative_expense,FS03;FS04,Project analyst scenario; no valuation or probability assigned.
base,FY2030,2030-05-31,forecast,operating_margin,Derived operating margin,0.113,decimal,forecast_calculated,project_analyst_scenario,derived_operating_income / revenue,derived_operating_income;revenue,FS03;FS04,Project analyst scenario; no valuation or probability assigned.
base,FY2030,2030-05-31,forecast,normalized_tax_rate,Normalized operating tax rate,0.210,decimal,forecast_calculated,project_analyst_scenario,Approved project analyst scenario assumption.,normalized_tax_rate,FS03,Project analyst scenario; no valuation or probability assigned.
base,FY2030,2030-05-31,forecast,normalized_operating_tax_expense,Normalized operating tax expense,1184.668757730057600000,USD millions,forecast_calculated,project_analyst_scenario,"max(derived_operating_income, 0) * normalized_tax_rate",derived_operating_income;normalized_tax_rate,FS03;FS04,Project analyst scenario; no valuation or probability assigned.
base,FY2030,2030-05-31,forecast,nopat,NOPAT,4456.611040984502400000,USD millions,forecast_calculated,project_analyst_scenario,derived_operating_income - normalized_operating_tax_expense,derived_operating_income;normalized_operating_tax_expense,FS03;FS04,Project analyst scenario; no valuation or probability assigned.
base,FY2030,2030-05-31,forecast,depreciation_and_amortization,Depreciation and amortization,798.765281233920000,USD millions,forecast_calculated,project_analyst_scenario,revenue * da_percent_revenue,revenue;da_percent_revenue,FS01;FS04,Project analyst scenario; no valuation or probability assigned.
base,FY2030,2030-05-31,forecast,da_percent_revenue,D&A as a percentage of revenue,0.016,decimal,forecast_calculated,project_analyst_scenario,Approved project analyst scenario assumption.,da_percent_revenue,FS01,Project analyst scenario; no valuation or probability assigned.
base,FY2030,2030-05-31,forecast,capital_expenditures,Capital expenditures,848.688111311040000,USD millions,forecast_calculated,project_analyst_scenario,revenue * capex_percent_revenue,revenue;capex_percent_revenue,FS01;FS04,Project analyst scenario; no valuation or probability assigned.
base,FY2030,2030-05-31,forecast,capex_percent_revenue,Capital expenditures as a percentage of revenue,0.017,decimal,forecast_calculated,project_analyst_scenario,Approved project analyst scenario assumption.,capex_percent_revenue,FS01,Project analyst scenario; no valuation or probability assigned.
base,FY2030,2030-05-31,forecast,operating_nwc_proxy,Operating NWC proxy,5092.128667866240000,USD millions,forecast_calculated,project_analyst_scenario,revenue * operating_nwc_percent_revenue,revenue;operating_nwc_percent_revenue,FS01;FS04,Project analyst scenario; no valuation or probability assigned.
base,FY2030,2030-05-31,forecast,operating_nwc_percent_revenue,Operating NWC as a percentage of revenue,0.102,decimal,forecast_calculated,project_analyst_scenario,Approved project analyst scenario assumption.,operating_nwc_percent_revenue,FS01,Project analyst scenario; no valuation or probability assigned.
base,FY2030,2030-05-31,forecast,change_in_operating_nwc,Change in operating NWC,51.842938926240000,USD millions,forecast_calculated,project_analyst_scenario,operating_nwc_proxy_t - operating_nwc_proxy_t_minus_1,operating_nwc_proxy_t;operating_nwc_proxy_t_minus_1,FS01;FS04,Project analyst scenario; no valuation or probability assigned.
base,FY2030,2030-05-31,forecast,fcff,Free cash flow to the firm,4354.845271981142400000,USD millions,forecast_calculated,project_analyst_scenario,nopat + depreciation_and_amortization - capital_expenditures - change_in_operating_nwc,nopat;depreciation_and_amortization;capital_expenditures;change_in_operating_nwc,FS01;FS03;FS04,Project analyst scenario; no valuation or probability assigned.
base,FY2030,2030-05-31,forecast,fcff_margin,FCFF margin,0.08723153846153846153846153846,decimal,forecast_calculated,project_analyst_scenario,fcff / revenue,fcff;revenue,FS01;FS03;FS04,Project analyst scenario; no valuation or probability assigned.
base,FY2031,2031-05-31,forecast,revenue_growth,Revenue growth,0.030,decimal,forecast_calculated,project_analyst_scenario,Approved project analyst scenario assumption.,revenue_growth,FS01,Project analyst scenario; no valuation or probability assigned.
base,FY2031,2031-05-31,forecast,revenue,Revenue,51420.514979433600000,USD millions,forecast_calculated,project_analyst_scenario,revenue_t_minus_1 * (1 + revenue_growth),prior_year_revenue;revenue_growth,FS01,Project analyst scenario; no valuation or probability assigned.
base,FY2031,2031-05-31,forecast,gross_margin,Gross margin,0.448,decimal,forecast_calculated,project_analyst_scenario,Approved project analyst scenario assumption.,gross_margin,FS03,Project analyst scenario; no valuation or probability assigned.
base,FY2031,2031-05-31,forecast,gross_profit,Gross profit,23036.390710786252800000,USD millions,forecast_calculated,project_analyst_scenario,revenue * gross_margin,revenue;gross_margin,FS01;FS03,Project analyst scenario; no valuation or probability assigned.
base,FY2031,2031-05-31,forecast,sga_percent_revenue,SG&A as a percentage of revenue,0.328,decimal,forecast_calculated,project_analyst_scenario,Approved project analyst scenario assumption.,sga_percent_revenue,FS04,Project analyst scenario; no valuation or probability assigned.
base,FY2031,2031-05-31,forecast,total_selling_and_administrative_expense,Total SG&A,16865.928913254220800000,USD millions,forecast_calculated,project_analyst_scenario,revenue * sga_percent_revenue,revenue;sga_percent_revenue,FS01;FS04,Project analyst scenario; no valuation or probability assigned.
base,FY2031,2031-05-31,forecast,derived_operating_income,Derived operating income,6170.461797532032000000,USD millions,forecast_calculated,project_analyst_scenario,gross_profit - total_selling_and_administrative_expense,gross_profit;total_selling_and_administrative_expense,FS01;FS03;FS04,Project analyst scenario; no valuation or probability assigned.
base,FY2031,2031-05-31,forecast,operating_margin,Derived operating margin,0.120,decimal,forecast_calculated,project_analyst_scenario,derived_operating_income / revenue,derived_operating_income;revenue,FS03;FS04,Project analyst scenario; no valuation or probability assigned.
base,FY2031,2031-05-31,forecast,normalized_tax_rate,Normalized operating tax rate,0.210,decimal,forecast_calculated,project_analyst_scenario,Approved project analyst scenario assumption.,normalized_tax_rate,FS03,Project analyst scenario; no valuation or probability assigned.
base,FY2031,2031-05-31,forecast,normalized_operating_tax_expense,Normalized operating tax expense,1295.796977481726720000000,USD millions,forecast_calculated,project_analyst_scenario,"max(derived_operating_income, 0) * normalized_tax_rate",derived_operating_income;normalized_tax_rate,FS01;FS03;FS04,Project analyst scenario; no valuation or probability assigned.
base,FY2031,2031-05-31,forecast,nopat,NOPAT,4874.664820050305280000000,USD millions,forecast_calculated,project_analyst_scenario,derived_operating_income - normalized_operating_tax_expense,derived_operating_income;normalized_operating_tax_expense,FS01;FS03;FS04,Project analyst scenario; no valuation or probability assigned.
base,FY2031,2031-05-31,forecast,depreciation_and_amortization,Depreciation and amortization,822.728239670937600000,USD millions,forecast_calculated,project_analyst_scenario,revenue * da_percent_revenue,revenue;da_percent_revenue,FS01,Project analyst scenario; no valuation or probability assigned.
base,FY2031,2031-05-31,forecast,da_percent_revenue,D&A as a percentage of revenue,0.016,decimal,forecast_calculated,project_analyst_scenario,Approved project analyst scenario assumption.,da_percent_revenue,FS01,Project analyst scenario; no valuation or probability assigned.
base,FY2031,2031-05-31,forecast,capital_expenditures,Capital expenditures,874.148754650371200000,USD millions,forecast_calculated,project_analyst_scenario,revenue * capex_percent_revenue,revenue;capex_percent_revenue,FS01,Project analyst scenario; no valuation or probability assigned.
base,FY2031,2031-05-31,forecast,capex_percent_revenue,Capital expenditures as a percentage of revenue,0.017,decimal,forecast_calculated,project_analyst_scenario,Approved project analyst scenario assumption.,capex_percent_revenue,FS01,Project analyst scenario; no valuation or probability assigned.
base,FY2031,2031-05-31,forecast,operating_nwc_proxy,Operating NWC proxy,5142.051497943360000000,USD millions,forecast_calculated,project_analyst_scenario,revenue * operating_nwc_percent_revenue,revenue;operating_nwc_percent_revenue,FS01,Project analyst scenario; no valuation or probability assigned.
base,FY2031,2031-05-31,forecast,operating_nwc_percent_revenue,Operating NWC as a percentage of revenue,0.100,decimal,forecast_calculated,project_analyst_scenario,Approved project analyst scenario assumption.,operating_nwc_percent_revenue,FS01,Project analyst scenario; no valuation or probability assigned.
base,FY2031,2031-05-31,forecast,change_in_operating_nwc,Change in operating NWC,49.922830077120000000,USD millions,forecast_calculated,project_analyst_scenario,operating_nwc_proxy_t - operating_nwc_proxy_t_minus_1,operating_nwc_proxy_t;operating_nwc_proxy_t_minus_1,FS01,Project analyst scenario; no valuation or probability assigned.
base,FY2031,2031-05-31,forecast,fcff,Free cash flow to the firm,4773.321474993751680000000,USD millions,forecast_calculated,project_analyst_scenario,nopat + depreciation_and_amortization - capital_expenditures - change_in_operating_nwc,nopat;depreciation_and_amortization;capital_expenditures;change_in_operating_nwc,FS01;FS03;FS04,Project analyst scenario; no valuation or probability assigned.
base,FY2031,2031-05-31,forecast,fcff_margin,FCFF margin,0.09282912621359223300970873786,decimal,forecast_calculated,project_analyst_scenario,fcff / revenue,fcff;revenue,FS01;FS03;FS04,Project analyst scenario; no valuation or probability assigned.
bull,FY2027,2027-05-31,forecast,revenue_growth,Revenue growth,0.005,decimal,forecast_calculated,project_analyst_scenario,Approved project analyst scenario assumption.,revenue_growth,FS04,Project analyst scenario; no valuation or probability assigned.
bull,FY2027,2027-05-31,forecast,revenue,Revenue,46629.990,USD millions,forecast_calculated,project_analyst_scenario,revenue_t_minus_1 * (1 + revenue_growth),prior_year_revenue;revenue_growth,FS04,Project analyst scenario; no valuation or probability assigned.
bull,FY2027,2027-05-31,forecast,gross_margin,Gross margin,0.430,decimal,forecast_calculated,project_analyst_scenario,Approved project analyst scenario assumption.,gross_margin,FS03,Project analyst scenario; no valuation or probability assigned.
bull,FY2027,2027-05-31,forecast,gross_profit,Gross profit,20050.895700,USD millions,forecast_calculated,project_analyst_scenario,revenue * gross_margin,revenue;gross_margin,FS03;FS04,Project analyst scenario; no valuation or probability assigned.
bull,FY2027,2027-05-31,forecast,sga_percent_revenue,SG&A as a percentage of revenue,0.348,decimal,forecast_calculated,project_analyst_scenario,Approved project analyst scenario assumption.,sga_percent_revenue,FS04,Project analyst scenario; no valuation or probability assigned.
bull,FY2027,2027-05-31,forecast,total_selling_and_administrative_expense,Total SG&A,16227.236520,USD millions,forecast_calculated,project_analyst_scenario,revenue * sga_percent_revenue,revenue;sga_percent_revenue,FS04,Project analyst scenario; no valuation or probability assigned.
bull,FY2027,2027-05-31,forecast,derived_operating_income,Derived operating income,3823.659180,USD millions,forecast_calculated,project_analyst_scenario,gross_profit - total_selling_and_administrative_expense,gross_profit;total_selling_and_administrative_expense,FS03;FS04,Project analyst scenario; no valuation or probability assigned.
bull,FY2027,2027-05-31,forecast,operating_margin,Derived operating margin,0.082,decimal,forecast_calculated,project_analyst_scenario,derived_operating_income / revenue,derived_operating_income;revenue,FS03;FS04,Project analyst scenario; no valuation or probability assigned.
bull,FY2027,2027-05-31,forecast,normalized_tax_rate,Normalized operating tax rate,0.210,decimal,forecast_calculated,project_analyst_scenario,Approved project analyst scenario assumption.,normalized_tax_rate,FS04,Project analyst scenario; no valuation or probability assigned.
bull,FY2027,2027-05-31,forecast,normalized_operating_tax_expense,Normalized operating tax expense,802.968427800,USD millions,forecast_calculated,project_analyst_scenario,"max(derived_operating_income, 0) * normalized_tax_rate",derived_operating_income;normalized_tax_rate,FS03;FS04,Project analyst scenario; no valuation or probability assigned.
bull,FY2027,2027-05-31,forecast,nopat,NOPAT,3020.690752200,USD millions,forecast_calculated,project_analyst_scenario,derived_operating_income - normalized_operating_tax_expense,derived_operating_income;normalized_operating_tax_expense,FS03;FS04,Project analyst scenario; no valuation or probability assigned.
bull,FY2027,2027-05-31,forecast,depreciation_and_amortization,Depreciation and amortization,746.079840,USD millions,forecast_calculated,project_analyst_scenario,revenue * da_percent_revenue,revenue;da_percent_revenue,FS01;FS04,Project analyst scenario; no valuation or probability assigned.
bull,FY2027,2027-05-31,forecast,da_percent_revenue,D&A as a percentage of revenue,0.016,decimal,forecast_calculated,project_analyst_scenario,Approved project analyst scenario assumption.,da_percent_revenue,FS01,Project analyst scenario; no valuation or probability assigned.
bull,FY2027,2027-05-31,forecast,capital_expenditures,Capital expenditures,792.709830,USD millions,forecast_calculated,project_analyst_scenario,revenue * capex_percent_revenue,revenue;capex_percent_revenue,FS01;FS04,Project analyst scenario; no valuation or probability assigned.
bull,FY2027,2027-05-31,forecast,capex_percent_revenue,Capital expenditures as a percentage of revenue,0.017,decimal,forecast_calculated,project_analyst_scenario,Approved project analyst scenario assumption.,capex_percent_revenue,FS01,Project analyst scenario; no valuation or probability assigned.
bull,FY2027,2027-05-31,forecast,operating_nwc_proxy,Operating NWC proxy,5036.038920,USD millions,forecast_calculated,project_analyst_scenario,revenue * operating_nwc_percent_revenue,revenue;operating_nwc_percent_revenue,FS03;FS04,Project analyst scenario; no valuation or probability assigned.
bull,FY2027,2027-05-31,forecast,operating_nwc_percent_revenue,Operating NWC as a percentage of revenue,0.108,decimal,forecast_calculated,project_analyst_scenario,Approved project analyst scenario assumption.,operating_nwc_percent_revenue,FS03,Project analyst scenario; no valuation or probability assigned.
bull,FY2027,2027-05-31,forecast,change_in_operating_nwc,Change in operating NWC,-470.961080,USD millions,forecast_calculated,project_analyst_scenario,operating_nwc_proxy_t - operating_nwc_proxy_t_minus_1,operating_nwc_proxy_t;operating_nwc_proxy_t_minus_1,FS03;FS04,Project analyst scenario; no valuation or probability assigned.
bull,FY2027,2027-05-31,forecast,fcff,Free cash flow to the firm,3445.021842200,USD millions,forecast_calculated,project_analyst_scenario,nopat + depreciation_and_amortization - capital_expenditures - change_in_operating_nwc,nopat;depreciation_and_amortization;capital_expenditures;change_in_operating_nwc,FS01;FS03;FS04,Project analyst scenario; no valuation or probability assigned.
bull,FY2027,2027-05-31,forecast,fcff_margin,FCFF margin,0.07387996099077010310317458786,decimal,forecast_calculated,project_analyst_scenario,fcff / revenue,fcff;revenue,FS01;FS03;FS04,Project analyst scenario; no valuation or probability assigned.
bull,FY2028,2028-05-31,forecast,revenue_growth,Revenue growth,0.040,decimal,forecast_calculated,project_analyst_scenario,Approved project analyst scenario assumption.,revenue_growth,FS04,Project analyst scenario; no valuation or probability assigned.
bull,FY2028,2028-05-31,forecast,revenue,Revenue,48495.189600,USD millions,forecast_calculated,project_analyst_scenario,revenue_t_minus_1 * (1 + revenue_growth),prior_year_revenue;revenue_growth,FS04,Project analyst scenario; no valuation or probability assigned.
bull,FY2028,2028-05-31,forecast,gross_margin,Gross margin,0.440,decimal,forecast_calculated,project_analyst_scenario,Approved project analyst scenario assumption.,gross_margin,FS03,Project analyst scenario; no valuation or probability assigned.
bull,FY2028,2028-05-31,forecast,gross_profit,Gross profit,21337.883424000,USD millions,forecast_calculated,project_analyst_scenario,revenue * gross_margin,revenue;gross_margin,FS03;FS04,Project analyst scenario; no valuation or probability assigned.
bull,FY2028,2028-05-31,forecast,sga_percent_revenue,SG&A as a percentage of revenue,0.340,decimal,forecast_calculated,project_analyst_scenario,Approved project analyst scenario assumption.,sga_percent_revenue,FS04,Project analyst scenario; no valuation or probability assigned.
bull,FY2028,2028-05-31,forecast,total_selling_and_administrative_expense,Total SG&A,16488.364464000,USD millions,forecast_calculated,project_analyst_scenario,revenue * sga_percent_revenue,revenue;sga_percent_revenue,FS04,Project analyst scenario; no valuation or probability assigned.
bull,FY2028,2028-05-31,forecast,derived_operating_income,Derived operating income,4849.518960000,USD millions,forecast_calculated,project_analyst_scenario,gross_profit - total_selling_and_administrative_expense,gross_profit;total_selling_and_administrative_expense,FS03;FS04,Project analyst scenario; no valuation or probability assigned.
bull,FY2028,2028-05-31,forecast,operating_margin,Derived operating margin,0.100,decimal,forecast_calculated,project_analyst_scenario,derived_operating_income / revenue,derived_operating_income;revenue,FS03;FS04,Project analyst scenario; no valuation or probability assigned.
bull,FY2028,2028-05-31,forecast,normalized_tax_rate,Normalized operating tax rate,0.210,decimal,forecast_calculated,project_analyst_scenario,Approved project analyst scenario assumption.,normalized_tax_rate,FS03,Project analyst scenario; no valuation or probability assigned.
bull,FY2028,2028-05-31,forecast,normalized_operating_tax_expense,Normalized operating tax expense,1018.398981600000,USD millions,forecast_calculated,project_analyst_scenario,"max(derived_operating_income, 0) * normalized_tax_rate",derived_operating_income;normalized_tax_rate,FS03;FS04,Project analyst scenario; no valuation or probability assigned.
bull,FY2028,2028-05-31,forecast,nopat,NOPAT,3831.119978400000,USD millions,forecast_calculated,project_analyst_scenario,derived_operating_income - normalized_operating_tax_expense,derived_operating_income;normalized_operating_tax_expense,FS03;FS04,Project analyst scenario; no valuation or probability assigned.
bull,FY2028,2028-05-31,forecast,depreciation_and_amortization,Depreciation and amortization,775.923033600,USD millions,forecast_calculated,project_analyst_scenario,revenue * da_percent_revenue,revenue;da_percent_revenue,FS01;FS04,Project analyst scenario; no valuation or probability assigned.
bull,FY2028,2028-05-31,forecast,da_percent_revenue,D&A as a percentage of revenue,0.016,decimal,forecast_calculated,project_analyst_scenario,Approved project analyst scenario assumption.,da_percent_revenue,FS01,Project analyst scenario; no valuation or probability assigned.
bull,FY2028,2028-05-31,forecast,capital_expenditures,Capital expenditures,872.913412800,USD millions,forecast_calculated,project_analyst_scenario,revenue * capex_percent_revenue,revenue;capex_percent_revenue,FS01;FS04,Project analyst scenario; no valuation or probability assigned.
bull,FY2028,2028-05-31,forecast,capex_percent_revenue,Capital expenditures as a percentage of revenue,0.018,decimal,forecast_calculated,project_analyst_scenario,Approved project analyst scenario assumption.,capex_percent_revenue,FS01,Project analyst scenario; no valuation or probability assigned.
bull,FY2028,2028-05-31,forecast,operating_nwc_proxy,Operating NWC proxy,5043.499718400,USD millions,forecast_calculated,project_analyst_scenario,revenue * operating_nwc_percent_revenue,revenue;operating_nwc_percent_revenue,FS01;FS04,Project analyst scenario; no valuation or probability assigned.
bull,FY2028,2028-05-31,forecast,operating_nwc_percent_revenue,Operating NWC as a percentage of revenue,0.104,decimal,forecast_calculated,project_analyst_scenario,Approved project analyst scenario assumption.,operating_nwc_percent_revenue,FS01,Project analyst scenario; no valuation or probability assigned.
bull,FY2028,2028-05-31,forecast,change_in_operating_nwc,Change in operating NWC,7.460798400,USD millions,forecast_calculated,project_analyst_scenario,operating_nwc_proxy_t - operating_nwc_proxy_t_minus_1,operating_nwc_proxy_t;operating_nwc_proxy_t_minus_1,FS01;FS04,Project analyst scenario; no valuation or probability assigned.
bull,FY2028,2028-05-31,forecast,fcff,Free cash flow to the firm,3726.668800800000,USD millions,forecast_calculated,project_analyst_scenario,nopat + depreciation_and_amortization - capital_expenditures - change_in_operating_nwc,nopat;depreciation_and_amortization;capital_expenditures;change_in_operating_nwc,FS01;FS03;FS04,Project analyst scenario; no valuation or probability assigned.
bull,FY2028,2028-05-31,forecast,fcff_margin,FCFF margin,0.07684615384615384615384615385,decimal,forecast_calculated,project_analyst_scenario,fcff / revenue,fcff;revenue,FS01;FS03;FS04,Project analyst scenario; no valuation or probability assigned.
bull,FY2029,2029-05-31,forecast,revenue_growth,Revenue growth,0.050,decimal,forecast_calculated,project_analyst_scenario,Approved project analyst scenario assumption.,revenue_growth,FS04,Project analyst scenario; no valuation or probability assigned.
bull,FY2029,2029-05-31,forecast,revenue,Revenue,50919.949080000,USD millions,forecast_calculated,project_analyst_scenario,revenue_t_minus_1 * (1 + revenue_growth),prior_year_revenue;revenue_growth,FS04,Project analyst scenario; no valuation or probability assigned.
bull,FY2029,2029-05-31,forecast,gross_margin,Gross margin,0.450,decimal,forecast_calculated,project_analyst_scenario,Approved project analyst scenario assumption.,gross_margin,FS03,Project analyst scenario; no valuation or probability assigned.
bull,FY2029,2029-05-31,forecast,gross_profit,Gross profit,22913.977086000000,USD millions,forecast_calculated,project_analyst_scenario,revenue * gross_margin,revenue;gross_margin,FS03;FS04,Project analyst scenario; no valuation or probability assigned.
bull,FY2029,2029-05-31,forecast,sga_percent_revenue,SG&A as a percentage of revenue,0.330,decimal,forecast_calculated,project_analyst_scenario,Approved project analyst scenario assumption.,sga_percent_revenue,FS04,Project analyst scenario; no valuation or probability assigned.
bull,FY2029,2029-05-31,forecast,total_selling_and_administrative_expense,Total SG&A,16803.583196400000,USD millions,forecast_calculated,project_analyst_scenario,revenue * sga_percent_revenue,revenue;sga_percent_revenue,FS04,Project analyst scenario; no valuation or probability assigned.
bull,FY2029,2029-05-31,forecast,derived_operating_income,Derived operating income,6110.393889600000,USD millions,forecast_calculated,project_analyst_scenario,gross_profit - total_selling_and_administrative_expense,gross_profit;total_selling_and_administrative_expense,FS03;FS04,Project analyst scenario; no valuation or probability assigned.
bull,FY2029,2029-05-31,forecast,operating_margin,Derived operating margin,0.120,decimal,forecast_calculated,project_analyst_scenario,derived_operating_income / revenue,derived_operating_income;revenue,FS03;FS04,Project analyst scenario; no valuation or probability assigned.
bull,FY2029,2029-05-31,forecast,normalized_tax_rate,Normalized operating tax rate,0.210,decimal,forecast_calculated,project_analyst_scenario,Approved project analyst scenario assumption.,normalized_tax_rate,FS03,Project analyst scenario; no valuation or probability assigned.
bull,FY2029,2029-05-31,forecast,normalized_operating_tax_expense,Normalized operating tax expense,1283.182716816000000,USD millions,forecast_calculated,project_analyst_scenario,"max(derived_operating_income, 0) * normalized_tax_rate",derived_operating_income;normalized_tax_rate,FS03;FS04,Project analyst scenario; no valuation or probability assigned.
bull,FY2029,2029-05-31,forecast,nopat,NOPAT,4827.211172784000000,USD millions,forecast_calculated,project_analyst_scenario,derived_operating_income - normalized_operating_tax_expense,derived_operating_income;normalized_operating_tax_expense,FS03;FS04,Project analyst scenario; no valuation or probability assigned.
bull,FY2029,2029-05-31,forecast,depreciation_and_amortization,Depreciation and amortization,814.719185280000,USD millions,forecast_calculated,project_analyst_scenario,revenue * da_percent_revenue,revenue;da_percent_revenue,FS01;FS04,Project analyst scenario; no valuation or probability assigned.
bull,FY2029,2029-05-31,forecast,da_percent_revenue,D&A as a percentage of revenue,0.016,decimal,forecast_calculated,project_analyst_scenario,Approved project analyst scenario assumption.,da_percent_revenue,FS01,Project analyst scenario; no valuation or probability assigned.
bull,FY2029,2029-05-31,forecast,capital_expenditures,Capital expenditures,967.479032520000,USD millions,forecast_calculated,project_analyst_scenario,revenue * capex_percent_revenue,revenue;capex_percent_revenue,FS01;FS04,Project analyst scenario; no valuation or probability assigned.
bull,FY2029,2029-05-31,forecast,capex_percent_revenue,Capital expenditures as a percentage of revenue,0.019,decimal,forecast_calculated,project_analyst_scenario,Approved project analyst scenario assumption.,capex_percent_revenue,FS01,Project analyst scenario; no valuation or probability assigned.
bull,FY2029,2029-05-31,forecast,operating_nwc_proxy,Operating NWC proxy,5091.994908000000,USD millions,forecast_calculated,project_analyst_scenario,revenue * operating_nwc_percent_revenue,revenue;operating_nwc_percent_revenue,FS01;FS04,Project analyst scenario; no valuation or probability assigned.
bull,FY2029,2029-05-31,forecast,operating_nwc_percent_revenue,Operating NWC as a percentage of revenue,0.100,decimal,forecast_calculated,project_analyst_scenario,Approved project analyst scenario assumption.,operating_nwc_percent_revenue,FS01,Project analyst scenario; no valuation or probability assigned.
bull,FY2029,2029-05-31,forecast,change_in_operating_nwc,Change in operating NWC,48.495189600000,USD millions,forecast_calculated,project_analyst_scenario,operating_nwc_proxy_t - operating_nwc_proxy_t_minus_1,operating_nwc_proxy_t;operating_nwc_proxy_t_minus_1,FS01;FS04,Project analyst scenario; no valuation or probability assigned.
bull,FY2029,2029-05-31,forecast,fcff,Free cash flow to the firm,4625.956135944000000,USD millions,forecast_calculated,project_analyst_scenario,nopat + depreciation_and_amortization - capital_expenditures - change_in_operating_nwc,nopat;depreciation_and_amortization;capital_expenditures;change_in_operating_nwc,FS01;FS03;FS04,Project analyst scenario; no valuation or probability assigned.
bull,FY2029,2029-05-31,forecast,fcff_margin,FCFF margin,0.09084761904761904761904761905,decimal,forecast_calculated,project_analyst_scenario,fcff / revenue,fcff;revenue,FS01;FS03;FS04,Project analyst scenario; no valuation or probability assigned.
bull,FY2030,2030-05-31,forecast,revenue_growth,Revenue growth,0.050,decimal,forecast_calculated,project_analyst_scenario,Approved project analyst scenario assumption.,revenue_growth,FS04,Project analyst scenario; no valuation or probability assigned.
bull,FY2030,2030-05-31,forecast,revenue,Revenue,53465.946534000000,USD millions,forecast_calculated,project_analyst_scenario,revenue_t_minus_1 * (1 + revenue_growth),prior_year_revenue;revenue_growth,FS04,Project analyst scenario; no valuation or probability assigned.
bull,FY2030,2030-05-31,forecast,gross_margin,Gross margin,0.455,decimal,forecast_calculated,project_analyst_scenario,Approved project analyst scenario assumption.,gross_margin,FS03,Project analyst scenario; no valuation or probability assigned.
bull,FY2030,2030-05-31,forecast,gross_profit,Gross profit,24327.005672970000000,USD millions,forecast_calculated,project_analyst_scenario,revenue * gross_margin,revenue;gross_margin,FS03;FS04,Project analyst scenario; no valuation or probability assigned.
bull,FY2030,2030-05-31,forecast,sga_percent_revenue,SG&A as a percentage of revenue,0.322,decimal,forecast_calculated,project_analyst_scenario,Approved project analyst scenario assumption.,sga_percent_revenue,FS04,Project analyst scenario; no valuation or probability assigned.
bull,FY2030,2030-05-31,forecast,total_selling_and_administrative_expense,Total SG&A,17216.034783948000000,USD millions,forecast_calculated,project_analyst_scenario,revenue * sga_percent_revenue,revenue;sga_percent_revenue,FS04,Project analyst scenario; no valuation or probability assigned.
bull,FY2030,2030-05-31,forecast,derived_operating_income,Derived operating income,7110.970889022000000,USD millions,forecast_calculated,project_analyst_scenario,gross_profit - total_selling_and_administrative_expense,gross_profit;total_selling_and_administrative_expense,FS03;FS04,Project analyst scenario; no valuation or probability assigned.
bull,FY2030,2030-05-31,forecast,operating_margin,Derived operating margin,0.133,decimal,forecast_calculated,project_analyst_scenario,derived_operating_income / revenue,derived_operating_income;revenue,FS03;FS04,Project analyst scenario; no valuation or probability assigned.
bull,FY2030,2030-05-31,forecast,normalized_tax_rate,Normalized operating tax rate,0.210,decimal,forecast_calculated,project_analyst_scenario,Approved project analyst scenario assumption.,normalized_tax_rate,FS03,Project analyst scenario; no valuation or probability assigned.
bull,FY2030,2030-05-31,forecast,normalized_operating_tax_expense,Normalized operating tax expense,1493.303886694620000000,USD millions,forecast_calculated,project_analyst_scenario,"max(derived_operating_income, 0) * normalized_tax_rate",derived_operating_income;normalized_tax_rate,FS03;FS04,Project analyst scenario; no valuation or probability assigned.
bull,FY2030,2030-05-31,forecast,nopat,NOPAT,5617.667002327380000000,USD millions,forecast_calculated,project_analyst_scenario,derived_operating_income - normalized_operating_tax_expense,derived_operating_income;normalized_operating_tax_expense,FS03;FS04,Project analyst scenario; no valuation or probability assigned.
bull,FY2030,2030-05-31,forecast,depreciation_and_amortization,Depreciation and amortization,908.921091078000000,USD millions,forecast_calculated,project_analyst_scenario,revenue * da_percent_revenue,revenue;da_percent_revenue,FS01;FS04,Project analyst scenario; no valuation or probability assigned.
bull,FY2030,2030-05-31,forecast,da_percent_revenue,D&A as a percentage of revenue,0.017,decimal,forecast_calculated,project_analyst_scenario,Approved project analyst scenario assumption.,da_percent_revenue,FS01,Project analyst scenario; no valuation or probability assigned.
bull,FY2030,2030-05-31,forecast,capital_expenditures,Capital expenditures,1015.852984146000000,USD millions,forecast_calculated,project_analyst_scenario,revenue * capex_percent_revenue,revenue;capex_percent_revenue,FS01;FS04,Project analyst scenario; no valuation or probability assigned.
bull,FY2030,2030-05-31,forecast,capex_percent_revenue,Capital expenditures as a percentage of revenue,0.019,decimal,forecast_calculated,project_analyst_scenario,Approved project analyst scenario assumption.,capex_percent_revenue,FS01,Project analyst scenario; no valuation or probability assigned.
bull,FY2030,2030-05-31,forecast,operating_nwc_proxy,Operating NWC proxy,5186.196813798000000,USD millions,forecast_calculated,project_analyst_scenario,revenue * operating_nwc_percent_revenue,revenue;operating_nwc_percent_revenue,FS01;FS04,Project analyst scenario; no valuation or probability assigned.
bull,FY2030,2030-05-31,forecast,operating_nwc_percent_revenue,Operating NWC as a percentage of revenue,0.097,decimal,forecast_calculated,project_analyst_scenario,Approved project analyst scenario assumption.,operating_nwc_percent_revenue,FS01,Project analyst scenario; no valuation or probability assigned.
bull,FY2030,2030-05-31,forecast,change_in_operating_nwc,Change in operating NWC,94.201905798000000,USD millions,forecast_calculated,project_analyst_scenario,operating_nwc_proxy_t - operating_nwc_proxy_t_minus_1,operating_nwc_proxy_t;operating_nwc_proxy_t_minus_1,FS01;FS04,Project analyst scenario; no valuation or probability assigned.
bull,FY2030,2030-05-31,forecast,fcff,Free cash flow to the firm,5416.533203461380000000,USD millions,forecast_calculated,project_analyst_scenario,nopat + depreciation_and_amortization - capital_expenditures - change_in_operating_nwc,nopat;depreciation_and_amortization;capital_expenditures;change_in_operating_nwc,FS01;FS03;FS04,Project analyst scenario; no valuation or probability assigned.
bull,FY2030,2030-05-31,forecast,fcff_margin,FCFF margin,0.1013080952380952380952380952,decimal,forecast_calculated,project_analyst_scenario,fcff / revenue,fcff;revenue,FS01;FS03;FS04,Project analyst scenario; no valuation or probability assigned.
bull,FY2031,2031-05-31,forecast,revenue_growth,Revenue growth,0.035,decimal,forecast_calculated,project_analyst_scenario,Approved project analyst scenario assumption.,revenue_growth,FS01,Project analyst scenario; no valuation or probability assigned.
bull,FY2031,2031-05-31,forecast,revenue,Revenue,55337.254662690000000,USD millions,forecast_calculated,project_analyst_scenario,revenue_t_minus_1 * (1 + revenue_growth),prior_year_revenue;revenue_growth,FS01,Project analyst scenario; no valuation or probability assigned.
bull,FY2031,2031-05-31,forecast,gross_margin,Gross margin,0.458,decimal,forecast_calculated,project_analyst_scenario,Approved project analyst scenario assumption.,gross_margin,FS03,Project analyst scenario; no valuation or probability assigned.
bull,FY2031,2031-05-31,forecast,gross_profit,Gross profit,25344.462635512020000000,USD millions,forecast_calculated,project_analyst_scenario,revenue * gross_margin,revenue;gross_margin,FS01;FS03,Project analyst scenario; no valuation or probability assigned.
bull,FY2031,2031-05-31,forecast,sga_percent_revenue,SG&A as a percentage of revenue,0.318,decimal,forecast_calculated,project_analyst_scenario,Approved project analyst scenario assumption.,sga_percent_revenue,FS04,Project analyst scenario; no valuation or probability assigned.
bull,FY2031,2031-05-31,forecast,total_selling_and_administrative_expense,Total SG&A,17597.246982735420000000,USD millions,forecast_calculated,project_analyst_scenario,revenue * sga_percent_revenue,revenue;sga_percent_revenue,FS01;FS04,Project analyst scenario; no valuation or probability assigned.
bull,FY2031,2031-05-31,forecast,derived_operating_income,Derived operating income,7747.215652776600000000,USD millions,forecast_calculated,project_analyst_scenario,gross_profit - total_selling_and_administrative_expense,gross_profit;total_selling_and_administrative_expense,FS01;FS03;FS04,Project analyst scenario; no valuation or probability assigned.
bull,FY2031,2031-05-31,forecast,operating_margin,Derived operating margin,0.140,decimal,forecast_calculated,project_analyst_scenario,derived_operating_income / revenue,derived_operating_income;revenue,FS03;FS04,Project analyst scenario; no valuation or probability assigned.
bull,FY2031,2031-05-31,forecast,normalized_tax_rate,Normalized operating tax rate,0.210,decimal,forecast_calculated,project_analyst_scenario,Approved project analyst scenario assumption.,normalized_tax_rate,FS03,Project analyst scenario; no valuation or probability assigned.
bull,FY2031,2031-05-31,forecast,normalized_operating_tax_expense,Normalized operating tax expense,1626.915287083086000000000,USD millions,forecast_calculated,project_analyst_scenario,"max(derived_operating_income, 0) * normalized_tax_rate",derived_operating_income;normalized_tax_rate,FS01;FS03;FS04,Project analyst scenario; no valuation or probability assigned.
bull,FY2031,2031-05-31,forecast,nopat,NOPAT,6120.300365693514000000000,USD millions,forecast_calculated,project_analyst_scenario,derived_operating_income - normalized_operating_tax_expense,derived_operating_income;normalized_operating_tax_expense,FS01;FS03;FS04,Project analyst scenario; no valuation or probability assigned.
bull,FY2031,2031-05-31,forecast,depreciation_and_amortization,Depreciation and amortization,940.733329265730000000,USD millions,forecast_calculated,project_analyst_scenario,revenue * da_percent_revenue,revenue;da_percent_revenue,FS01,Project analyst scenario; no valuation or probability assigned.
bull,FY2031,2031-05-31,forecast,da_percent_revenue,D&A as a percentage of revenue,0.017,decimal,forecast_calculated,project_analyst_scenario,Approved project analyst scenario assumption.,da_percent_revenue,FS01,Project analyst scenario; no valuation or probability assigned.
bull,FY2031,2031-05-31,forecast,capital_expenditures,Capital expenditures,996.070583928420000000,USD millions,forecast_calculated,project_analyst_scenario,revenue * capex_percent_revenue,revenue;capex_percent_revenue,FS01,Project analyst scenario; no valuation or probability assigned.
bull,FY2031,2031-05-31,forecast,capex_percent_revenue,Capital expenditures as a percentage of revenue,0.018,decimal,forecast_calculated,project_analyst_scenario,Approved project analyst scenario assumption.,capex_percent_revenue,FS01,Project analyst scenario; no valuation or probability assigned.
bull,FY2031,2031-05-31,forecast,operating_nwc_proxy,Operating NWC proxy,5257.039192955550000000,USD millions,forecast_calculated,project_analyst_scenario,revenue * operating_nwc_percent_revenue,revenue;operating_nwc_percent_revenue,FS01,Project analyst scenario; no valuation or probability assigned.
bull,FY2031,2031-05-31,forecast,operating_nwc_percent_revenue,Operating NWC as a percentage of revenue,0.095,decimal,forecast_calculated,project_analyst_scenario,Approved project analyst scenario assumption.,operating_nwc_percent_revenue,FS01,Project analyst scenario; no valuation or probability assigned.
bull,FY2031,2031-05-31,forecast,change_in_operating_nwc,Change in operating NWC,70.842379157550000000,USD millions,forecast_calculated,project_analyst_scenario,operating_nwc_proxy_t - operating_nwc_proxy_t_minus_1,operating_nwc_proxy_t;operating_nwc_proxy_t_minus_1,FS01,Project analyst scenario; no valuation or probability assigned.
bull,FY2031,2031-05-31,forecast,fcff,Free cash flow to the firm,5994.120731873274000000000,USD millions,forecast_calculated,project_analyst_scenario,nopat + depreciation_and_amortization - capital_expenditures - change_in_operating_nwc,nopat;depreciation_and_amortization;capital_expenditures;change_in_operating_nwc,FS01;FS03;FS04,Project analyst scenario; no valuation or probability assigned.
bull,FY2031,2031-05-31,forecast,fcff_margin,FCFF margin,0.1083198067632850241545893720,decimal,forecast_calculated,project_analyst_scenario,fcff / revenue,fcff;revenue,FS01;FS03;FS04,Project analyst scenario; no valuation or probability assigned.
bear,FY2027,2027-05-31,forecast,revenue_growth,Revenue growth,-0.040,decimal,forecast_calculated,project_analyst_scenario,Approved project analyst scenario assumption.,revenue_growth,FS04,Project analyst scenario; no valuation or probability assigned.
bear,FY2027,2027-05-31,forecast,revenue,Revenue,44542.080,USD millions,forecast_calculated,project_analyst_scenario,revenue_t_minus_1 * (1 + revenue_growth),prior_year_revenue;revenue_growth,FS04,Project analyst scenario; no valuation or probability assigned.
bear,FY2027,2027-05-31,forecast,gross_margin,Gross margin,0.415,decimal,forecast_calculated,project_analyst_scenario,Approved project analyst scenario assumption.,gross_margin,FS03,Project analyst scenario; no valuation or probability assigned.
bear,FY2027,2027-05-31,forecast,gross_profit,Gross profit,18484.963200,USD millions,forecast_calculated,project_analyst_scenario,revenue * gross_margin,revenue;gross_margin,FS03;FS04,Project analyst scenario; no valuation or probability assigned.
bear,FY2027,2027-05-31,forecast,sga_percent_revenue,SG&A as a percentage of revenue,0.355,decimal,forecast_calculated,project_analyst_scenario,Approved project analyst scenario assumption.,sga_percent_revenue,FS04,Project analyst scenario; no valuation or probability assigned.
bear,FY2027,2027-05-31,forecast,total_selling_and_administrative_expense,Total SG&A,15812.438400,USD millions,forecast_calculated,project_analyst_scenario,revenue * sga_percent_revenue,revenue;sga_percent_revenue,FS04,Project analyst scenario; no valuation or probability assigned.
bear,FY2027,2027-05-31,forecast,derived_operating_income,Derived operating income,2672.524800,USD millions,forecast_calculated,project_analyst_scenario,gross_profit - total_selling_and_administrative_expense,gross_profit;total_selling_and_administrative_expense,FS03;FS04,Project analyst scenario; no valuation or probability assigned.
bear,FY2027,2027-05-31,forecast,operating_margin,Derived operating margin,0.060,decimal,forecast_calculated,project_analyst_scenario,derived_operating_income / revenue,derived_operating_income;revenue,FS03;FS04,Project analyst scenario; no valuation or probability assigned.
bear,FY2027,2027-05-31,forecast,normalized_tax_rate,Normalized operating tax rate,0.210,decimal,forecast_calculated,project_analyst_scenario,Approved project analyst scenario assumption.,normalized_tax_rate,FS04,Project analyst scenario; no valuation or probability assigned.
bear,FY2027,2027-05-31,forecast,normalized_operating_tax_expense,Normalized operating tax expense,561.230208000,USD millions,forecast_calculated,project_analyst_scenario,"max(derived_operating_income, 0) * normalized_tax_rate",derived_operating_income;normalized_tax_rate,FS03;FS04,Project analyst scenario; no valuation or probability assigned.
bear,FY2027,2027-05-31,forecast,nopat,NOPAT,2111.294592000,USD millions,forecast_calculated,project_analyst_scenario,derived_operating_income - normalized_operating_tax_expense,derived_operating_income;normalized_operating_tax_expense,FS03;FS04,Project analyst scenario; no valuation or probability assigned.
bear,FY2027,2027-05-31,forecast,depreciation_and_amortization,Depreciation and amortization,712.673280,USD millions,forecast_calculated,project_analyst_scenario,revenue * da_percent_revenue,revenue;da_percent_revenue,FS01;FS04,Project analyst scenario; no valuation or probability assigned.
bear,FY2027,2027-05-31,forecast,da_percent_revenue,D&A as a percentage of revenue,0.016,decimal,forecast_calculated,project_analyst_scenario,Approved project analyst scenario assumption.,da_percent_revenue,FS01,Project analyst scenario; no valuation or probability assigned.
bear,FY2027,2027-05-31,forecast,capital_expenditures,Capital expenditures,579.047040,USD millions,forecast_calculated,project_analyst_scenario,revenue * capex_percent_revenue,revenue;capex_percent_revenue,FS01;FS04,Project analyst scenario; no valuation or probability assigned.
bear,FY2027,2027-05-31,forecast,capex_percent_revenue,Capital expenditures as a percentage of revenue,0.013,decimal,forecast_calculated,project_analyst_scenario,Approved project analyst scenario assumption.,capex_percent_revenue,FS01,Project analyst scenario; no valuation or probability assigned.
bear,FY2027,2027-05-31,forecast,operating_nwc_proxy,Operating NWC proxy,5211.423360,USD millions,forecast_calculated,project_analyst_scenario,revenue * operating_nwc_percent_revenue,revenue;operating_nwc_percent_revenue,FS03;FS04,Project analyst scenario; no valuation or probability assigned.
bear,FY2027,2027-05-31,forecast,operating_nwc_percent_revenue,Operating NWC as a percentage of revenue,0.117,decimal,forecast_calculated,project_analyst_scenario,Approved project analyst scenario assumption.,operating_nwc_percent_revenue,FS03,Project analyst scenario; no valuation or probability assigned.
bear,FY2027,2027-05-31,forecast,change_in_operating_nwc,Change in operating NWC,-295.576640,USD millions,forecast_calculated,project_analyst_scenario,operating_nwc_proxy_t - operating_nwc_proxy_t_minus_1,operating_nwc_proxy_t;operating_nwc_proxy_t_minus_1,FS03;FS04,Project analyst scenario; no valuation or probability assigned.
bear,FY2027,2027-05-31,forecast,fcff,Free cash flow to the firm,2540.497472000,USD millions,forecast_calculated,project_analyst_scenario,nopat + depreciation_and_amortization - capital_expenditures - change_in_operating_nwc,nopat;depreciation_and_amortization;capital_expenditures;change_in_operating_nwc,FS01;FS03;FS04,Project analyst scenario; no valuation or probability assigned.
bear,FY2027,2027-05-31,forecast,fcff_margin,FCFF margin,0.05703589666221245168613589666,decimal,forecast_calculated,project_analyst_scenario,fcff / revenue,fcff;revenue,FS01;FS03;FS04,Project analyst scenario; no valuation or probability assigned.
bear,FY2028,2028-05-31,forecast,revenue_growth,Revenue growth,-0.010,decimal,forecast_calculated,project_analyst_scenario,Approved project analyst scenario assumption.,revenue_growth,FS04,Project analyst scenario; no valuation or probability assigned.
bear,FY2028,2028-05-31,forecast,revenue,Revenue,44096.659200,USD millions,forecast_calculated,project_analyst_scenario,revenue_t_minus_1 * (1 + revenue_growth),prior_year_revenue;revenue_growth,FS04,Project analyst scenario; no valuation or probability assigned.
bear,FY2028,2028-05-31,forecast,gross_margin,Gross margin,0.415,decimal,forecast_calculated,project_analyst_scenario,Approved project analyst scenario assumption.,gross_margin,FS03,Project analyst scenario; no valuation or probability assigned.
bear,FY2028,2028-05-31,forecast,gross_profit,Gross profit,18300.113568000,USD millions,forecast_calculated,project_analyst_scenario,revenue * gross_margin,revenue;gross_margin,FS03;FS04,Project analyst scenario; no valuation or probability assigned.
bear,FY2028,2028-05-31,forecast,sga_percent_revenue,SG&A as a percentage of revenue,0.357,decimal,forecast_calculated,project_analyst_scenario,Approved project analyst scenario assumption.,sga_percent_revenue,FS04,Project analyst scenario; no valuation or probability assigned.
bear,FY2028,2028-05-31,forecast,total_selling_and_administrative_expense,Total SG&A,15742.507334400,USD millions,forecast_calculated,project_analyst_scenario,revenue * sga_percent_revenue,revenue;sga_percent_revenue,FS04,Project analyst scenario; no valuation or probability assigned.
bear,FY2028,2028-05-31,forecast,derived_operating_income,Derived operating income,2557.606233600,USD millions,forecast_calculated,project_analyst_scenario,gross_profit - total_selling_and_administrative_expense,gross_profit;total_selling_and_administrative_expense,FS03;FS04,Project analyst scenario; no valuation or probability assigned.
bear,FY2028,2028-05-31,forecast,operating_margin,Derived operating margin,0.058,decimal,forecast_calculated,project_analyst_scenario,derived_operating_income / revenue,derived_operating_income;revenue,FS03;FS04,Project analyst scenario; no valuation or probability assigned.
bear,FY2028,2028-05-31,forecast,normalized_tax_rate,Normalized operating tax rate,0.210,decimal,forecast_calculated,project_analyst_scenario,Approved project analyst scenario assumption.,normalized_tax_rate,FS03,Project analyst scenario; no valuation or probability assigned.
bear,FY2028,2028-05-31,forecast,normalized_operating_tax_expense,Normalized operating tax expense,537.097309056000,USD millions,forecast_calculated,project_analyst_scenario,"max(derived_operating_income, 0) * normalized_tax_rate",derived_operating_income;normalized_tax_rate,FS03;FS04,Project analyst scenario; no valuation or probability assigned.
bear,FY2028,2028-05-31,forecast,nopat,NOPAT,2020.508924544000,USD millions,forecast_calculated,project_analyst_scenario,derived_operating_income - normalized_operating_tax_expense,derived_operating_income;normalized_operating_tax_expense,FS03;FS04,Project analyst scenario; no valuation or probability assigned.
bear,FY2028,2028-05-31,forecast,depreciation_and_amortization,Depreciation and amortization,705.546547200,USD millions,forecast_calculated,project_analyst_scenario,revenue * da_percent_revenue,revenue;da_percent_revenue,FS01;FS04,Project analyst scenario; no valuation or probability assigned.
bear,FY2028,2028-05-31,forecast,da_percent_revenue,D&A as a percentage of revenue,0.016,decimal,forecast_calculated,project_analyst_scenario,Approved project analyst scenario assumption.,da_percent_revenue,FS01,Project analyst scenario; no valuation or probability assigned.
bear,FY2028,2028-05-31,forecast,capital_expenditures,Capital expenditures,573.256569600,USD millions,forecast_calculated,project_analyst_scenario,revenue * capex_percent_revenue,revenue;capex_percent_revenue,FS01;FS04,Project analyst scenario; no valuation or probability assigned.
bear,FY2028,2028-05-31,forecast,capex_percent_revenue,Capital expenditures as a percentage of revenue,0.013,decimal,forecast_calculated,project_analyst_scenario,Approved project analyst scenario assumption.,capex_percent_revenue,FS01,Project analyst scenario; no valuation or probability assigned.
bear,FY2028,2028-05-31,forecast,operating_nwc_proxy,Operating NWC proxy,5203.405785600,USD millions,forecast_calculated,project_analyst_scenario,revenue * operating_nwc_percent_revenue,revenue;operating_nwc_percent_revenue,FS01;FS04,Project analyst scenario; no valuation or probability assigned.
bear,FY2028,2028-05-31,forecast,operating_nwc_percent_revenue,Operating NWC as a percentage of revenue,0.118,decimal,forecast_calculated,project_analyst_scenario,Approved project analyst scenario assumption.,operating_nwc_percent_revenue,FS01,Project analyst scenario; no valuation or probability assigned.
bear,FY2028,2028-05-31,forecast,change_in_operating_nwc,Change in operating NWC,-8.017574400,USD millions,forecast_calculated,project_analyst_scenario,operating_nwc_proxy_t - operating_nwc_proxy_t_minus_1,operating_nwc_proxy_t;operating_nwc_proxy_t_minus_1,FS01;FS04,Project analyst scenario; no valuation or probability assigned.
bear,FY2028,2028-05-31,forecast,fcff,Free cash flow to the firm,2160.816476544000,USD millions,forecast_calculated,project_analyst_scenario,nopat + depreciation_and_amortization - capital_expenditures - change_in_operating_nwc,nopat;depreciation_and_amortization;capital_expenditures;change_in_operating_nwc,FS01;FS03;FS04,Project analyst scenario; no valuation or probability assigned.
bear,FY2028,2028-05-31,forecast,fcff_margin,FCFF margin,0.04900181818181818181818181818,decimal,forecast_calculated,project_analyst_scenario,fcff / revenue,fcff;revenue,FS01;FS03;FS04,Project analyst scenario; no valuation or probability assigned.
bear,FY2029,2029-05-31,forecast,revenue_growth,Revenue growth,0.010,decimal,forecast_calculated,project_analyst_scenario,Approved project analyst scenario assumption.,revenue_growth,FS04,Project analyst scenario; no valuation or probability assigned.
bear,FY2029,2029-05-31,forecast,revenue,Revenue,44537.625792000,USD millions,forecast_calculated,project_analyst_scenario,revenue_t_minus_1 * (1 + revenue_growth),prior_year_revenue;revenue_growth,FS04,Project analyst scenario; no valuation or probability assigned.
bear,FY2029,2029-05-31,forecast,gross_margin,Gross margin,0.420,decimal,forecast_calculated,project_analyst_scenario,Approved project analyst scenario assumption.,gross_margin,FS03,Project analyst scenario; no valuation or probability assigned.
bear,FY2029,2029-05-31,forecast,gross_profit,Gross profit,18705.802832640000,USD millions,forecast_calculated,project_analyst_scenario,revenue * gross_margin,revenue;gross_margin,FS03;FS04,Project analyst scenario; no valuation or probability assigned.
bear,FY2029,2029-05-31,forecast,sga_percent_revenue,SG&A as a percentage of revenue,0.354,decimal,forecast_calculated,project_analyst_scenario,Approved project analyst scenario assumption.,sga_percent_revenue,FS04,Project analyst scenario; no valuation or probability assigned.
bear,FY2029,2029-05-31,forecast,total_selling_and_administrative_expense,Total SG&A,15766.319530368000,USD millions,forecast_calculated,project_analyst_scenario,revenue * sga_percent_revenue,revenue;sga_percent_revenue,FS04,Project analyst scenario; no valuation or probability assigned.
bear,FY2029,2029-05-31,forecast,derived_operating_income,Derived operating income,2939.483302272000,USD millions,forecast_calculated,project_analyst_scenario,gross_profit - total_selling_and_administrative_expense,gross_profit;total_selling_and_administrative_expense,FS03;FS04,Project analyst scenario; no valuation or probability assigned.
bear,FY2029,2029-05-31,forecast,operating_margin,Derived operating margin,0.066,decimal,forecast_calculated,project_analyst_scenario,derived_operating_income / revenue,derived_operating_income;revenue,FS03;FS04,Project analyst scenario; no valuation or probability assigned.
bear,FY2029,2029-05-31,forecast,normalized_tax_rate,Normalized operating tax rate,0.210,decimal,forecast_calculated,project_analyst_scenario,Approved project analyst scenario assumption.,normalized_tax_rate,FS03,Project analyst scenario; no valuation or probability assigned.
bear,FY2029,2029-05-31,forecast,normalized_operating_tax_expense,Normalized operating tax expense,617.291493477120000,USD millions,forecast_calculated,project_analyst_scenario,"max(derived_operating_income, 0) * normalized_tax_rate",derived_operating_income;normalized_tax_rate,FS03;FS04,Project analyst scenario; no valuation or probability assigned.
bear,FY2029,2029-05-31,forecast,nopat,NOPAT,2322.191808794880000,USD millions,forecast_calculated,project_analyst_scenario,derived_operating_income - normalized_operating_tax_expense,derived_operating_income;normalized_operating_tax_expense,FS03;FS04,Project analyst scenario; no valuation or probability assigned.
bear,FY2029,2029-05-31,forecast,depreciation_and_amortization,Depreciation and amortization,712.602012672000,USD millions,forecast_calculated,project_analyst_scenario,revenue * da_percent_revenue,revenue;da_percent_revenue,FS01;FS04,Project analyst scenario; no valuation or probability assigned.
bear,FY2029,2029-05-31,forecast,da_percent_revenue,D&A as a percentage of revenue,0.016,decimal,forecast_calculated,project_analyst_scenario,Approved project analyst scenario assumption.,da_percent_revenue,FS01,Project analyst scenario; no valuation or probability assigned.
bear,FY2029,2029-05-31,forecast,capital_expenditures,Capital expenditures,623.526761088000,USD millions,forecast_calculated,project_analyst_scenario,revenue * capex_percent_revenue,revenue;capex_percent_revenue,FS01;FS04,Project analyst scenario; no valuation or probability assigned.
bear,FY2029,2029-05-31,forecast,capex_percent_revenue,Capital expenditures as a percentage of revenue,0.014,decimal,forecast_calculated,project_analyst_scenario,Approved project analyst scenario assumption.,capex_percent_revenue,FS01,Project analyst scenario; no valuation or probability assigned.
bear,FY2029,2029-05-31,forecast,operating_nwc_proxy,Operating NWC proxy,5255.439843456000,USD millions,forecast_calculated,project_analyst_scenario,revenue * operating_nwc_percent_revenue,revenue;operating_nwc_percent_revenue,FS01;FS04,Project analyst scenario; no valuation or probability assigned.
bear,FY2029,2029-05-31,forecast,operating_nwc_percent_revenue,Operating NWC as a percentage of revenue,0.118,decimal,forecast_calculated,project_analyst_scenario,Approved project analyst scenario assumption.,operating_nwc_percent_revenue,FS01,Project analyst scenario; no valuation or probability assigned.
bear,FY2029,2029-05-31,forecast,change_in_operating_nwc,Change in operating NWC,52.034057856000,USD millions,forecast_calculated,project_analyst_scenario,operating_nwc_proxy_t - operating_nwc_proxy_t_minus_1,operating_nwc_proxy_t;operating_nwc_proxy_t_minus_1,FS01;FS04,Project analyst scenario; no valuation or probability assigned.
bear,FY2029,2029-05-31,forecast,fcff,Free cash flow to the firm,2359.233002522880000,USD millions,forecast_calculated,project_analyst_scenario,nopat + depreciation_and_amortization - capital_expenditures - change_in_operating_nwc,nopat;depreciation_and_amortization;capital_expenditures;change_in_operating_nwc,FS01;FS03;FS04,Project analyst scenario; no valuation or probability assigned.
bear,FY2029,2029-05-31,forecast,fcff_margin,FCFF margin,0.05297168316831683168316831683,decimal,forecast_calculated,project_analyst_scenario,fcff / revenue,fcff;revenue,FS01;FS03;FS04,Project analyst scenario; no valuation or probability assigned.
bear,FY2030,2030-05-31,forecast,revenue_growth,Revenue growth,0.020,decimal,forecast_calculated,project_analyst_scenario,Approved project analyst scenario assumption.,revenue_growth,FS01,Project analyst scenario; no valuation or probability assigned.
bear,FY2030,2030-05-31,forecast,revenue,Revenue,45428.378307840000,USD millions,forecast_calculated,project_analyst_scenario,revenue_t_minus_1 * (1 + revenue_growth),prior_year_revenue;revenue_growth,FS01,Project analyst scenario; no valuation or probability assigned.
bear,FY2030,2030-05-31,forecast,gross_margin,Gross margin,0.425,decimal,forecast_calculated,project_analyst_scenario,Approved project analyst scenario assumption.,gross_margin,FS03,Project analyst scenario; no valuation or probability assigned.
bear,FY2030,2030-05-31,forecast,gross_profit,Gross profit,19307.060780832000000,USD millions,forecast_calculated,project_analyst_scenario,revenue * gross_margin,revenue;gross_margin,FS01;FS03,Project analyst scenario; no valuation or probability assigned.
bear,FY2030,2030-05-31,forecast,sga_percent_revenue,SG&A as a percentage of revenue,0.350,decimal,forecast_calculated,project_analyst_scenario,Approved project analyst scenario assumption.,sga_percent_revenue,FS04,Project analyst scenario; no valuation or probability assigned.
bear,FY2030,2030-05-31,forecast,total_selling_and_administrative_expense,Total SG&A,15899.932407744000000,USD millions,forecast_calculated,project_analyst_scenario,revenue * sga_percent_revenue,revenue;sga_percent_revenue,FS01;FS04,Project analyst scenario; no valuation or probability assigned.
bear,FY2030,2030-05-31,forecast,derived_operating_income,Derived operating income,3407.128373088000000,USD millions,forecast_calculated,project_analyst_scenario,gross_profit - total_selling_and_administrative_expense,gross_profit;total_selling_and_administrative_expense,FS01;FS03;FS04,Project analyst scenario; no valuation or probability assigned.
bear,FY2030,2030-05-31,forecast,operating_margin,Derived operating margin,0.075,decimal,forecast_calculated,project_analyst_scenario,derived_operating_income / revenue,derived_operating_income;revenue,FS03;FS04,Project analyst scenario; no valuation or probability assigned.
bear,FY2030,2030-05-31,forecast,normalized_tax_rate,Normalized operating tax rate,0.210,decimal,forecast_calculated,project_analyst_scenario,Approved project analyst scenario assumption.,normalized_tax_rate,FS03,Project analyst scenario; no valuation or probability assigned.
bear,FY2030,2030-05-31,forecast,normalized_operating_tax_expense,Normalized operating tax expense,715.496958348480000000,USD millions,forecast_calculated,project_analyst_scenario,"max(derived_operating_income, 0) * normalized_tax_rate",derived_operating_income;normalized_tax_rate,FS01;FS03;FS04,Project analyst scenario; no valuation or probability assigned.
bear,FY2030,2030-05-31,forecast,nopat,NOPAT,2691.631414739520000000,USD millions,forecast_calculated,project_analyst_scenario,derived_operating_income - normalized_operating_tax_expense,derived_operating_income;normalized_operating_tax_expense,FS01;FS03;FS04,Project analyst scenario; no valuation or probability assigned.
bear,FY2030,2030-05-31,forecast,depreciation_and_amortization,Depreciation and amortization,681.425674617600000,USD millions,forecast_calculated,project_analyst_scenario,revenue * da_percent_revenue,revenue;da_percent_revenue,FS01,Project analyst scenario; no valuation or probability assigned.
bear,FY2030,2030-05-31,forecast,da_percent_revenue,D&A as a percentage of revenue,0.015,decimal,forecast_calculated,project_analyst_scenario,Approved project analyst scenario assumption.,da_percent_revenue,FS01,Project analyst scenario; no valuation or probability assigned.
bear,FY2030,2030-05-31,forecast,capital_expenditures,Capital expenditures,681.425674617600000,USD millions,forecast_calculated,project_analyst_scenario,revenue * capex_percent_revenue,revenue;capex_percent_revenue,FS01,Project analyst scenario; no valuation or probability assigned.
bear,FY2030,2030-05-31,forecast,capex_percent_revenue,Capital expenditures as a percentage of revenue,0.015,decimal,forecast_calculated,project_analyst_scenario,Approved project analyst scenario assumption.,capex_percent_revenue,FS01,Project analyst scenario; no valuation or probability assigned.
bear,FY2030,2030-05-31,forecast,operating_nwc_proxy,Operating NWC proxy,5315.120262017280000,USD millions,forecast_calculated,project_analyst_scenario,revenue * operating_nwc_percent_revenue,revenue;operating_nwc_percent_revenue,FS01,Project analyst scenario; no valuation or probability assigned.
bear,FY2030,2030-05-31,forecast,operating_nwc_percent_revenue,Operating NWC as a percentage of revenue,0.117,decimal,forecast_calculated,project_analyst_scenario,Approved project analyst scenario assumption.,operating_nwc_percent_revenue,FS01,Project analyst scenario; no valuation or probability assigned.
bear,FY2030,2030-05-31,forecast,change_in_operating_nwc,Change in operating NWC,59.680418561280000,USD millions,forecast_calculated,project_analyst_scenario,operating_nwc_proxy_t - operating_nwc_proxy_t_minus_1,operating_nwc_proxy_t;operating_nwc_proxy_t_minus_1,FS01,Project analyst scenario; no valuation or probability assigned.
bear,FY2030,2030-05-31,forecast,fcff,Free cash flow to the firm,2631.950996178240000000,USD millions,forecast_calculated,project_analyst_scenario,nopat + depreciation_and_amortization - capital_expenditures - change_in_operating_nwc,nopat;depreciation_and_amortization;capital_expenditures;change_in_operating_nwc,FS01;FS03;FS04,Project analyst scenario; no valuation or probability assigned.
bear,FY2030,2030-05-31,forecast,fcff_margin,FCFF margin,0.05793627450980392156862745098,decimal,forecast_calculated,project_analyst_scenario,fcff / revenue,fcff;revenue,FS01;FS03;FS04,Project analyst scenario; no valuation or probability assigned.
bear,FY2031,2031-05-31,forecast,revenue_growth,Revenue growth,0.020,decimal,forecast_calculated,project_analyst_scenario,Approved project analyst scenario assumption.,revenue_growth,FS01,Project analyst scenario; no valuation or probability assigned.
bear,FY2031,2031-05-31,forecast,revenue,Revenue,46336.945873996800000,USD millions,forecast_calculated,project_analyst_scenario,revenue_t_minus_1 * (1 + revenue_growth),prior_year_revenue;revenue_growth,FS01,Project analyst scenario; no valuation or probability assigned.
bear,FY2031,2031-05-31,forecast,gross_margin,Gross margin,0.428,decimal,forecast_calculated,project_analyst_scenario,Approved project analyst scenario assumption.,gross_margin,FS03,Project analyst scenario; no valuation or probability assigned.
bear,FY2031,2031-05-31,forecast,gross_profit,Gross profit,19832.212834070630400000,USD millions,forecast_calculated,project_analyst_scenario,revenue * gross_margin,revenue;gross_margin,FS01;FS03,Project analyst scenario; no valuation or probability assigned.
bear,FY2031,2031-05-31,forecast,sga_percent_revenue,SG&A as a percentage of revenue,0.346,decimal,forecast_calculated,project_analyst_scenario,Approved project analyst scenario assumption.,sga_percent_revenue,FS04,Project analyst scenario; no valuation or probability assigned.
bear,FY2031,2031-05-31,forecast,total_selling_and_administrative_expense,Total SG&A,16032.583272402892800000,USD millions,forecast_calculated,project_analyst_scenario,revenue * sga_percent_revenue,revenue;sga_percent_revenue,FS01;FS04,Project analyst scenario; no valuation or probability assigned.
bear,FY2031,2031-05-31,forecast,derived_operating_income,Derived operating income,3799.629561667737600000,USD millions,forecast_calculated,project_analyst_scenario,gross_profit - total_selling_and_administrative_expense,gross_profit;total_selling_and_administrative_expense,FS01;FS03;FS04,Project analyst scenario; no valuation or probability assigned.
bear,FY2031,2031-05-31,forecast,operating_margin,Derived operating margin,0.082,decimal,forecast_calculated,project_analyst_scenario,derived_operating_income / revenue,derived_operating_income;revenue,FS03;FS04,Project analyst scenario; no valuation or probability assigned.
bear,FY2031,2031-05-31,forecast,normalized_tax_rate,Normalized operating tax rate,0.210,decimal,forecast_calculated,project_analyst_scenario,Approved project analyst scenario assumption.,normalized_tax_rate,FS03,Project analyst scenario; no valuation or probability assigned.
bear,FY2031,2031-05-31,forecast,normalized_operating_tax_expense,Normalized operating tax expense,797.922207950224896000000,USD millions,forecast_calculated,project_analyst_scenario,"max(derived_operating_income, 0) * normalized_tax_rate",derived_operating_income;normalized_tax_rate,FS01;FS03;FS04,Project analyst scenario; no valuation or probability assigned.
bear,FY2031,2031-05-31,forecast,nopat,NOPAT,3001.707353717512704000000,USD millions,forecast_calculated,project_analyst_scenario,derived_operating_income - normalized_operating_tax_expense,derived_operating_income;normalized_operating_tax_expense,FS01;FS03;FS04,Project analyst scenario; no valuation or probability assigned.
bear,FY2031,2031-05-31,forecast,depreciation_and_amortization,Depreciation and amortization,695.054188109952000000,USD millions,forecast_calculated,project_analyst_scenario,revenue * da_percent_revenue,revenue;da_percent_revenue,FS01,Project analyst scenario; no valuation or probability assigned.
bear,FY2031,2031-05-31,forecast,da_percent_revenue,D&A as a percentage of revenue,0.015,decimal,forecast_calculated,project_analyst_scenario,Approved project analyst scenario assumption.,da_percent_revenue,FS01,Project analyst scenario; no valuation or probability assigned.
bear,FY2031,2031-05-31,forecast,capital_expenditures,Capital expenditures,695.054188109952000000,USD millions,forecast_calculated,project_analyst_scenario,revenue * capex_percent_revenue,revenue;capex_percent_revenue,FS01,Project analyst scenario; no valuation or probability assigned.
bear,FY2031,2031-05-31,forecast,capex_percent_revenue,Capital expenditures as a percentage of revenue,0.015,decimal,forecast_calculated,project_analyst_scenario,Approved project analyst scenario assumption.,capex_percent_revenue,FS01,Project analyst scenario; no valuation or probability assigned.
bear,FY2031,2031-05-31,forecast,operating_nwc_proxy,Operating NWC proxy,5328.748775509632000000,USD millions,forecast_calculated,project_analyst_scenario,revenue * operating_nwc_percent_revenue,revenue;operating_nwc_percent_revenue,FS01,Project analyst scenario; no valuation or probability assigned.
bear,FY2031,2031-05-31,forecast,operating_nwc_percent_revenue,Operating NWC as a percentage of revenue,0.115,decimal,forecast_calculated,project_analyst_scenario,Approved project analyst scenario assumption.,operating_nwc_percent_revenue,FS01,Project analyst scenario; no valuation or probability assigned.
bear,FY2031,2031-05-31,forecast,change_in_operating_nwc,Change in operating NWC,13.628513492352000000,USD millions,forecast_calculated,project_analyst_scenario,operating_nwc_proxy_t - operating_nwc_proxy_t_minus_1,operating_nwc_proxy_t;operating_nwc_proxy_t_minus_1,FS01,Project analyst scenario; no valuation or probability assigned.
bear,FY2031,2031-05-31,forecast,fcff,Free cash flow to the firm,2988.078840225160704000000,USD millions,forecast_calculated,project_analyst_scenario,nopat + depreciation_and_amortization - capital_expenditures - change_in_operating_nwc,nopat;depreciation_and_amortization;capital_expenditures;change_in_operating_nwc,FS01;FS03;FS04,Project analyst scenario; no valuation or probability assigned.
bear,FY2031,2031-05-31,forecast,fcff_margin,FCFF margin,0.06448588235294117647058823529,decimal,forecast_calculated,project_analyst_scenario,fcff / revenue,fcff;revenue,FS01;FS03;FS04,Project analyst scenario; no valuation or probability assigned.
