metric,fiscal_year_label,period_start,period_end,reported_value,normalized_value,reported_unit,normalized_unit,taxonomy,xbrl_concept,sec_form,filing_date,accession_number,source_url,company_facts_url,retrieval_timestamp,selection_status,selection_reason,value_type,presentation_type,transformation_notes,statement_type,period_type,fact_fiscal_year,fact_fiscal_period,frame,candidate_priority,face_statement_url,face_statement_retrieval_timestamp,face_statement_sha256,face_statement_label,face_statement_value,face_reconciliation_status,face_reconciliation_note,supporting_source_url,supporting_source_retrieval_timestamp,supporting_source_sha256,supporting_source_label,supporting_source_notes,content_sha256
revenue,FY2022,2021-06-01,2022-05-31,46710000000,46710,USD,USD millions,us-gaap,RevenueFromContractWithCustomerExcludingAssessedTax,10-K,2022-07-21,0000320187-22-000038,https://www.sec.gov/Archives/edgar/data/320187/000032018722000038/nke-20220531.htm,https://data.sec.gov/api/xbrl/companyfacts/CIK0000320187.json,2026-09-07T06:55:02.100621+00:00,candidate_not_selected,Comparable candidates agree; selected the latest highest-priority presentation that is visible in SEC face-statement evidence.,reported,originally_reported,"USD divided by 1,000,000.",income_statement,duration,2022,FY,,1,https://www.sec.gov/Archives/edgar/data/320187/000032018722000038/R3.htm,2026-09-07T07:03:54.432504+00:00,ccdfe79c09e57121ac3bd971c3a9ff9285188d979a5cd160b156133c85b0326a,Revenues,46710,verified,Company Facts value agrees with the SEC-rendered face statement within its displayed precision.,,,,,,54abad8b001c9e08bb81b83c12f30e36867f6462a12e040cc329e94d46e6fc5c
revenue,FY2022,2021-06-01,2022-05-31,46710000000,46710,USD,USD millions,us-gaap,RevenueFromContractWithCustomerExcludingAssessedTax,10-K,2023-07-20,0000320187-23-000039,https://www.sec.gov/Archives/edgar/data/320187/000032018723000039/nke-20230531.htm,https://data.sec.gov/api/xbrl/companyfacts/CIK0000320187.json,2026-09-07T06:55:02.100621+00:00,candidate_not_selected,Comparable candidates agree; selected the latest highest-priority presentation that is visible in SEC face-statement evidence.,reported,later_comparative,"USD divided by 1,000,000.",income_statement,duration,2023,FY,,1,https://www.sec.gov/Archives/edgar/data/320187/000032018723000039/R3.htm,2026-09-07T07:03:56.168211+00:00,ea7d6dbbd0927e1fbd1cd2e42aa966c747c38111946fd03880726615e48d3f82,Revenues,46710,verified,Company Facts value agrees with the SEC-rendered face statement within its displayed precision.,,,,,,54abad8b001c9e08bb81b83c12f30e36867f6462a12e040cc329e94d46e6fc5c
revenue,FY2022,2021-06-01,2022-05-31,46710000000,46710,USD,USD millions,us-gaap,RevenueFromContractWithCustomerExcludingAssessedTax,10-K,2024-07-25,0000320187-24-000044,https://www.sec.gov/Archives/edgar/data/320187/000032018724000044/nke-20240531.htm,https://data.sec.gov/api/xbrl/companyfacts/CIK0000320187.json,2026-09-07T06:55:02.100621+00:00,selected,Comparable candidates agree; selected the latest highest-priority presentation that is visible in SEC face-statement evidence.,reported,later_comparative,"USD divided by 1,000,000.",income_statement,duration,2024,FY,CY2021,1,https://www.sec.gov/Archives/edgar/data/320187/000032018724000044/R3.htm,2026-09-07T07:03:57.836582+00:00,ac6824da10fc859f7f318c38a85e9f8642ebe92d2da0b978146ee3e1cf4aaca2,Revenues,46710,verified,Company Facts value agrees with the SEC-rendered face statement within its displayed precision.,,,,,,54abad8b001c9e08bb81b83c12f30e36867f6462a12e040cc329e94d46e6fc5c
cost_of_revenue,FY2022,2021-06-01,2022-05-31,25231000000,25231,USD,USD millions,us-gaap,CostOfGoodsAndServicesSold,10-K,2022-07-21,0000320187-22-000038,https://www.sec.gov/Archives/edgar/data/320187/000032018722000038/nke-20220531.htm,https://data.sec.gov/api/xbrl/companyfacts/CIK0000320187.json,2026-09-07T06:55:02.100621+00:00,candidate_not_selected,Comparable candidates agree; selected the latest highest-priority presentation that is visible in SEC face-statement evidence.,reported,originally_reported,"USD divided by 1,000,000.",income_statement,duration,2022,FY,,2,https://www.sec.gov/Archives/edgar/data/320187/000032018722000038/R3.htm,2026-09-07T07:03:54.432504+00:00,ccdfe79c09e57121ac3bd971c3a9ff9285188d979a5cd160b156133c85b0326a,Cost of sales,25231,verified,Company Facts value agrees with the SEC-rendered face statement within its displayed precision.,,,,,,54abad8b001c9e08bb81b83c12f30e36867f6462a12e040cc329e94d46e6fc5c
cost_of_revenue,FY2022,2021-06-01,2022-05-31,25231000000,25231,USD,USD millions,us-gaap,CostOfGoodsAndServicesSold,10-K,2023-07-20,0000320187-23-000039,https://www.sec.gov/Archives/edgar/data/320187/000032018723000039/nke-20230531.htm,https://data.sec.gov/api/xbrl/companyfacts/CIK0000320187.json,2026-09-07T06:55:02.100621+00:00,candidate_not_selected,Comparable candidates agree; selected the latest highest-priority presentation that is visible in SEC face-statement evidence.,reported,later_comparative,"USD divided by 1,000,000.",income_statement,duration,2023,FY,,2,https://www.sec.gov/Archives/edgar/data/320187/000032018723000039/R3.htm,2026-09-07T07:03:56.168211+00:00,ea7d6dbbd0927e1fbd1cd2e42aa966c747c38111946fd03880726615e48d3f82,Cost of sales,25231,verified,Company Facts value agrees with the SEC-rendered face statement within its displayed precision.,,,,,,54abad8b001c9e08bb81b83c12f30e36867f6462a12e040cc329e94d46e6fc5c
cost_of_revenue,FY2022,2021-06-01,2022-05-31,25231000000,25231,USD,USD millions,us-gaap,CostOfGoodsAndServicesSold,10-K,2024-07-25,0000320187-24-000044,https://www.sec.gov/Archives/edgar/data/320187/000032018724000044/nke-20240531.htm,https://data.sec.gov/api/xbrl/companyfacts/CIK0000320187.json,2026-09-07T06:55:02.100621+00:00,selected,Comparable candidates agree; selected the latest highest-priority presentation that is visible in SEC face-statement evidence.,reported,later_comparative,"USD divided by 1,000,000.",income_statement,duration,2024,FY,CY2021,2,https://www.sec.gov/Archives/edgar/data/320187/000032018724000044/R3.htm,2026-09-07T07:03:57.836582+00:00,ac6824da10fc859f7f318c38a85e9f8642ebe92d2da0b978146ee3e1cf4aaca2,Cost of sales,25231,verified,Company Facts value agrees with the SEC-rendered face statement within its displayed precision.,,,,,,54abad8b001c9e08bb81b83c12f30e36867f6462a12e040cc329e94d46e6fc5c
gross_profit,FY2022,2021-06-01,2022-05-31,21479000000,21479,USD,USD millions,us-gaap,GrossProfit,10-K,2022-07-21,0000320187-22-000038,https://www.sec.gov/Archives/edgar/data/320187/000032018722000038/nke-20220531.htm,https://data.sec.gov/api/xbrl/companyfacts/CIK0000320187.json,2026-09-07T06:55:02.100621+00:00,candidate_not_selected,Comparable candidates agree; selected the latest highest-priority presentation that is visible in SEC face-statement evidence.,reported,originally_reported,"USD divided by 1,000,000.",income_statement,duration,2022,FY,,1,https://www.sec.gov/Archives/edgar/data/320187/000032018722000038/R3.htm,2026-09-07T07:03:54.432504+00:00,ccdfe79c09e57121ac3bd971c3a9ff9285188d979a5cd160b156133c85b0326a,Gross profit,21479,verified,Company Facts value agrees with the SEC-rendered face statement within its displayed precision.,,,,,,54abad8b001c9e08bb81b83c12f30e36867f6462a12e040cc329e94d46e6fc5c
gross_profit,FY2022,2021-06-01,2022-05-31,21479000000,21479,USD,USD millions,us-gaap,GrossProfit,10-K,2023-07-20,0000320187-23-000039,https://www.sec.gov/Archives/edgar/data/320187/000032018723000039/nke-20230531.htm,https://data.sec.gov/api/xbrl/companyfacts/CIK0000320187.json,2026-09-07T06:55:02.100621+00:00,candidate_not_selected,Comparable candidates agree; selected the latest highest-priority presentation that is visible in SEC face-statement evidence.,reported,later_comparative,"USD divided by 1,000,000.",income_statement,duration,2023,FY,,1,https://www.sec.gov/Archives/edgar/data/320187/000032018723000039/R3.htm,2026-09-07T07:03:56.168211+00:00,ea7d6dbbd0927e1fbd1cd2e42aa966c747c38111946fd03880726615e48d3f82,Gross profit,21479,verified,Company Facts value agrees with the SEC-rendered face statement within its displayed precision.,,,,,,54abad8b001c9e08bb81b83c12f30e36867f6462a12e040cc329e94d46e6fc5c
gross_profit,FY2022,2021-06-01,2022-05-31,21479000000,21479,USD,USD millions,us-gaap,GrossProfit,10-K,2024-07-25,0000320187-24-000044,https://www.sec.gov/Archives/edgar/data/320187/000032018724000044/nke-20240531.htm,https://data.sec.gov/api/xbrl/companyfacts/CIK0000320187.json,2026-09-07T06:55:02.100621+00:00,selected,Comparable candidates agree; selected the latest highest-priority presentation that is visible in SEC face-statement evidence.,reported,later_comparative,"USD divided by 1,000,000.",income_statement,duration,2024,FY,CY2021,1,https://www.sec.gov/Archives/edgar/data/320187/000032018724000044/R3.htm,2026-09-07T07:03:57.836582+00:00,ac6824da10fc859f7f318c38a85e9f8642ebe92d2da0b978146ee3e1cf4aaca2,Gross profit,21479,verified,Company Facts value agrees with the SEC-rendered face statement within its displayed precision.,,,,,,54abad8b001c9e08bb81b83c12f30e36867f6462a12e040cc329e94d46e6fc5c
total_selling_and_administrative_expense,FY2022,2021-06-01,2022-05-31,14804000000,14804,USD,USD millions,us-gaap,SellingGeneralAndAdministrativeExpense,10-K,2022-07-21,0000320187-22-000038,https://www.sec.gov/Archives/edgar/data/320187/000032018722000038/nke-20220531.htm,https://data.sec.gov/api/xbrl/companyfacts/CIK0000320187.json,2026-09-07T06:55:02.100621+00:00,candidate_not_selected,Comparable candidates agree; selected the latest highest-priority presentation that is visible in SEC face-statement evidence.,reported,originally_reported,"USD divided by 1,000,000.",income_statement,duration,2022,FY,,1,https://www.sec.gov/Archives/edgar/data/320187/000032018722000038/R3.htm,2026-09-07T07:03:54.432504+00:00,ccdfe79c09e57121ac3bd971c3a9ff9285188d979a5cd160b156133c85b0326a,Total selling and administrative expense,14804,verified,Company Facts value agrees with the SEC-rendered face statement within its displayed precision.,,,,,,54abad8b001c9e08bb81b83c12f30e36867f6462a12e040cc329e94d46e6fc5c
total_selling_and_administrative_expense,FY2022,2021-06-01,2022-05-31,14804000000,14804,USD,USD millions,us-gaap,SellingGeneralAndAdministrativeExpense,10-K,2023-07-20,0000320187-23-000039,https://www.sec.gov/Archives/edgar/data/320187/000032018723000039/nke-20230531.htm,https://data.sec.gov/api/xbrl/companyfacts/CIK0000320187.json,2026-09-07T06:55:02.100621+00:00,candidate_not_selected,Comparable candidates agree; selected the latest highest-priority presentation that is visible in SEC face-statement evidence.,reported,later_comparative,"USD divided by 1,000,000.",income_statement,duration,2023,FY,,1,https://www.sec.gov/Archives/edgar/data/320187/000032018723000039/R3.htm,2026-09-07T07:03:56.168211+00:00,ea7d6dbbd0927e1fbd1cd2e42aa966c747c38111946fd03880726615e48d3f82,Total selling and administrative expense,14804,verified,Company Facts value agrees with the SEC-rendered face statement within its displayed precision.,,,,,,54abad8b001c9e08bb81b83c12f30e36867f6462a12e040cc329e94d46e6fc5c
total_selling_and_administrative_expense,FY2022,2021-06-01,2022-05-31,14804000000,14804,USD,USD millions,us-gaap,SellingGeneralAndAdministrativeExpense,10-K,2024-07-25,0000320187-24-000044,https://www.sec.gov/Archives/edgar/data/320187/000032018724000044/nke-20240531.htm,https://data.sec.gov/api/xbrl/companyfacts/CIK0000320187.json,2026-09-07T06:55:02.100621+00:00,selected,Comparable candidates agree; selected the latest highest-priority presentation that is visible in SEC face-statement evidence.,reported,later_comparative,"USD divided by 1,000,000.",income_statement,duration,2024,FY,CY2021,1,https://www.sec.gov/Archives/edgar/data/320187/000032018724000044/R3.htm,2026-09-07T07:03:57.836582+00:00,ac6824da10fc859f7f318c38a85e9f8642ebe92d2da0b978146ee3e1cf4aaca2,Total selling and administrative expense,14804,verified,Company Facts value agrees with the SEC-rendered face statement within its displayed precision.,,,,,,54abad8b001c9e08bb81b83c12f30e36867f6462a12e040cc329e94d46e6fc5c
income_before_income_taxes,FY2022,2021-06-01,2022-05-31,6651000000,6651,USD,USD millions,us-gaap,IncomeLossFromContinuingOperationsBeforeIncomeTaxesExtraordinaryItemsNoncontrollingInterest,10-K,2022-07-21,0000320187-22-000038,https://www.sec.gov/Archives/edgar/data/320187/000032018722000038/nke-20220531.htm,https://data.sec.gov/api/xbrl/companyfacts/CIK0000320187.json,2026-09-07T06:55:02.100621+00:00,candidate_not_selected,Comparable candidates agree; selected the latest highest-priority presentation that is visible in SEC face-statement evidence.,reported,originally_reported,"USD divided by 1,000,000.",income_statement,duration,2022,FY,,1,https://www.sec.gov/Archives/edgar/data/320187/000032018722000038/R3.htm,2026-09-07T07:03:54.432504+00:00,ccdfe79c09e57121ac3bd971c3a9ff9285188d979a5cd160b156133c85b0326a,Income before income taxes,6651,verified,Company Facts value agrees with the SEC-rendered face statement within its displayed precision.,,,,,,54abad8b001c9e08bb81b83c12f30e36867f6462a12e040cc329e94d46e6fc5c
income_before_income_taxes,FY2022,2021-06-01,2022-05-31,6651000000,6651,USD,USD millions,us-gaap,IncomeLossFromContinuingOperationsBeforeIncomeTaxesExtraordinaryItemsNoncontrollingInterest,10-K,2023-07-20,0000320187-23-000039,https://www.sec.gov/Archives/edgar/data/320187/000032018723000039/nke-20230531.htm,https://data.sec.gov/api/xbrl/companyfacts/CIK0000320187.json,2026-09-07T06:55:02.100621+00:00,candidate_not_selected,Comparable candidates agree; selected the latest highest-priority presentation that is visible in SEC face-statement evidence.,reported,later_comparative,"USD divided by 1,000,000.",income_statement,duration,2023,FY,,1,https://www.sec.gov/Archives/edgar/data/320187/000032018723000039/R3.htm,2026-09-07T07:03:56.168211+00:00,ea7d6dbbd0927e1fbd1cd2e42aa966c747c38111946fd03880726615e48d3f82,Income before income taxes,6651,verified,Company Facts value agrees with the SEC-rendered face statement within its displayed precision.,,,,,,54abad8b001c9e08bb81b83c12f30e36867f6462a12e040cc329e94d46e6fc5c
income_before_income_taxes,FY2022,2021-06-01,2022-05-31,6651000000,6651,USD,USD millions,us-gaap,IncomeLossFromContinuingOperationsBeforeIncomeTaxesExtraordinaryItemsNoncontrollingInterest,10-K,2024-07-25,0000320187-24-000044,https://www.sec.gov/Archives/edgar/data/320187/000032018724000044/nke-20240531.htm,https://data.sec.gov/api/xbrl/companyfacts/CIK0000320187.json,2026-09-07T06:55:02.100621+00:00,selected,Comparable candidates agree; selected the latest highest-priority presentation that is visible in SEC face-statement evidence.,reported,later_comparative,"USD divided by 1,000,000.",income_statement,duration,2024,FY,CY2021,1,https://www.sec.gov/Archives/edgar/data/320187/000032018724000044/R3.htm,2026-09-07T07:03:57.836582+00:00,ac6824da10fc859f7f318c38a85e9f8642ebe92d2da0b978146ee3e1cf4aaca2,Income before income taxes,6651,verified,Company Facts value agrees with the SEC-rendered face statement within its displayed precision.,,,,,,54abad8b001c9e08bb81b83c12f30e36867f6462a12e040cc329e94d46e6fc5c
interest_income_expense_nonoperating_net,FY2022,2021-06-01,2022-05-31,-205000000,-205,USD,USD millions,us-gaap,InterestIncomeExpenseNonoperatingNet,10-K,2022-07-21,0000320187-22-000038,https://www.sec.gov/Archives/edgar/data/320187/000032018722000038/nke-20220531.htm,https://data.sec.gov/api/xbrl/companyfacts/CIK0000320187.json,2026-09-07T06:55:02.100621+00:00,candidate_not_selected,Comparable candidates agree; selected the latest highest-priority presentation that is visible in SEC face-statement evidence.,reported,originally_reported,"USD divided by 1,000,000. Positive normalized values represent income and negative values represent expense; the face-statement expense label uses the opposite sign.",income_statement,duration,2022,FY,,1,https://www.sec.gov/Archives/edgar/data/320187/000032018722000038/R3.htm,2026-09-07T07:03:54.432504+00:00,ccdfe79c09e57121ac3bd971c3a9ff9285188d979a5cd160b156133c85b0326a,"Interest expense (income), net",205,verified,Company Facts value agrees with the SEC-rendered face statement within its displayed precision.,,,,,,54abad8b001c9e08bb81b83c12f30e36867f6462a12e040cc329e94d46e6fc5c
interest_income_expense_nonoperating_net,FY2022,2021-06-01,2022-05-31,-205000000,-205,USD,USD millions,us-gaap,InterestIncomeExpenseNonoperatingNet,10-K,2023-07-20,0000320187-23-000039,https://www.sec.gov/Archives/edgar/data/320187/000032018723000039/nke-20230531.htm,https://data.sec.gov/api/xbrl/companyfacts/CIK0000320187.json,2026-09-07T06:55:02.100621+00:00,candidate_not_selected,Comparable candidates agree; selected the latest highest-priority presentation that is visible in SEC face-statement evidence.,reported,later_comparative,"USD divided by 1,000,000. Positive normalized values represent income and negative values represent expense; the face-statement expense label uses the opposite sign.",income_statement,duration,2023,FY,,1,https://www.sec.gov/Archives/edgar/data/320187/000032018723000039/R3.htm,2026-09-07T07:03:56.168211+00:00,ea7d6dbbd0927e1fbd1cd2e42aa966c747c38111946fd03880726615e48d3f82,"Interest expense (income), net",205,verified,Company Facts value agrees with the SEC-rendered face statement within its displayed precision.,,,,,,54abad8b001c9e08bb81b83c12f30e36867f6462a12e040cc329e94d46e6fc5c
interest_income_expense_nonoperating_net,FY2022,2021-06-01,2022-05-31,-205000000,-205,USD,USD millions,us-gaap,InterestIncomeExpenseNonoperatingNet,10-K,2024-07-25,0000320187-24-000044,https://www.sec.gov/Archives/edgar/data/320187/000032018724000044/nke-20240531.htm,https://data.sec.gov/api/xbrl/companyfacts/CIK0000320187.json,2026-09-07T06:55:02.100621+00:00,selected,Comparable candidates agree; selected the latest highest-priority presentation that is visible in SEC face-statement evidence.,reported,later_comparative,"USD divided by 1,000,000. Positive normalized values represent income and negative values represent expense; the face-statement expense label uses the opposite sign.",income_statement,duration,2024,FY,CY2021,1,https://www.sec.gov/Archives/edgar/data/320187/000032018724000044/R3.htm,2026-09-07T07:03:57.836582+00:00,ac6824da10fc859f7f318c38a85e9f8642ebe92d2da0b978146ee3e1cf4aaca2,"Interest expense (income), net",205,verified,Company Facts value agrees with the SEC-rendered face statement within its displayed precision.,,,,,,54abad8b001c9e08bb81b83c12f30e36867f6462a12e040cc329e94d46e6fc5c
other_nonoperating_income_expense,FY2022,2021-06-01,2022-05-31,181000000,181,USD,USD millions,us-gaap,OtherNonoperatingIncomeExpense,10-K,2022-07-21,0000320187-22-000038,https://www.sec.gov/Archives/edgar/data/320187/000032018722000038/nke-20220531.htm,https://data.sec.gov/api/xbrl/companyfacts/CIK0000320187.json,2026-09-07T06:55:02.100621+00:00,candidate_not_selected,Comparable candidates agree; selected the latest highest-priority presentation that is visible in SEC face-statement evidence.,reported,originally_reported,"USD divided by 1,000,000. Positive normalized values represent income and negative values represent expense; the face-statement expense label uses the opposite sign.",income_statement,duration,2022,FY,,1,https://www.sec.gov/Archives/edgar/data/320187/000032018722000038/R3.htm,2026-09-07T07:03:54.432504+00:00,ccdfe79c09e57121ac3bd971c3a9ff9285188d979a5cd160b156133c85b0326a,"Other (income) expense, net",-181,verified,Company Facts value agrees with the SEC-rendered face statement within its displayed precision.,,,,,,54abad8b001c9e08bb81b83c12f30e36867f6462a12e040cc329e94d46e6fc5c
other_nonoperating_income_expense,FY2022,2021-06-01,2022-05-31,181000000,181,USD,USD millions,us-gaap,OtherNonoperatingIncomeExpense,10-K,2023-07-20,0000320187-23-000039,https://www.sec.gov/Archives/edgar/data/320187/000032018723000039/nke-20230531.htm,https://data.sec.gov/api/xbrl/companyfacts/CIK0000320187.json,2026-09-07T06:55:02.100621+00:00,candidate_not_selected,Comparable candidates agree; selected the latest highest-priority presentation that is visible in SEC face-statement evidence.,reported,later_comparative,"USD divided by 1,000,000. Positive normalized values represent income and negative values represent expense; the face-statement expense label uses the opposite sign.",income_statement,duration,2023,FY,,1,https://www.sec.gov/Archives/edgar/data/320187/000032018723000039/R3.htm,2026-09-07T07:03:56.168211+00:00,ea7d6dbbd0927e1fbd1cd2e42aa966c747c38111946fd03880726615e48d3f82,"Other (income) expense, net",-181,verified,Company Facts value agrees with the SEC-rendered face statement within its displayed precision.,,,,,,54abad8b001c9e08bb81b83c12f30e36867f6462a12e040cc329e94d46e6fc5c
other_nonoperating_income_expense,FY2022,2021-06-01,2022-05-31,181000000,181,USD,USD millions,us-gaap,OtherNonoperatingIncomeExpense,10-K,2024-07-25,0000320187-24-000044,https://www.sec.gov/Archives/edgar/data/320187/000032018724000044/nke-20240531.htm,https://data.sec.gov/api/xbrl/companyfacts/CIK0000320187.json,2026-09-07T06:55:02.100621+00:00,selected,Comparable candidates agree; selected the latest highest-priority presentation that is visible in SEC face-statement evidence.,reported,later_comparative,"USD divided by 1,000,000. Positive normalized values represent income and negative values represent expense; the face-statement expense label uses the opposite sign.",income_statement,duration,2024,FY,CY2021,1,https://www.sec.gov/Archives/edgar/data/320187/000032018724000044/R3.htm,2026-09-07T07:03:57.836582+00:00,ac6824da10fc859f7f318c38a85e9f8642ebe92d2da0b978146ee3e1cf4aaca2,"Other (income) expense, net",-181,verified,Company Facts value agrees with the SEC-rendered face statement within its displayed precision.,,,,,,54abad8b001c9e08bb81b83c12f30e36867f6462a12e040cc329e94d46e6fc5c
net_income,FY2022,2021-06-01,2022-05-31,6046000000,6046,USD,USD millions,us-gaap,NetIncomeLoss,10-K,2022-07-21,0000320187-22-000038,https://www.sec.gov/Archives/edgar/data/320187/000032018722000038/nke-20220531.htm,https://data.sec.gov/api/xbrl/companyfacts/CIK0000320187.json,2026-09-07T06:55:02.100621+00:00,candidate_not_selected,Comparable candidates agree; selected the latest highest-priority presentation that is visible in SEC face-statement evidence.,reported,originally_reported,"USD divided by 1,000,000.",income_statement,duration,2022,FY,,1,https://www.sec.gov/Archives/edgar/data/320187/000032018722000038/R3.htm,2026-09-07T07:03:54.432504+00:00,ccdfe79c09e57121ac3bd971c3a9ff9285188d979a5cd160b156133c85b0326a,NET INCOME,6046,verified,Company Facts value agrees with the SEC-rendered face statement within its displayed precision.,,,,,,54abad8b001c9e08bb81b83c12f30e36867f6462a12e040cc329e94d46e6fc5c
net_income,FY2022,2021-06-01,2022-05-31,6046000000,6046,USD,USD millions,us-gaap,NetIncomeLoss,10-K,2023-07-20,0000320187-23-000039,https://www.sec.gov/Archives/edgar/data/320187/000032018723000039/nke-20230531.htm,https://data.sec.gov/api/xbrl/companyfacts/CIK0000320187.json,2026-09-07T06:55:02.100621+00:00,candidate_not_selected,Comparable candidates agree; selected the latest highest-priority presentation that is visible in SEC face-statement evidence.,reported,later_comparative,"USD divided by 1,000,000.",income_statement,duration,2023,FY,,1,https://www.sec.gov/Archives/edgar/data/320187/000032018723000039/R3.htm,2026-09-07T07:03:56.168211+00:00,ea7d6dbbd0927e1fbd1cd2e42aa966c747c38111946fd03880726615e48d3f82,NET INCOME,6046,verified,Company Facts value agrees with the SEC-rendered face statement within its displayed precision.,,,,,,54abad8b001c9e08bb81b83c12f30e36867f6462a12e040cc329e94d46e6fc5c
net_income,FY2022,2021-06-01,2022-05-31,6046000000,6046,USD,USD millions,us-gaap,NetIncomeLoss,10-K,2024-07-25,0000320187-24-000044,https://www.sec.gov/Archives/edgar/data/320187/000032018724000044/nke-20240531.htm,https://data.sec.gov/api/xbrl/companyfacts/CIK0000320187.json,2026-09-07T06:55:02.100621+00:00,selected,Comparable candidates agree; selected the latest highest-priority presentation that is visible in SEC face-statement evidence.,reported,later_comparative,"USD divided by 1,000,000.",income_statement,duration,2024,FY,,1,https://www.sec.gov/Archives/edgar/data/320187/000032018724000044/R3.htm,2026-09-07T07:03:57.836582+00:00,ac6824da10fc859f7f318c38a85e9f8642ebe92d2da0b978146ee3e1cf4aaca2,NET INCOME,6046,verified,Company Facts value agrees with the SEC-rendered face statement within its displayed precision.,,,,,,54abad8b001c9e08bb81b83c12f30e36867f6462a12e040cc329e94d46e6fc5c
diluted_eps,FY2022,2021-06-01,2022-05-31,3.75,3.75,USD/shares,USD per share,us-gaap,EarningsPerShareDiluted,10-K,2022-07-21,0000320187-22-000038,https://www.sec.gov/Archives/edgar/data/320187/000032018722000038/nke-20220531.htm,https://data.sec.gov/api/xbrl/companyfacts/CIK0000320187.json,2026-09-07T06:55:02.100621+00:00,candidate_not_selected,Comparable candidates agree; selected the latest highest-priority presentation that is visible in SEC face-statement evidence.,reported,originally_reported,Per-share value retained without scaling.,income_statement,duration,2022,FY,,1,https://www.sec.gov/Archives/edgar/data/320187/000032018722000038/R3.htm,2026-09-07T07:03:54.432504+00:00,ccdfe79c09e57121ac3bd971c3a9ff9285188d979a5cd160b156133c85b0326a,Diluted (in dollars per share),3.75,verified,Company Facts value agrees with the SEC-rendered face statement within its displayed precision.,,,,,,54abad8b001c9e08bb81b83c12f30e36867f6462a12e040cc329e94d46e6fc5c
diluted_eps,FY2022,2021-06-01,2022-05-31,3.75,3.75,USD/shares,USD per share,us-gaap,EarningsPerShareDiluted,10-K,2023-07-20,0000320187-23-000039,https://www.sec.gov/Archives/edgar/data/320187/000032018723000039/nke-20230531.htm,https://data.sec.gov/api/xbrl/companyfacts/CIK0000320187.json,2026-09-07T06:55:02.100621+00:00,candidate_not_selected,Comparable candidates agree; selected the latest highest-priority presentation that is visible in SEC face-statement evidence.,reported,later_comparative,Per-share value retained without scaling.,income_statement,duration,2023,FY,,1,https://www.sec.gov/Archives/edgar/data/320187/000032018723000039/R3.htm,2026-09-07T07:03:56.168211+00:00,ea7d6dbbd0927e1fbd1cd2e42aa966c747c38111946fd03880726615e48d3f82,Diluted (in dollars per share),3.75,verified,Company Facts value agrees with the SEC-rendered face statement within its displayed precision.,,,,,,54abad8b001c9e08bb81b83c12f30e36867f6462a12e040cc329e94d46e6fc5c
diluted_eps,FY2022,2021-06-01,2022-05-31,3.75,3.75,USD/shares,USD per share,us-gaap,EarningsPerShareDiluted,10-K,2024-07-25,0000320187-24-000044,https://www.sec.gov/Archives/edgar/data/320187/000032018724000044/nke-20240531.htm,https://data.sec.gov/api/xbrl/companyfacts/CIK0000320187.json,2026-09-07T06:55:02.100621+00:00,selected,Comparable candidates agree; selected the latest highest-priority presentation that is visible in SEC face-statement evidence.,reported,later_comparative,Per-share value retained without scaling.,income_statement,duration,2024,FY,CY2021,1,https://www.sec.gov/Archives/edgar/data/320187/000032018724000044/R3.htm,2026-09-07T07:03:57.836582+00:00,ac6824da10fc859f7f318c38a85e9f8642ebe92d2da0b978146ee3e1cf4aaca2,Diluted (in dollars per share),3.75,verified,Company Facts value agrees with the SEC-rendered face statement within its displayed precision.,,,,,,54abad8b001c9e08bb81b83c12f30e36867f6462a12e040cc329e94d46e6fc5c
diluted_weighted_average_shares,FY2022,2021-06-01,2022-05-31,1610800000,1610.8,shares,shares millions,us-gaap,WeightedAverageNumberOfDilutedSharesOutstanding,10-K,2022-07-21,0000320187-22-000038,https://www.sec.gov/Archives/edgar/data/320187/000032018722000038/nke-20220531.htm,https://data.sec.gov/api/xbrl/companyfacts/CIK0000320187.json,2026-09-07T06:55:02.100621+00:00,candidate_not_selected,Comparable candidates agree; selected the latest highest-priority presentation that is visible in SEC face-statement evidence.,reported,originally_reported,"shares divided by 1,000,000.",income_statement,duration,2022,FY,,1,https://www.sec.gov/Archives/edgar/data/320187/000032018722000038/R3.htm,2026-09-07T07:03:54.432504+00:00,ccdfe79c09e57121ac3bd971c3a9ff9285188d979a5cd160b156133c85b0326a,Diluted (in shares),1610.8,verified,Company Facts value agrees with the SEC-rendered face statement within its displayed precision.,,,,,,54abad8b001c9e08bb81b83c12f30e36867f6462a12e040cc329e94d46e6fc5c
diluted_weighted_average_shares,FY2022,2021-06-01,2022-05-31,1610800000,1610.8,shares,shares millions,us-gaap,WeightedAverageNumberOfDilutedSharesOutstanding,10-K,2023-07-20,0000320187-23-000039,https://www.sec.gov/Archives/edgar/data/320187/000032018723000039/nke-20230531.htm,https://data.sec.gov/api/xbrl/companyfacts/CIK0000320187.json,2026-09-07T06:55:02.100621+00:00,candidate_not_selected,Comparable candidates agree; selected the latest highest-priority presentation that is visible in SEC face-statement evidence.,reported,later_comparative,"shares divided by 1,000,000.",income_statement,duration,2023,FY,,1,https://www.sec.gov/Archives/edgar/data/320187/000032018723000039/R3.htm,2026-09-07T07:03:56.168211+00:00,ea7d6dbbd0927e1fbd1cd2e42aa966c747c38111946fd03880726615e48d3f82,Diluted (in shares),1610.8,verified,Company Facts value agrees with the SEC-rendered face statement within its displayed precision.,,,,,,54abad8b001c9e08bb81b83c12f30e36867f6462a12e040cc329e94d46e6fc5c
diluted_weighted_average_shares,FY2022,2021-06-01,2022-05-31,1610800000,1610.8,shares,shares millions,us-gaap,WeightedAverageNumberOfDilutedSharesOutstanding,10-K,2024-07-25,0000320187-24-000044,https://www.sec.gov/Archives/edgar/data/320187/000032018724000044/nke-20240531.htm,https://data.sec.gov/api/xbrl/companyfacts/CIK0000320187.json,2026-09-07T06:55:02.100621+00:00,selected,Comparable candidates agree; selected the latest highest-priority presentation that is visible in SEC face-statement evidence.,reported,later_comparative,"shares divided by 1,000,000.",income_statement,duration,2024,FY,CY2021,1,https://www.sec.gov/Archives/edgar/data/320187/000032018724000044/R3.htm,2026-09-07T07:03:57.836582+00:00,ac6824da10fc859f7f318c38a85e9f8642ebe92d2da0b978146ee3e1cf4aaca2,Diluted (in shares),1610.8,verified,Company Facts value agrees with the SEC-rendered face statement within its displayed precision.,,,,,,54abad8b001c9e08bb81b83c12f30e36867f6462a12e040cc329e94d46e6fc5c
cash_and_cash_equivalents,FY2022,,2022-05-31,8574000000,8574,USD,USD millions,us-gaap,CashAndCashEquivalentsAtCarryingValue,10-K,2022-07-21,0000320187-22-000038,https://www.sec.gov/Archives/edgar/data/320187/000032018722000038/nke-20220531.htm,https://data.sec.gov/api/xbrl/companyfacts/CIK0000320187.json,2026-09-07T06:55:02.100621+00:00,candidate_not_selected,Comparable candidates agree; selected the latest highest-priority presentation that is visible in SEC face-statement evidence.,reported,originally_reported,"USD divided by 1,000,000.",balance_sheet,instant,2022,FY,,1,https://www.sec.gov/Archives/edgar/data/320187/000032018722000038/R5.htm,2026-09-07T07:03:55.057722+00:00,c9196cfec6d6499158a8438eb6d4e8f7882179f226f01fc93e3361d8ec1f2e43,Cash and equivalents,8574,verified,Company Facts value agrees with the SEC-rendered face statement within its displayed precision.,,,,,,54abad8b001c9e08bb81b83c12f30e36867f6462a12e040cc329e94d46e6fc5c
cash_and_cash_equivalents,FY2022,,2022-05-31,8574000000,8574,USD,USD millions,us-gaap,CashAndCashEquivalentsAtCarryingValue,10-K,2023-07-20,0000320187-23-000039,https://www.sec.gov/Archives/edgar/data/320187/000032018723000039/nke-20230531.htm,https://data.sec.gov/api/xbrl/companyfacts/CIK0000320187.json,2026-09-07T06:55:02.100621+00:00,selected,Comparable candidates agree; selected the latest highest-priority presentation that is visible in SEC face-statement evidence.,reported,later_comparative,"USD divided by 1,000,000.",balance_sheet,instant,2023,FY,CY2022Q2I,1,https://www.sec.gov/Archives/edgar/data/320187/000032018723000039/R5.htm,2026-09-07T07:03:56.723017+00:00,871e09eb4f2a262ac64e29f0eb76b85ad6234d9d1fb2f476551293c76e11fa61,Cash and equivalents,8574,verified,Company Facts value agrees with the SEC-rendered face statement within its displayed precision.,,,,,,54abad8b001c9e08bb81b83c12f30e36867f6462a12e040cc329e94d46e6fc5c
short_term_investments,FY2022,,2022-05-31,4423000000,4423,USD,USD millions,us-gaap,DebtSecuritiesAvailableForSaleExcludingAccruedInterestCurrent,10-K,2022-07-21,0000320187-22-000038,https://www.sec.gov/Archives/edgar/data/320187/000032018722000038/nke-20220531.htm,https://data.sec.gov/api/xbrl/companyfacts/CIK0000320187.json,2026-09-07T06:55:02.100621+00:00,candidate_not_selected,Comparable candidates agree; selected the latest highest-priority presentation that is visible in SEC face-statement evidence.,reported,originally_reported,"USD divided by 1,000,000.",balance_sheet,instant,2022,FY,,1,https://www.sec.gov/Archives/edgar/data/320187/000032018722000038/R5.htm,2026-09-07T07:03:55.057722+00:00,c9196cfec6d6499158a8438eb6d4e8f7882179f226f01fc93e3361d8ec1f2e43,Short-term investments,4423,verified,Company Facts value agrees with the SEC-rendered face statement within its displayed precision.,,,,,,54abad8b001c9e08bb81b83c12f30e36867f6462a12e040cc329e94d46e6fc5c
short_term_investments,FY2022,,2022-05-31,4423000000,4423,USD,USD millions,us-gaap,DebtSecuritiesAvailableForSaleExcludingAccruedInterestCurrent,10-K,2023-07-20,0000320187-23-000039,https://www.sec.gov/Archives/edgar/data/320187/000032018723000039/nke-20230531.htm,https://data.sec.gov/api/xbrl/companyfacts/CIK0000320187.json,2026-09-07T06:55:02.100621+00:00,selected,Comparable candidates agree; selected the latest highest-priority presentation that is visible in SEC face-statement evidence.,reported,later_comparative,"USD divided by 1,000,000.",balance_sheet,instant,2023,FY,CY2022Q2I,1,https://www.sec.gov/Archives/edgar/data/320187/000032018723000039/R5.htm,2026-09-07T07:03:56.723017+00:00,871e09eb4f2a262ac64e29f0eb76b85ad6234d9d1fb2f476551293c76e11fa61,Short-term investments,4423,verified,Company Facts value agrees with the SEC-rendered face statement within its displayed precision.,,,,,,54abad8b001c9e08bb81b83c12f30e36867f6462a12e040cc329e94d46e6fc5c
accounts_receivable,FY2022,,2022-05-31,4667000000,4667,USD,USD millions,us-gaap,AccountsReceivableNetCurrent,10-K,2022-07-21,0000320187-22-000038,https://www.sec.gov/Archives/edgar/data/320187/000032018722000038/nke-20220531.htm,https://data.sec.gov/api/xbrl/companyfacts/CIK0000320187.json,2026-09-07T06:55:02.100621+00:00,candidate_not_selected,Comparable candidates agree; selected the latest highest-priority presentation that is visible in SEC face-statement evidence.,reported,originally_reported,"USD divided by 1,000,000.",balance_sheet,instant,2022,FY,,1,https://www.sec.gov/Archives/edgar/data/320187/000032018722000038/R5.htm,2026-09-07T07:03:55.057722+00:00,c9196cfec6d6499158a8438eb6d4e8f7882179f226f01fc93e3361d8ec1f2e43,"Accounts receivable, net",4667,verified,Company Facts value agrees with the SEC-rendered face statement within its displayed precision.,,,,,,54abad8b001c9e08bb81b83c12f30e36867f6462a12e040cc329e94d46e6fc5c
accounts_receivable,FY2022,,2022-05-31,4667000000,4667,USD,USD millions,us-gaap,AccountsReceivableNetCurrent,10-K,2023-07-20,0000320187-23-000039,https://www.sec.gov/Archives/edgar/data/320187/000032018723000039/nke-20230531.htm,https://data.sec.gov/api/xbrl/companyfacts/CIK0000320187.json,2026-09-07T06:55:02.100621+00:00,selected,Comparable candidates agree; selected the latest highest-priority presentation that is visible in SEC face-statement evidence.,reported,later_comparative,"USD divided by 1,000,000.",balance_sheet,instant,2023,FY,CY2022Q2I,1,https://www.sec.gov/Archives/edgar/data/320187/000032018723000039/R5.htm,2026-09-07T07:03:56.723017+00:00,871e09eb4f2a262ac64e29f0eb76b85ad6234d9d1fb2f476551293c76e11fa61,"Accounts receivable, net",4667,verified,Company Facts value agrees with the SEC-rendered face statement within its displayed precision.,,,,,,54abad8b001c9e08bb81b83c12f30e36867f6462a12e040cc329e94d46e6fc5c
inventory,FY2022,,2022-05-31,8420000000,8420,USD,USD millions,us-gaap,InventoryFinishedGoodsNetOfReserves,10-K,2022-07-21,0000320187-22-000038,https://www.sec.gov/Archives/edgar/data/320187/000032018722000038/nke-20220531.htm,https://data.sec.gov/api/xbrl/companyfacts/CIK0000320187.json,2026-09-07T06:55:02.100621+00:00,candidate_not_selected,Comparable candidates agree; selected the latest highest-priority presentation that is visible in SEC face-statement evidence.,reported,originally_reported,"USD divided by 1,000,000.",balance_sheet,instant,2022,FY,,1,https://www.sec.gov/Archives/edgar/data/320187/000032018722000038/R5.htm,2026-09-07T07:03:55.057722+00:00,c9196cfec6d6499158a8438eb6d4e8f7882179f226f01fc93e3361d8ec1f2e43,Inventories,8420,verified,Company Facts value agrees with the SEC-rendered face statement within its displayed precision.,,,,,,54abad8b001c9e08bb81b83c12f30e36867f6462a12e040cc329e94d46e6fc5c
inventory,FY2022,,2022-05-31,8420000000,8420,USD,USD millions,us-gaap,InventoryFinishedGoodsNetOfReserves,10-K,2023-07-20,0000320187-23-000039,https://www.sec.gov/Archives/edgar/data/320187/000032018723000039/nke-20230531.htm,https://data.sec.gov/api/xbrl/companyfacts/CIK0000320187.json,2026-09-07T06:55:02.100621+00:00,selected,Comparable candidates agree; selected the latest highest-priority presentation that is visible in SEC face-statement evidence.,reported,later_comparative,"USD divided by 1,000,000.",balance_sheet,instant,2023,FY,CY2022Q2I,1,https://www.sec.gov/Archives/edgar/data/320187/000032018723000039/R5.htm,2026-09-07T07:03:56.723017+00:00,871e09eb4f2a262ac64e29f0eb76b85ad6234d9d1fb2f476551293c76e11fa61,Inventories,8420,verified,Company Facts value agrees with the SEC-rendered face statement within its displayed precision.,,,,,,54abad8b001c9e08bb81b83c12f30e36867f6462a12e040cc329e94d46e6fc5c
current_assets,FY2022,,2022-05-31,28213000000,28213,USD,USD millions,us-gaap,AssetsCurrent,10-K,2022-07-21,0000320187-22-000038,https://www.sec.gov/Archives/edgar/data/320187/000032018722000038/nke-20220531.htm,https://data.sec.gov/api/xbrl/companyfacts/CIK0000320187.json,2026-09-07T06:55:02.100621+00:00,candidate_not_selected,Comparable candidates agree; selected the latest highest-priority presentation that is visible in SEC face-statement evidence.,reported,originally_reported,"USD divided by 1,000,000.",balance_sheet,instant,2022,FY,,1,https://www.sec.gov/Archives/edgar/data/320187/000032018722000038/R5.htm,2026-09-07T07:03:55.057722+00:00,c9196cfec6d6499158a8438eb6d4e8f7882179f226f01fc93e3361d8ec1f2e43,Total current assets,28213,verified,Company Facts value agrees with the SEC-rendered face statement within its displayed precision.,,,,,,54abad8b001c9e08bb81b83c12f30e36867f6462a12e040cc329e94d46e6fc5c
current_assets,FY2022,,2022-05-31,28213000000,28213,USD,USD millions,us-gaap,AssetsCurrent,10-K,2023-07-20,0000320187-23-000039,https://www.sec.gov/Archives/edgar/data/320187/000032018723000039/nke-20230531.htm,https://data.sec.gov/api/xbrl/companyfacts/CIK0000320187.json,2026-09-07T06:55:02.100621+00:00,selected,Comparable candidates agree; selected the latest highest-priority presentation that is visible in SEC face-statement evidence.,reported,later_comparative,"USD divided by 1,000,000.",balance_sheet,instant,2023,FY,CY2022Q2I,1,https://www.sec.gov/Archives/edgar/data/320187/000032018723000039/R5.htm,2026-09-07T07:03:56.723017+00:00,871e09eb4f2a262ac64e29f0eb76b85ad6234d9d1fb2f476551293c76e11fa61,Total current assets,28213,verified,Company Facts value agrees with the SEC-rendered face statement within its displayed precision.,,,,,,54abad8b001c9e08bb81b83c12f30e36867f6462a12e040cc329e94d46e6fc5c
current_liabilities,FY2022,,2022-05-31,10730000000,10730,USD,USD millions,us-gaap,LiabilitiesCurrent,10-K,2022-07-21,0000320187-22-000038,https://www.sec.gov/Archives/edgar/data/320187/000032018722000038/nke-20220531.htm,https://data.sec.gov/api/xbrl/companyfacts/CIK0000320187.json,2026-09-07T06:55:02.100621+00:00,candidate_not_selected,Comparable candidates agree; selected the latest highest-priority presentation that is visible in SEC face-statement evidence.,reported,originally_reported,"USD divided by 1,000,000.",balance_sheet,instant,2022,FY,,1,https://www.sec.gov/Archives/edgar/data/320187/000032018722000038/R5.htm,2026-09-07T07:03:55.057722+00:00,c9196cfec6d6499158a8438eb6d4e8f7882179f226f01fc93e3361d8ec1f2e43,Total current liabilities,10730,verified,Company Facts value agrees with the SEC-rendered face statement within its displayed precision.,,,,,,54abad8b001c9e08bb81b83c12f30e36867f6462a12e040cc329e94d46e6fc5c
current_liabilities,FY2022,,2022-05-31,10730000000,10730,USD,USD millions,us-gaap,LiabilitiesCurrent,10-K,2023-07-20,0000320187-23-000039,https://www.sec.gov/Archives/edgar/data/320187/000032018723000039/nke-20230531.htm,https://data.sec.gov/api/xbrl/companyfacts/CIK0000320187.json,2026-09-07T06:55:02.100621+00:00,selected,Comparable candidates agree; selected the latest highest-priority presentation that is visible in SEC face-statement evidence.,reported,later_comparative,"USD divided by 1,000,000.",balance_sheet,instant,2023,FY,CY2022Q2I,1,https://www.sec.gov/Archives/edgar/data/320187/000032018723000039/R5.htm,2026-09-07T07:03:56.723017+00:00,871e09eb4f2a262ac64e29f0eb76b85ad6234d9d1fb2f476551293c76e11fa61,Total current liabilities,10730,verified,Company Facts value agrees with the SEC-rendered face statement within its displayed precision.,,,,,,54abad8b001c9e08bb81b83c12f30e36867f6462a12e040cc329e94d46e6fc5c
total_assets,FY2022,,2022-05-31,40321000000,40321,USD,USD millions,us-gaap,Assets,10-K,2022-07-21,0000320187-22-000038,https://www.sec.gov/Archives/edgar/data/320187/000032018722000038/nke-20220531.htm,https://data.sec.gov/api/xbrl/companyfacts/CIK0000320187.json,2026-09-07T06:55:02.100621+00:00,candidate_not_selected,Comparable candidates agree; selected the latest highest-priority presentation that is visible in SEC face-statement evidence.,reported,originally_reported,"USD divided by 1,000,000.",balance_sheet,instant,2022,FY,,1,https://www.sec.gov/Archives/edgar/data/320187/000032018722000038/R5.htm,2026-09-07T07:03:55.057722+00:00,c9196cfec6d6499158a8438eb6d4e8f7882179f226f01fc93e3361d8ec1f2e43,TOTAL ASSETS,40321,verified,Company Facts value agrees with the SEC-rendered face statement within its displayed precision.,,,,,,54abad8b001c9e08bb81b83c12f30e36867f6462a12e040cc329e94d46e6fc5c
total_assets,FY2022,,2022-05-31,40321000000,40321,USD,USD millions,us-gaap,Assets,10-K,2023-07-20,0000320187-23-000039,https://www.sec.gov/Archives/edgar/data/320187/000032018723000039/nke-20230531.htm,https://data.sec.gov/api/xbrl/companyfacts/CIK0000320187.json,2026-09-07T06:55:02.100621+00:00,selected,Comparable candidates agree; selected the latest highest-priority presentation that is visible in SEC face-statement evidence.,reported,later_comparative,"USD divided by 1,000,000.",balance_sheet,instant,2023,FY,CY2022Q2I,1,https://www.sec.gov/Archives/edgar/data/320187/000032018723000039/R5.htm,2026-09-07T07:03:56.723017+00:00,871e09eb4f2a262ac64e29f0eb76b85ad6234d9d1fb2f476551293c76e11fa61,TOTAL ASSETS,40321,verified,Company Facts value agrees with the SEC-rendered face statement within its displayed precision.,,,,,,54abad8b001c9e08bb81b83c12f30e36867f6462a12e040cc329e94d46e6fc5c
notes_payable_and_short_term_borrowings,FY2022,,2022-05-31,10000000,10,USD,USD millions,us-gaap,ShortTermBorrowings,10-K,2022-07-21,0000320187-22-000038,https://www.sec.gov/Archives/edgar/data/320187/000032018722000038/nke-20220531.htm,https://data.sec.gov/api/xbrl/companyfacts/CIK0000320187.json,2026-09-07T06:55:02.100621+00:00,candidate_not_selected,Comparable candidates agree; selected the latest highest-priority presentation that is visible in SEC face-statement evidence. The filing-note evidence independently agrees.,reported,originally_reported,"USD divided by 1,000,000.",balance_sheet,instant,2022,FY,,1,https://www.sec.gov/Archives/edgar/data/320187/000032018722000038/R5.htm,2026-09-07T07:03:55.057722+00:00,c9196cfec6d6499158a8438eb6d4e8f7882179f226f01fc93e3361d8ec1f2e43,Notes payable,10,verified,Company Facts value agrees with the SEC-rendered face statement within its displayed precision.,https://www.sec.gov/Archives/edgar/data/320187/000032018722000038/R55.htm,2026-09-07T07:37:47.682524+00:00,1a62d364b7a889e97bebc6f2a874e4764cb86a72dff4ca0507b390d166773edb,Note 7 - Total notes payable,"Detail confirms $10 million total notes payable, all from non-U.S. operations.",54abad8b001c9e08bb81b83c12f30e36867f6462a12e040cc329e94d46e6fc5c
notes_payable_and_short_term_borrowings,FY2022,,2022-05-31,10000000,10,USD,USD millions,us-gaap,ShortTermBorrowings,10-K,2023-07-20,0000320187-23-000039,https://www.sec.gov/Archives/edgar/data/320187/000032018723000039/nke-20230531.htm,https://data.sec.gov/api/xbrl/companyfacts/CIK0000320187.json,2026-09-07T06:55:02.100621+00:00,selected,Comparable candidates agree; selected the latest highest-priority presentation that is visible in SEC face-statement evidence. The filing-note evidence independently agrees.,reported,later_comparative,"USD divided by 1,000,000.",balance_sheet,instant,2023,FY,CY2022Q2I,1,https://www.sec.gov/Archives/edgar/data/320187/000032018723000039/R5.htm,2026-09-07T07:03:56.723017+00:00,871e09eb4f2a262ac64e29f0eb76b85ad6234d9d1fb2f476551293c76e11fa61,Notes payable,10,verified,Company Facts value agrees with the SEC-rendered face statement within its displayed precision.,https://www.sec.gov/Archives/edgar/data/320187/000032018722000038/R55.htm,2026-09-07T07:37:47.682524+00:00,1a62d364b7a889e97bebc6f2a874e4764cb86a72dff4ca0507b390d166773edb,Note 7 - Total notes payable,"Detail confirms $10 million total notes payable, all from non-U.S. operations.",54abad8b001c9e08bb81b83c12f30e36867f6462a12e040cc329e94d46e6fc5c
current_portion_long_term_debt,FY2022,,2022-05-31,500000000,500,USD,USD millions,us-gaap,LongTermDebtCurrent,10-K,2022-07-21,0000320187-22-000038,https://www.sec.gov/Archives/edgar/data/320187/000032018722000038/nke-20220531.htm,https://data.sec.gov/api/xbrl/companyfacts/CIK0000320187.json,2026-09-07T06:55:02.100621+00:00,candidate_not_selected,Comparable candidates agree; selected the latest highest-priority presentation that is visible in SEC face-statement evidence.,reported,originally_reported,"USD divided by 1,000,000.",balance_sheet,instant,2022,FY,,1,https://www.sec.gov/Archives/edgar/data/320187/000032018722000038/R5.htm,2026-09-07T07:03:55.057722+00:00,c9196cfec6d6499158a8438eb6d4e8f7882179f226f01fc93e3361d8ec1f2e43,Current portion of long-term debt,500,verified,Company Facts value agrees with the SEC-rendered face statement within its displayed precision.,,,,,,54abad8b001c9e08bb81b83c12f30e36867f6462a12e040cc329e94d46e6fc5c
current_portion_long_term_debt,FY2022,,2022-05-31,500000000,500,USD,USD millions,us-gaap,LongTermDebtCurrent,10-K,2023-07-20,0000320187-23-000039,https://www.sec.gov/Archives/edgar/data/320187/000032018723000039/nke-20230531.htm,https://data.sec.gov/api/xbrl/companyfacts/CIK0000320187.json,2026-09-07T06:55:02.100621+00:00,selected,Comparable candidates agree; selected the latest highest-priority presentation that is visible in SEC face-statement evidence.,reported,later_comparative,"USD divided by 1,000,000.",balance_sheet,instant,2023,FY,CY2022Q2I,1,https://www.sec.gov/Archives/edgar/data/320187/000032018723000039/R5.htm,2026-09-07T07:03:56.723017+00:00,871e09eb4f2a262ac64e29f0eb76b85ad6234d9d1fb2f476551293c76e11fa61,Current portion of long-term debt,500,verified,Company Facts value agrees with the SEC-rendered face statement within its displayed precision.,,,,,,54abad8b001c9e08bb81b83c12f30e36867f6462a12e040cc329e94d46e6fc5c
noncurrent_long_term_debt,FY2022,,2022-05-31,8920000000,8920,USD,USD millions,us-gaap,LongTermDebtNoncurrent,10-K,2022-07-21,0000320187-22-000038,https://www.sec.gov/Archives/edgar/data/320187/000032018722000038/nke-20220531.htm,https://data.sec.gov/api/xbrl/companyfacts/CIK0000320187.json,2026-09-07T06:55:02.100621+00:00,candidate_not_selected,Comparable candidates agree; selected the latest highest-priority presentation that is visible in SEC face-statement evidence.,reported,originally_reported,"USD divided by 1,000,000.",balance_sheet,instant,2022,FY,,1,https://www.sec.gov/Archives/edgar/data/320187/000032018722000038/R5.htm,2026-09-07T07:03:55.057722+00:00,c9196cfec6d6499158a8438eb6d4e8f7882179f226f01fc93e3361d8ec1f2e43,Long-term debt,8920,verified,Company Facts value agrees with the SEC-rendered face statement within its displayed precision.,,,,,,54abad8b001c9e08bb81b83c12f30e36867f6462a12e040cc329e94d46e6fc5c
noncurrent_long_term_debt,FY2022,,2022-05-31,8920000000,8920,USD,USD millions,us-gaap,LongTermDebtNoncurrent,10-K,2023-07-20,0000320187-23-000039,https://www.sec.gov/Archives/edgar/data/320187/000032018723000039/nke-20230531.htm,https://data.sec.gov/api/xbrl/companyfacts/CIK0000320187.json,2026-09-07T06:55:02.100621+00:00,selected,Comparable candidates agree; selected the latest highest-priority presentation that is visible in SEC face-statement evidence.,reported,later_comparative,"USD divided by 1,000,000.",balance_sheet,instant,2023,FY,CY2022Q2I,1,https://www.sec.gov/Archives/edgar/data/320187/000032018723000039/R5.htm,2026-09-07T07:03:56.723017+00:00,871e09eb4f2a262ac64e29f0eb76b85ad6234d9d1fb2f476551293c76e11fa61,Long-term debt,8920,verified,Company Facts value agrees with the SEC-rendered face statement within its displayed precision.,,,,,,54abad8b001c9e08bb81b83c12f30e36867f6462a12e040cc329e94d46e6fc5c
current_operating_lease_liabilities,FY2022,,2022-05-31,420000000,420,USD,USD millions,us-gaap,OperatingLeaseLiabilityCurrent,10-K,2022-07-21,0000320187-22-000038,https://www.sec.gov/Archives/edgar/data/320187/000032018722000038/nke-20220531.htm,https://data.sec.gov/api/xbrl/companyfacts/CIK0000320187.json,2026-09-07T06:55:02.100621+00:00,candidate_not_selected,Comparable candidates agree; selected the latest highest-priority presentation that is visible in SEC face-statement evidence.,reported,originally_reported,"USD divided by 1,000,000.",balance_sheet,instant,2022,FY,,1,https://www.sec.gov/Archives/edgar/data/320187/000032018722000038/R5.htm,2026-09-07T07:03:55.057722+00:00,c9196cfec6d6499158a8438eb6d4e8f7882179f226f01fc93e3361d8ec1f2e43,Current portion of operating lease liabilities,420,verified,Company Facts value agrees with the SEC-rendered face statement within its displayed precision.,,,,,,54abad8b001c9e08bb81b83c12f30e36867f6462a12e040cc329e94d46e6fc5c
current_operating_lease_liabilities,FY2022,,2022-05-31,420000000,420,USD,USD millions,us-gaap,OperatingLeaseLiabilityCurrent,10-K,2023-07-20,0000320187-23-000039,https://www.sec.gov/Archives/edgar/data/320187/000032018723000039/nke-20230531.htm,https://data.sec.gov/api/xbrl/companyfacts/CIK0000320187.json,2026-09-07T06:55:02.100621+00:00,selected,Comparable candidates agree; selected the latest highest-priority presentation that is visible in SEC face-statement evidence.,reported,later_comparative,"USD divided by 1,000,000.",balance_sheet,instant,2023,FY,CY2022Q2I,1,https://www.sec.gov/Archives/edgar/data/320187/000032018723000039/R5.htm,2026-09-07T07:03:56.723017+00:00,871e09eb4f2a262ac64e29f0eb76b85ad6234d9d1fb2f476551293c76e11fa61,Current portion of operating lease liabilities,420,verified,Company Facts value agrees with the SEC-rendered face statement within its displayed precision.,,,,,,54abad8b001c9e08bb81b83c12f30e36867f6462a12e040cc329e94d46e6fc5c
noncurrent_operating_lease_liabilities,FY2022,,2022-05-31,2777000000,2777,USD,USD millions,us-gaap,OperatingLeaseLiabilityNoncurrent,10-K,2022-07-21,0000320187-22-000038,https://www.sec.gov/Archives/edgar/data/320187/000032018722000038/nke-20220531.htm,https://data.sec.gov/api/xbrl/companyfacts/CIK0000320187.json,2026-09-07T06:55:02.100621+00:00,candidate_not_selected,Comparable candidates agree; selected the latest highest-priority presentation that is visible in SEC face-statement evidence.,reported,originally_reported,"USD divided by 1,000,000.",balance_sheet,instant,2022,FY,,1,https://www.sec.gov/Archives/edgar/data/320187/000032018722000038/R5.htm,2026-09-07T07:03:55.057722+00:00,c9196cfec6d6499158a8438eb6d4e8f7882179f226f01fc93e3361d8ec1f2e43,Operating lease liabilities,2777,verified,Company Facts value agrees with the SEC-rendered face statement within its displayed precision.,,,,,,54abad8b001c9e08bb81b83c12f30e36867f6462a12e040cc329e94d46e6fc5c
noncurrent_operating_lease_liabilities,FY2022,,2022-05-31,2777000000,2777,USD,USD millions,us-gaap,OperatingLeaseLiabilityNoncurrent,10-K,2023-07-20,0000320187-23-000039,https://www.sec.gov/Archives/edgar/data/320187/000032018723000039/nke-20230531.htm,https://data.sec.gov/api/xbrl/companyfacts/CIK0000320187.json,2026-09-07T06:55:02.100621+00:00,selected,Comparable candidates agree; selected the latest highest-priority presentation that is visible in SEC face-statement evidence.,reported,later_comparative,"USD divided by 1,000,000.",balance_sheet,instant,2023,FY,CY2022Q2I,1,https://www.sec.gov/Archives/edgar/data/320187/000032018723000039/R5.htm,2026-09-07T07:03:56.723017+00:00,871e09eb4f2a262ac64e29f0eb76b85ad6234d9d1fb2f476551293c76e11fa61,Operating lease liabilities,2777,verified,Company Facts value agrees with the SEC-rendered face statement within its displayed precision.,,,,,,54abad8b001c9e08bb81b83c12f30e36867f6462a12e040cc329e94d46e6fc5c
shareholders_equity,FY2022,,2022-05-31,15281000000,15281,USD,USD millions,us-gaap,StockholdersEquity,10-K,2022-07-21,0000320187-22-000038,https://www.sec.gov/Archives/edgar/data/320187/000032018722000038/nke-20220531.htm,https://data.sec.gov/api/xbrl/companyfacts/CIK0000320187.json,2026-09-07T06:55:02.100621+00:00,candidate_not_selected,Comparable candidates agree; selected the latest highest-priority presentation that is visible in SEC face-statement evidence.,reported,originally_reported,"USD divided by 1,000,000.",balance_sheet,instant,2022,FY,,1,https://www.sec.gov/Archives/edgar/data/320187/000032018722000038/R5.htm,2026-09-07T07:03:55.057722+00:00,c9196cfec6d6499158a8438eb6d4e8f7882179f226f01fc93e3361d8ec1f2e43,Total shareholders' equity,15281,verified,Company Facts value agrees with the SEC-rendered face statement within its displayed precision.,,,,,,54abad8b001c9e08bb81b83c12f30e36867f6462a12e040cc329e94d46e6fc5c
shareholders_equity,FY2022,,2022-05-31,15281000000,15281,USD,USD millions,us-gaap,StockholdersEquity,10-K,2023-07-20,0000320187-23-000039,https://www.sec.gov/Archives/edgar/data/320187/000032018723000039/nke-20230531.htm,https://data.sec.gov/api/xbrl/companyfacts/CIK0000320187.json,2026-09-07T06:55:02.100621+00:00,selected,Comparable candidates agree; selected the latest highest-priority presentation that is visible in SEC face-statement evidence.,reported,later_comparative,"USD divided by 1,000,000.",balance_sheet,instant,2023,FY,,1,https://www.sec.gov/Archives/edgar/data/320187/000032018723000039/R5.htm,2026-09-07T07:03:56.723017+00:00,871e09eb4f2a262ac64e29f0eb76b85ad6234d9d1fb2f476551293c76e11fa61,Total shareholders' equity,15281,verified,Company Facts value agrees with the SEC-rendered face statement within its displayed precision.,,,,,,54abad8b001c9e08bb81b83c12f30e36867f6462a12e040cc329e94d46e6fc5c
shareholders_equity,FY2022,,2022-05-31,15281000000,15281,USD,USD millions,us-gaap,StockholdersEquity,10-K,2024-07-25,0000320187-24-000044,https://www.sec.gov/Archives/edgar/data/320187/000032018724000044/nke-20240531.htm,https://data.sec.gov/api/xbrl/companyfacts/CIK0000320187.json,2026-09-07T06:55:02.100621+00:00,candidate_not_selected,Comparable candidates agree; selected the latest highest-priority presentation that is visible in SEC face-statement evidence.,reported,later_comparative,"USD divided by 1,000,000.",balance_sheet,instant,2024,FY,,1,https://www.sec.gov/Archives/edgar/data/320187/000032018724000044/R5.htm,2026-09-07T07:03:58.388254+00:00,2eb5156fe5f784426894d1df36a985b8f22c14aaf5aedfa0d43d20e2993784d6,,,not_visible,The target period or label is not visible in this filing's face statement.,,,,,,54abad8b001c9e08bb81b83c12f30e36867f6462a12e040cc329e94d46e6fc5c
shareholders_equity,FY2022,,2022-05-31,15281000000,15281,USD,USD millions,us-gaap,StockholdersEquity,10-K,2025-07-17,0000320187-25-000047,https://www.sec.gov/Archives/edgar/data/320187/000032018725000047/nke-20250531.htm,https://data.sec.gov/api/xbrl/companyfacts/CIK0000320187.json,2026-09-07T06:55:02.100621+00:00,candidate_not_selected,Comparable candidates agree; selected the latest highest-priority presentation that is visible in SEC face-statement evidence.,reported,later_comparative,"USD divided by 1,000,000.",balance_sheet,instant,2025,FY,CY2022Q2I,1,https://www.sec.gov/Archives/edgar/data/320187/000032018725000047/R5.htm,2026-09-07T07:04:00.039217+00:00,c6da536585ba0585fa58bfd979a8a39a3d3e586817cc2605347183e9572de03a,,,not_visible,The target period or label is not visible in this filing's face statement.,,,,,,54abad8b001c9e08bb81b83c12f30e36867f6462a12e040cc329e94d46e6fc5c
operating_cash_flow,FY2022,2021-06-01,2022-05-31,5188000000,5188,USD,USD millions,us-gaap,NetCashProvidedByUsedInOperatingActivities,10-K,2022-07-21,0000320187-22-000038,https://www.sec.gov/Archives/edgar/data/320187/000032018722000038/nke-20220531.htm,https://data.sec.gov/api/xbrl/companyfacts/CIK0000320187.json,2026-09-07T06:55:02.100621+00:00,candidate_not_selected,Comparable candidates agree; selected the latest highest-priority presentation that is visible in SEC face-statement evidence.,reported,originally_reported,"USD divided by 1,000,000.",cash_flow_statement,duration,2022,FY,,1,https://www.sec.gov/Archives/edgar/data/320187/000032018722000038/R7.htm,2026-09-07T07:03:55.607041+00:00,36031c13de0a008902dfb84df982f8a3487cbb7655ff074ec377a7d5a101b34f,Cash provided (used) by operations,5188,verified,Company Facts value agrees with the SEC-rendered face statement within its displayed precision.,,,,,,54abad8b001c9e08bb81b83c12f30e36867f6462a12e040cc329e94d46e6fc5c
operating_cash_flow,FY2022,2021-06-01,2022-05-31,5188000000,5188,USD,USD millions,us-gaap,NetCashProvidedByUsedInOperatingActivities,10-K,2023-07-20,0000320187-23-000039,https://www.sec.gov/Archives/edgar/data/320187/000032018723000039/nke-20230531.htm,https://data.sec.gov/api/xbrl/companyfacts/CIK0000320187.json,2026-09-07T06:55:02.100621+00:00,candidate_not_selected,Comparable candidates agree; selected the latest highest-priority presentation that is visible in SEC face-statement evidence.,reported,later_comparative,"USD divided by 1,000,000.",cash_flow_statement,duration,2023,FY,,1,https://www.sec.gov/Archives/edgar/data/320187/000032018723000039/R7.htm,2026-09-07T07:03:57.279553+00:00,824561cf2096eb17904f90908ca9f9ef269fc6d1ef149d2ca4e38436a9aeeeb2,Cash provided (used) by operations,5188,verified,Company Facts value agrees with the SEC-rendered face statement within its displayed precision.,,,,,,54abad8b001c9e08bb81b83c12f30e36867f6462a12e040cc329e94d46e6fc5c
operating_cash_flow,FY2022,2021-06-01,2022-05-31,5188000000,5188,USD,USD millions,us-gaap,NetCashProvidedByUsedInOperatingActivities,10-K,2024-07-25,0000320187-24-000044,https://www.sec.gov/Archives/edgar/data/320187/000032018724000044/nke-20240531.htm,https://data.sec.gov/api/xbrl/companyfacts/CIK0000320187.json,2026-09-07T06:55:02.100621+00:00,selected,Comparable candidates agree; selected the latest highest-priority presentation that is visible in SEC face-statement evidence.,reported,later_comparative,"USD divided by 1,000,000.",cash_flow_statement,duration,2024,FY,CY2021,1,https://www.sec.gov/Archives/edgar/data/320187/000032018724000044/R7.htm,2026-09-07T07:03:58.941067+00:00,65655c8bf26bf5c07396e74936f07d3544bb9798235d969c6c22d2e42c0150df,Cash provided (used) by operations,5188,verified,Company Facts value agrees with the SEC-rendered face statement within its displayed precision.,,,,,,54abad8b001c9e08bb81b83c12f30e36867f6462a12e040cc329e94d46e6fc5c
capital_expenditures,FY2022,2021-06-01,2022-05-31,758000000,758,USD,USD millions,us-gaap,PaymentsToAcquirePropertyPlantAndEquipment,10-K,2022-07-21,0000320187-22-000038,https://www.sec.gov/Archives/edgar/data/320187/000032018722000038/nke-20220531.htm,https://data.sec.gov/api/xbrl/companyfacts/CIK0000320187.json,2026-09-07T06:55:02.100621+00:00,candidate_not_selected,Comparable candidates agree; selected the latest highest-priority presentation that is visible in SEC face-statement evidence.,reported,originally_reported,"USD divided by 1,000,000. Absolute value retained as a positive investment amount.",cash_flow_statement,duration,2022,FY,,1,https://www.sec.gov/Archives/edgar/data/320187/000032018722000038/R7.htm,2026-09-07T07:03:55.607041+00:00,36031c13de0a008902dfb84df982f8a3487cbb7655ff074ec377a7d5a101b34f,"Additions to property, plant and equipment",-758,verified,Company Facts value agrees with the SEC-rendered face statement within its displayed precision.,,,,,,54abad8b001c9e08bb81b83c12f30e36867f6462a12e040cc329e94d46e6fc5c
capital_expenditures,FY2022,2021-06-01,2022-05-31,758000000,758,USD,USD millions,us-gaap,PaymentsToAcquirePropertyPlantAndEquipment,10-K,2023-07-20,0000320187-23-000039,https://www.sec.gov/Archives/edgar/data/320187/000032018723000039/nke-20230531.htm,https://data.sec.gov/api/xbrl/companyfacts/CIK0000320187.json,2026-09-07T06:55:02.100621+00:00,candidate_not_selected,Comparable candidates agree; selected the latest highest-priority presentation that is visible in SEC face-statement evidence.,reported,later_comparative,"USD divided by 1,000,000. Absolute value retained as a positive investment amount.",cash_flow_statement,duration,2023,FY,,1,https://www.sec.gov/Archives/edgar/data/320187/000032018723000039/R7.htm,2026-09-07T07:03:57.279553+00:00,824561cf2096eb17904f90908ca9f9ef269fc6d1ef149d2ca4e38436a9aeeeb2,"Additions to property, plant and equipment",-758,verified,Company Facts value agrees with the SEC-rendered face statement within its displayed precision.,,,,,,54abad8b001c9e08bb81b83c12f30e36867f6462a12e040cc329e94d46e6fc5c
capital_expenditures,FY2022,2021-06-01,2022-05-31,758000000,758,USD,USD millions,us-gaap,PaymentsToAcquirePropertyPlantAndEquipment,10-K,2024-07-25,0000320187-24-000044,https://www.sec.gov/Archives/edgar/data/320187/000032018724000044/nke-20240531.htm,https://data.sec.gov/api/xbrl/companyfacts/CIK0000320187.json,2026-09-07T06:55:02.100621+00:00,selected,Comparable candidates agree; selected the latest highest-priority presentation that is visible in SEC face-statement evidence.,reported,later_comparative,"USD divided by 1,000,000. Absolute value retained as a positive investment amount.",cash_flow_statement,duration,2024,FY,CY2021,1,https://www.sec.gov/Archives/edgar/data/320187/000032018724000044/R7.htm,2026-09-07T07:03:58.941067+00:00,65655c8bf26bf5c07396e74936f07d3544bb9798235d969c6c22d2e42c0150df,"Additions to property, plant and equipment",-758,verified,Company Facts value agrees with the SEC-rendered face statement within its displayed precision.,,,,,,54abad8b001c9e08bb81b83c12f30e36867f6462a12e040cc329e94d46e6fc5c
depreciation_and_amortization,FY2022,2021-06-01,2022-05-31,717000000,717,USD,USD millions,us-gaap,Depreciation,10-K,2022-07-21,0000320187-22-000038,https://www.sec.gov/Archives/edgar/data/320187/000032018722000038/nke-20220531.htm,https://data.sec.gov/api/xbrl/companyfacts/CIK0000320187.json,2026-09-07T06:55:02.100621+00:00,candidate_not_selected,Comparable candidates agree; selected the latest highest-priority presentation that is visible in SEC face-statement evidence.,reported,originally_reported,"USD divided by 1,000,000.",cash_flow_statement,duration,2022,FY,,2,https://www.sec.gov/Archives/edgar/data/320187/000032018722000038/R7.htm,2026-09-07T07:03:55.607041+00:00,36031c13de0a008902dfb84df982f8a3487cbb7655ff074ec377a7d5a101b34f,Depreciation,717,verified,Company Facts value agrees with the SEC-rendered face statement within its displayed precision.,,,,,,54abad8b001c9e08bb81b83c12f30e36867f6462a12e040cc329e94d46e6fc5c
depreciation_and_amortization,FY2022,2021-06-01,2022-05-31,717000000,717,USD,USD millions,us-gaap,Depreciation,10-K,2023-07-20,0000320187-23-000039,https://www.sec.gov/Archives/edgar/data/320187/000032018723000039/nke-20230531.htm,https://data.sec.gov/api/xbrl/companyfacts/CIK0000320187.json,2026-09-07T06:55:02.100621+00:00,candidate_not_selected,Comparable candidates agree; selected the latest highest-priority presentation that is visible in SEC face-statement evidence.,reported,later_comparative,"USD divided by 1,000,000.",cash_flow_statement,duration,2023,FY,,2,https://www.sec.gov/Archives/edgar/data/320187/000032018723000039/R7.htm,2026-09-07T07:03:57.279553+00:00,824561cf2096eb17904f90908ca9f9ef269fc6d1ef149d2ca4e38436a9aeeeb2,Depreciation,717,verified,Company Facts value agrees with the SEC-rendered face statement within its displayed precision.,,,,,,54abad8b001c9e08bb81b83c12f30e36867f6462a12e040cc329e94d46e6fc5c
depreciation_and_amortization,FY2022,2021-06-01,2022-05-31,717000000,717,USD,USD millions,us-gaap,Depreciation,10-K,2024-07-25,0000320187-24-000044,https://www.sec.gov/Archives/edgar/data/320187/000032018724000044/nke-20240531.htm,https://data.sec.gov/api/xbrl/companyfacts/CIK0000320187.json,2026-09-07T06:55:02.100621+00:00,selected,Comparable candidates agree; selected the latest highest-priority presentation that is visible in SEC face-statement evidence.,reported,later_comparative,"USD divided by 1,000,000.",cash_flow_statement,duration,2024,FY,CY2021,2,https://www.sec.gov/Archives/edgar/data/320187/000032018724000044/R7.htm,2026-09-07T07:03:58.941067+00:00,65655c8bf26bf5c07396e74936f07d3544bb9798235d969c6c22d2e42c0150df,Depreciation,717,verified,Company Facts value agrees with the SEC-rendered face statement within its displayed precision.,,,,,,54abad8b001c9e08bb81b83c12f30e36867f6462a12e040cc329e94d46e6fc5c
derived_operating_income,FY2022,2021-06-01,2022-05-31,,6675,,USD millions,,,,,,,https://data.sec.gov/api/xbrl/companyfacts/CIK0000320187.json,2026-09-07T06:55:02.100621+00:00,calculated,Calculated from validated inputs.,calculated,calculated,gross_profit - total_selling_and_administrative_expense,calculated,duration,,,,,https://www.sec.gov/Archives/edgar/data/320187/000032018724000044/R3.htm,2026-09-07T07:03:57.836582+00:00,ac6824da10fc859f7f318c38a85e9f8642ebe92d2da0b978146ee3e1cf4aaca2,Income before taxes adjusted for signed interest and other non-operating income or expense,6675,verified_cross_check,"The independent pretax bridge equals derived operating income. This is a consolidated calculation, not segment EBIT.",,,,,,54abad8b001c9e08bb81b83c12f30e36867f6462a12e040cc329e94d46e6fc5c
gross_margin,FY2022,2021-06-01,2022-05-31,,0.459837,,decimal,,,,,,,https://data.sec.gov/api/xbrl/companyfacts/CIK0000320187.json,2026-09-07T06:55:02.100621+00:00,calculated,Calculated from validated inputs.,calculated,calculated,gross_profit / revenue,calculated,duration,,,,,,,,,,not_applicable,Calculated from selected inputs only.,,,,,,54abad8b001c9e08bb81b83c12f30e36867f6462a12e040cc329e94d46e6fc5c
operating_margin,FY2022,2021-06-01,2022-05-31,,0.142903,,decimal,,,,,,,https://data.sec.gov/api/xbrl/companyfacts/CIK0000320187.json,2026-09-07T06:55:02.100621+00:00,calculated,Calculated from validated inputs.,calculated,calculated,derived_operating_income / revenue,calculated,duration,,,,,,,,,,not_applicable,Calculated from selected inputs only.,,,,,,54abad8b001c9e08bb81b83c12f30e36867f6462a12e040cc329e94d46e6fc5c
net_margin,FY2022,2021-06-01,2022-05-31,,0.129437,,decimal,,,,,,,https://data.sec.gov/api/xbrl/companyfacts/CIK0000320187.json,2026-09-07T06:55:02.100621+00:00,calculated,Calculated from validated inputs.,calculated,calculated,net_income / revenue,calculated,duration,,,,,,,,,,not_applicable,Calculated from selected inputs only.,,,,,,54abad8b001c9e08bb81b83c12f30e36867f6462a12e040cc329e94d46e6fc5c
operating_cash_flow_margin,FY2022,2021-06-01,2022-05-31,,0.111068,,decimal,,,,,,,https://data.sec.gov/api/xbrl/companyfacts/CIK0000320187.json,2026-09-07T06:55:02.100621+00:00,calculated,Calculated from validated inputs.,calculated,calculated,operating_cash_flow / revenue,calculated,duration,,,,,,,,,,not_applicable,Calculated from selected inputs only.,,,,,,54abad8b001c9e08bb81b83c12f30e36867f6462a12e040cc329e94d46e6fc5c
free_cash_flow,FY2022,2021-06-01,2022-05-31,,4430,,USD millions,,,,,,,https://data.sec.gov/api/xbrl/companyfacts/CIK0000320187.json,2026-09-07T06:55:02.100621+00:00,calculated,Calculated from validated inputs.,calculated,calculated,operating_cash_flow - capital_expenditures,calculated,duration,,,,,,,,,,not_applicable,Calculated from selected inputs only.,,,,,,54abad8b001c9e08bb81b83c12f30e36867f6462a12e040cc329e94d46e6fc5c
free_cash_flow_margin,FY2022,2021-06-01,2022-05-31,,0.094841,,decimal,,,,,,,https://data.sec.gov/api/xbrl/companyfacts/CIK0000320187.json,2026-09-07T06:55:02.100621+00:00,calculated,Calculated from validated inputs.,calculated,calculated,free_cash_flow / revenue,calculated,duration,,,,,,,,,,not_applicable,Calculated from selected inputs only.,,,,,,54abad8b001c9e08bb81b83c12f30e36867f6462a12e040cc329e94d46e6fc5c
cash_conversion,FY2022,2021-06-01,2022-05-31,,0.858088,,decimal,,,,,,,https://data.sec.gov/api/xbrl/companyfacts/CIK0000320187.json,2026-09-07T06:55:02.100621+00:00,calculated,Calculated from validated inputs.,calculated,calculated,operating_cash_flow / net_income,calculated,duration,,,,,,,,,,not_applicable,Calculated from selected inputs only.,,,,,,54abad8b001c9e08bb81b83c12f30e36867f6462a12e040cc329e94d46e6fc5c
total_interest_bearing_debt,FY2022,2021-06-01,2022-05-31,,9430,,USD millions,,,,,,,https://data.sec.gov/api/xbrl/companyfacts/CIK0000320187.json,2026-09-07T06:55:02.100621+00:00,calculated,Calculated from validated inputs.,calculated,calculated,notes_payable_and_short_term_borrowings + current_portion_long_term_debt + noncurrent_long_term_debt,calculated,duration,,,,,,,,,,not_applicable,Calculated from the three validated interest-bearing debt components; operating lease liabilities are excluded.,https://www.sec.gov/Archives/edgar/data/320187/000032018722000038/R55.htm,2026-09-07T07:37:47.682524+00:00,1a62d364b7a889e97bebc6f2a874e4764cb86a72dff4ca0507b390d166773edb,Note 7 - Total notes payable,"Detail confirms $10 million total notes payable, all from non-U.S. operations.",54abad8b001c9e08bb81b83c12f30e36867f6462a12e040cc329e94d46e6fc5c
total_operating_lease_liabilities,FY2022,2021-06-01,2022-05-31,,3197,,USD millions,,,,,,,https://data.sec.gov/api/xbrl/companyfacts/CIK0000320187.json,2026-09-07T06:55:02.100621+00:00,calculated,Calculated from validated inputs.,calculated,calculated,current_operating_lease_liabilities + noncurrent_operating_lease_liabilities,calculated,duration,,,,,,,,,,not_applicable,Calculated from current and noncurrent operating lease liabilities and excluded from base interest-bearing debt.,,,,,,54abad8b001c9e08bb81b83c12f30e36867f6462a12e040cc329e94d46e6fc5c
revenue_growth,FY2022,2021-06-01,2022-05-31,,,,decimal,,,,,,,https://data.sec.gov/api/xbrl/companyfacts/CIK0000320187.json,2026-09-07T06:55:02.100621+00:00,not_applicable,The first observation has no prior-year value in this dataset.,calculated,calculated,(revenue_t / revenue_t_minus_1) - 1,calculated,duration,,,,,,,,,,not_applicable,Calculated from selected inputs only.,,,,,,54abad8b001c9e08bb81b83c12f30e36867f6462a12e040cc329e94d46e6fc5c
revenue_cagr_five_observations,FY2022,2021-06-01,2022-05-31,,,,decimal,,,,,,,https://data.sec.gov/api/xbrl/companyfacts/CIK0000320187.json,2026-09-07T06:55:02.100621+00:00,not_applicable,The five-observation CAGR is displayed only on the final fiscal year.,calculated,calculated,(revenue_FY2026 / revenue_FY2022)^(1/4) - 1,calculated,duration,,,,,,,,,,not_applicable,Calculated from selected inputs only.,,,,,,54abad8b001c9e08bb81b83c12f30e36867f6462a12e040cc329e94d46e6fc5c
revenue,FY2023,2022-06-01,2023-05-31,51217000000,51217,USD,USD millions,us-gaap,RevenueFromContractWithCustomerExcludingAssessedTax,10-K,2023-07-20,0000320187-23-000039,https://www.sec.gov/Archives/edgar/data/320187/000032018723000039/nke-20230531.htm,https://data.sec.gov/api/xbrl/companyfacts/CIK0000320187.json,2026-09-07T06:55:02.100621+00:00,candidate_not_selected,Comparable candidates agree; selected the latest highest-priority presentation that is visible in SEC face-statement evidence.,reported,originally_reported,"USD divided by 1,000,000.",income_statement,duration,2023,FY,,1,https://www.sec.gov/Archives/edgar/data/320187/000032018723000039/R3.htm,2026-09-07T07:03:56.168211+00:00,ea7d6dbbd0927e1fbd1cd2e42aa966c747c38111946fd03880726615e48d3f82,Revenues,51217,verified,Company Facts value agrees with the SEC-rendered face statement within its displayed precision.,,,,,,54abad8b001c9e08bb81b83c12f30e36867f6462a12e040cc329e94d46e6fc5c
revenue,FY2023,2022-06-01,2023-05-31,51217000000,51217,USD,USD millions,us-gaap,RevenueFromContractWithCustomerExcludingAssessedTax,10-K,2024-07-25,0000320187-24-000044,https://www.sec.gov/Archives/edgar/data/320187/000032018724000044/nke-20240531.htm,https://data.sec.gov/api/xbrl/companyfacts/CIK0000320187.json,2026-09-07T06:55:02.100621+00:00,candidate_not_selected,Comparable candidates agree; selected the latest highest-priority presentation that is visible in SEC face-statement evidence.,reported,later_comparative,"USD divided by 1,000,000.",income_statement,duration,2024,FY,,1,https://www.sec.gov/Archives/edgar/data/320187/000032018724000044/R3.htm,2026-09-07T07:03:57.836582+00:00,ac6824da10fc859f7f318c38a85e9f8642ebe92d2da0b978146ee3e1cf4aaca2,Revenues,51217,verified,Company Facts value agrees with the SEC-rendered face statement within its displayed precision.,,,,,,54abad8b001c9e08bb81b83c12f30e36867f6462a12e040cc329e94d46e6fc5c
revenue,FY2023,2022-06-01,2023-05-31,51217000000,51217,USD,USD millions,us-gaap,RevenueFromContractWithCustomerExcludingAssessedTax,10-K,2025-07-17,0000320187-25-000047,https://www.sec.gov/Archives/edgar/data/320187/000032018725000047/nke-20250531.htm,https://data.sec.gov/api/xbrl/companyfacts/CIK0000320187.json,2026-09-07T06:55:02.100621+00:00,selected,Comparable candidates agree; selected the latest highest-priority presentation that is visible in SEC face-statement evidence.,reported,later_comparative,"USD divided by 1,000,000.",income_statement,duration,2025,FY,CY2022,1,https://www.sec.gov/Archives/edgar/data/320187/000032018725000047/R3.htm,2026-09-07T07:03:59.487544+00:00,c9b9328544ec19e67502fd09cc449bcf05f1fa173a3a2ae7a825f54fd143c52c,Revenues,51217,verified,Company Facts value agrees with the SEC-rendered face statement within its displayed precision.,,,,,,54abad8b001c9e08bb81b83c12f30e36867f6462a12e040cc329e94d46e6fc5c
cost_of_revenue,FY2023,2022-06-01,2023-05-31,28925000000,28925,USD,USD millions,us-gaap,CostOfGoodsAndServicesSold,10-K,2023-07-20,0000320187-23-000039,https://www.sec.gov/Archives/edgar/data/320187/000032018723000039/nke-20230531.htm,https://data.sec.gov/api/xbrl/companyfacts/CIK0000320187.json,2026-09-07T06:55:02.100621+00:00,candidate_not_selected,Comparable candidates agree; selected the latest highest-priority presentation that is visible in SEC face-statement evidence.,reported,originally_reported,"USD divided by 1,000,000.",income_statement,duration,2023,FY,,2,https://www.sec.gov/Archives/edgar/data/320187/000032018723000039/R3.htm,2026-09-07T07:03:56.168211+00:00,ea7d6dbbd0927e1fbd1cd2e42aa966c747c38111946fd03880726615e48d3f82,Cost of sales,28925,verified,Company Facts value agrees with the SEC-rendered face statement within its displayed precision.,,,,,,54abad8b001c9e08bb81b83c12f30e36867f6462a12e040cc329e94d46e6fc5c
cost_of_revenue,FY2023,2022-06-01,2023-05-31,28925000000,28925,USD,USD millions,us-gaap,CostOfGoodsAndServicesSold,10-K,2024-07-25,0000320187-24-000044,https://www.sec.gov/Archives/edgar/data/320187/000032018724000044/nke-20240531.htm,https://data.sec.gov/api/xbrl/companyfacts/CIK0000320187.json,2026-09-07T06:55:02.100621+00:00,candidate_not_selected,Comparable candidates agree; selected the latest highest-priority presentation that is visible in SEC face-statement evidence.,reported,later_comparative,"USD divided by 1,000,000.",income_statement,duration,2024,FY,,2,https://www.sec.gov/Archives/edgar/data/320187/000032018724000044/R3.htm,2026-09-07T07:03:57.836582+00:00,ac6824da10fc859f7f318c38a85e9f8642ebe92d2da0b978146ee3e1cf4aaca2,Cost of sales,28925,verified,Company Facts value agrees with the SEC-rendered face statement within its displayed precision.,,,,,,54abad8b001c9e08bb81b83c12f30e36867f6462a12e040cc329e94d46e6fc5c
cost_of_revenue,FY2023,2022-06-01,2023-05-31,28925000000,28925,USD,USD millions,us-gaap,CostOfGoodsAndServicesSold,10-K,2025-07-17,0000320187-25-000047,https://www.sec.gov/Archives/edgar/data/320187/000032018725000047/nke-20250531.htm,https://data.sec.gov/api/xbrl/companyfacts/CIK0000320187.json,2026-09-07T06:55:02.100621+00:00,selected,Comparable candidates agree; selected the latest highest-priority presentation that is visible in SEC face-statement evidence.,reported,later_comparative,"USD divided by 1,000,000.",income_statement,duration,2025,FY,CY2022,2,https://www.sec.gov/Archives/edgar/data/320187/000032018725000047/R3.htm,2026-09-07T07:03:59.487544+00:00,c9b9328544ec19e67502fd09cc449bcf05f1fa173a3a2ae7a825f54fd143c52c,Cost of sales,28925,verified,Company Facts value agrees with the SEC-rendered face statement within its displayed precision.,,,,,,54abad8b001c9e08bb81b83c12f30e36867f6462a12e040cc329e94d46e6fc5c
gross_profit,FY2023,2022-06-01,2023-05-31,22292000000,22292,USD,USD millions,us-gaap,GrossProfit,10-K,2023-07-20,0000320187-23-000039,https://www.sec.gov/Archives/edgar/data/320187/000032018723000039/nke-20230531.htm,https://data.sec.gov/api/xbrl/companyfacts/CIK0000320187.json,2026-09-07T06:55:02.100621+00:00,candidate_not_selected,Comparable candidates agree; selected the latest highest-priority presentation that is visible in SEC face-statement evidence.,reported,originally_reported,"USD divided by 1,000,000.",income_statement,duration,2023,FY,,1,https://www.sec.gov/Archives/edgar/data/320187/000032018723000039/R3.htm,2026-09-07T07:03:56.168211+00:00,ea7d6dbbd0927e1fbd1cd2e42aa966c747c38111946fd03880726615e48d3f82,Gross profit,22292,verified,Company Facts value agrees with the SEC-rendered face statement within its displayed precision.,,,,,,54abad8b001c9e08bb81b83c12f30e36867f6462a12e040cc329e94d46e6fc5c
gross_profit,FY2023,2022-06-01,2023-05-31,22292000000,22292,USD,USD millions,us-gaap,GrossProfit,10-K,2024-07-25,0000320187-24-000044,https://www.sec.gov/Archives/edgar/data/320187/000032018724000044/nke-20240531.htm,https://data.sec.gov/api/xbrl/companyfacts/CIK0000320187.json,2026-09-07T06:55:02.100621+00:00,candidate_not_selected,Comparable candidates agree; selected the latest highest-priority presentation that is visible in SEC face-statement evidence.,reported,later_comparative,"USD divided by 1,000,000.",income_statement,duration,2024,FY,,1,https://www.sec.gov/Archives/edgar/data/320187/000032018724000044/R3.htm,2026-09-07T07:03:57.836582+00:00,ac6824da10fc859f7f318c38a85e9f8642ebe92d2da0b978146ee3e1cf4aaca2,Gross profit,22292,verified,Company Facts value agrees with the SEC-rendered face statement within its displayed precision.,,,,,,54abad8b001c9e08bb81b83c12f30e36867f6462a12e040cc329e94d46e6fc5c
gross_profit,FY2023,2022-06-01,2023-05-31,22292000000,22292,USD,USD millions,us-gaap,GrossProfit,10-K,2025-07-17,0000320187-25-000047,https://www.sec.gov/Archives/edgar/data/320187/000032018725000047/nke-20250531.htm,https://data.sec.gov/api/xbrl/companyfacts/CIK0000320187.json,2026-09-07T06:55:02.100621+00:00,selected,Comparable candidates agree; selected the latest highest-priority presentation that is visible in SEC face-statement evidence.,reported,later_comparative,"USD divided by 1,000,000.",income_statement,duration,2025,FY,CY2022,1,https://www.sec.gov/Archives/edgar/data/320187/000032018725000047/R3.htm,2026-09-07T07:03:59.487544+00:00,c9b9328544ec19e67502fd09cc449bcf05f1fa173a3a2ae7a825f54fd143c52c,Gross profit,22292,verified,Company Facts value agrees with the SEC-rendered face statement within its displayed precision.,,,,,,54abad8b001c9e08bb81b83c12f30e36867f6462a12e040cc329e94d46e6fc5c
total_selling_and_administrative_expense,FY2023,2022-06-01,2023-05-31,16377000000,16377,USD,USD millions,us-gaap,SellingGeneralAndAdministrativeExpense,10-K,2023-07-20,0000320187-23-000039,https://www.sec.gov/Archives/edgar/data/320187/000032018723000039/nke-20230531.htm,https://data.sec.gov/api/xbrl/companyfacts/CIK0000320187.json,2026-09-07T06:55:02.100621+00:00,candidate_not_selected,Comparable candidates agree; selected the latest highest-priority presentation that is visible in SEC face-statement evidence.,reported,originally_reported,"USD divided by 1,000,000.",income_statement,duration,2023,FY,,1,https://www.sec.gov/Archives/edgar/data/320187/000032018723000039/R3.htm,2026-09-07T07:03:56.168211+00:00,ea7d6dbbd0927e1fbd1cd2e42aa966c747c38111946fd03880726615e48d3f82,Total selling and administrative expense,16377,verified,Company Facts value agrees with the SEC-rendered face statement within its displayed precision.,,,,,,54abad8b001c9e08bb81b83c12f30e36867f6462a12e040cc329e94d46e6fc5c
total_selling_and_administrative_expense,FY2023,2022-06-01,2023-05-31,16377000000,16377,USD,USD millions,us-gaap,SellingGeneralAndAdministrativeExpense,10-K,2024-07-25,0000320187-24-000044,https://www.sec.gov/Archives/edgar/data/320187/000032018724000044/nke-20240531.htm,https://data.sec.gov/api/xbrl/companyfacts/CIK0000320187.json,2026-09-07T06:55:02.100621+00:00,candidate_not_selected,Comparable candidates agree; selected the latest highest-priority presentation that is visible in SEC face-statement evidence.,reported,later_comparative,"USD divided by 1,000,000.",income_statement,duration,2024,FY,,1,https://www.sec.gov/Archives/edgar/data/320187/000032018724000044/R3.htm,2026-09-07T07:03:57.836582+00:00,ac6824da10fc859f7f318c38a85e9f8642ebe92d2da0b978146ee3e1cf4aaca2,Total selling and administrative expense,16377,verified,Company Facts value agrees with the SEC-rendered face statement within its displayed precision.,,,,,,54abad8b001c9e08bb81b83c12f30e36867f6462a12e040cc329e94d46e6fc5c
total_selling_and_administrative_expense,FY2023,2022-06-01,2023-05-31,16377000000,16377,USD,USD millions,us-gaap,SellingGeneralAndAdministrativeExpense,10-K,2025-07-17,0000320187-25-000047,https://www.sec.gov/Archives/edgar/data/320187/000032018725000047/nke-20250531.htm,https://data.sec.gov/api/xbrl/companyfacts/CIK0000320187.json,2026-09-07T06:55:02.100621+00:00,selected,Comparable candidates agree; selected the latest highest-priority presentation that is visible in SEC face-statement evidence.,reported,later_comparative,"USD divided by 1,000,000.",income_statement,duration,2025,FY,CY2022,1,https://www.sec.gov/Archives/edgar/data/320187/000032018725000047/R3.htm,2026-09-07T07:03:59.487544+00:00,c9b9328544ec19e67502fd09cc449bcf05f1fa173a3a2ae7a825f54fd143c52c,Total selling and administrative expense,16377,verified,Company Facts value agrees with the SEC-rendered face statement within its displayed precision.,,,,,,54abad8b001c9e08bb81b83c12f30e36867f6462a12e040cc329e94d46e6fc5c
income_before_income_taxes,FY2023,2022-06-01,2023-05-31,6201000000,6201,USD,USD millions,us-gaap,IncomeLossFromContinuingOperationsBeforeIncomeTaxesExtraordinaryItemsNoncontrollingInterest,10-K,2023-07-20,0000320187-23-000039,https://www.sec.gov/Archives/edgar/data/320187/000032018723000039/nke-20230531.htm,https://data.sec.gov/api/xbrl/companyfacts/CIK0000320187.json,2026-09-07T06:55:02.100621+00:00,candidate_not_selected,Comparable candidates agree; selected the latest highest-priority presentation that is visible in SEC face-statement evidence.,reported,originally_reported,"USD divided by 1,000,000.",income_statement,duration,2023,FY,,1,https://www.sec.gov/Archives/edgar/data/320187/000032018723000039/R3.htm,2026-09-07T07:03:56.168211+00:00,ea7d6dbbd0927e1fbd1cd2e42aa966c747c38111946fd03880726615e48d3f82,Income before income taxes,6201,verified,Company Facts value agrees with the SEC-rendered face statement within its displayed precision.,,,,,,54abad8b001c9e08bb81b83c12f30e36867f6462a12e040cc329e94d46e6fc5c
income_before_income_taxes,FY2023,2022-06-01,2023-05-31,6201000000,6201,USD,USD millions,us-gaap,IncomeLossFromContinuingOperationsBeforeIncomeTaxesExtraordinaryItemsNoncontrollingInterest,10-K,2024-07-25,0000320187-24-000044,https://www.sec.gov/Archives/edgar/data/320187/000032018724000044/nke-20240531.htm,https://data.sec.gov/api/xbrl/companyfacts/CIK0000320187.json,2026-09-07T06:55:02.100621+00:00,candidate_not_selected,Comparable candidates agree; selected the latest highest-priority presentation that is visible in SEC face-statement evidence.,reported,later_comparative,"USD divided by 1,000,000.",income_statement,duration,2024,FY,,1,https://www.sec.gov/Archives/edgar/data/320187/000032018724000044/R3.htm,2026-09-07T07:03:57.836582+00:00,ac6824da10fc859f7f318c38a85e9f8642ebe92d2da0b978146ee3e1cf4aaca2,Income before income taxes,6201,verified,Company Facts value agrees with the SEC-rendered face statement within its displayed precision.,,,,,,54abad8b001c9e08bb81b83c12f30e36867f6462a12e040cc329e94d46e6fc5c
income_before_income_taxes,FY2023,2022-06-01,2023-05-31,6201000000,6201,USD,USD millions,us-gaap,IncomeLossFromContinuingOperationsBeforeIncomeTaxesExtraordinaryItemsNoncontrollingInterest,10-K,2025-07-17,0000320187-25-000047,https://www.sec.gov/Archives/edgar/data/320187/000032018725000047/nke-20250531.htm,https://data.sec.gov/api/xbrl/companyfacts/CIK0000320187.json,2026-09-07T06:55:02.100621+00:00,selected,Comparable candidates agree; selected the latest highest-priority presentation that is visible in SEC face-statement evidence.,reported,later_comparative,"USD divided by 1,000,000.",income_statement,duration,2025,FY,CY2022,1,https://www.sec.gov/Archives/edgar/data/320187/000032018725000047/R3.htm,2026-09-07T07:03:59.487544+00:00,c9b9328544ec19e67502fd09cc449bcf05f1fa173a3a2ae7a825f54fd143c52c,Income before income taxes,6201,verified,Company Facts value agrees with the SEC-rendered face statement within its displayed precision.,,,,,,54abad8b001c9e08bb81b83c12f30e36867f6462a12e040cc329e94d46e6fc5c
interest_income_expense_nonoperating_net,FY2023,2022-06-01,2023-05-31,6000000,6,USD,USD millions,us-gaap,InterestIncomeExpenseNonoperatingNet,10-K,2023-07-20,0000320187-23-000039,https://www.sec.gov/Archives/edgar/data/320187/000032018723000039/nke-20230531.htm,https://data.sec.gov/api/xbrl/companyfacts/CIK0000320187.json,2026-09-07T06:55:02.100621+00:00,candidate_not_selected,Comparable candidates agree; selected the latest highest-priority presentation that is visible in SEC face-statement evidence.,reported,originally_reported,"USD divided by 1,000,000. Positive normalized values represent income and negative values represent expense; the face-statement expense label uses the opposite sign.",income_statement,duration,2023,FY,,1,https://www.sec.gov/Archives/edgar/data/320187/000032018723000039/R3.htm,2026-09-07T07:03:56.168211+00:00,ea7d6dbbd0927e1fbd1cd2e42aa966c747c38111946fd03880726615e48d3f82,"Interest expense (income), net",-6,verified,Company Facts value agrees with the SEC-rendered face statement within its displayed precision.,,,,,,54abad8b001c9e08bb81b83c12f30e36867f6462a12e040cc329e94d46e6fc5c
interest_income_expense_nonoperating_net,FY2023,2022-06-01,2023-05-31,6000000,6,USD,USD millions,us-gaap,InterestIncomeExpenseNonoperatingNet,10-K,2024-07-25,0000320187-24-000044,https://www.sec.gov/Archives/edgar/data/320187/000032018724000044/nke-20240531.htm,https://data.sec.gov/api/xbrl/companyfacts/CIK0000320187.json,2026-09-07T06:55:02.100621+00:00,candidate_not_selected,Comparable candidates agree; selected the latest highest-priority presentation that is visible in SEC face-statement evidence.,reported,later_comparative,"USD divided by 1,000,000. Positive normalized values represent income and negative values represent expense; the face-statement expense label uses the opposite sign.",income_statement,duration,2024,FY,,1,https://www.sec.gov/Archives/edgar/data/320187/000032018724000044/R3.htm,2026-09-07T07:03:57.836582+00:00,ac6824da10fc859f7f318c38a85e9f8642ebe92d2da0b978146ee3e1cf4aaca2,"Interest expense (income), net",-6,verified,Company Facts value agrees with the SEC-rendered face statement within its displayed precision.,,,,,,54abad8b001c9e08bb81b83c12f30e36867f6462a12e040cc329e94d46e6fc5c
interest_income_expense_nonoperating_net,FY2023,2022-06-01,2023-05-31,6000000,6,USD,USD millions,us-gaap,InterestIncomeExpenseNonoperatingNet,10-K,2025-07-17,0000320187-25-000047,https://www.sec.gov/Archives/edgar/data/320187/000032018725000047/nke-20250531.htm,https://data.sec.gov/api/xbrl/companyfacts/CIK0000320187.json,2026-09-07T06:55:02.100621+00:00,selected,Comparable candidates agree; selected the latest highest-priority presentation that is visible in SEC face-statement evidence.,reported,later_comparative,"USD divided by 1,000,000. Positive normalized values represent income and negative values represent expense; the face-statement expense label uses the opposite sign.",income_statement,duration,2025,FY,CY2022,1,https://www.sec.gov/Archives/edgar/data/320187/000032018725000047/R3.htm,2026-09-07T07:03:59.487544+00:00,c9b9328544ec19e67502fd09cc449bcf05f1fa173a3a2ae7a825f54fd143c52c,"Interest expense (income), net",-6,verified,Company Facts value agrees with the SEC-rendered face statement within its displayed precision.,,,,,,54abad8b001c9e08bb81b83c12f30e36867f6462a12e040cc329e94d46e6fc5c
other_nonoperating_income_expense,FY2023,2022-06-01,2023-05-31,280000000,280,USD,USD millions,us-gaap,OtherNonoperatingIncomeExpense,10-K,2023-07-20,0000320187-23-000039,https://www.sec.gov/Archives/edgar/data/320187/000032018723000039/nke-20230531.htm,https://data.sec.gov/api/xbrl/companyfacts/CIK0000320187.json,2026-09-07T06:55:02.100621+00:00,candidate_not_selected,Comparable candidates agree; selected the latest highest-priority presentation that is visible in SEC face-statement evidence.,reported,originally_reported,"USD divided by 1,000,000. Positive normalized values represent income and negative values represent expense; the face-statement expense label uses the opposite sign.",income_statement,duration,2023,FY,,1,https://www.sec.gov/Archives/edgar/data/320187/000032018723000039/R3.htm,2026-09-07T07:03:56.168211+00:00,ea7d6dbbd0927e1fbd1cd2e42aa966c747c38111946fd03880726615e48d3f82,"Other (income) expense, net",-280,verified,Company Facts value agrees with the SEC-rendered face statement within its displayed precision.,,,,,,54abad8b001c9e08bb81b83c12f30e36867f6462a12e040cc329e94d46e6fc5c
other_nonoperating_income_expense,FY2023,2022-06-01,2023-05-31,280000000,280,USD,USD millions,us-gaap,OtherNonoperatingIncomeExpense,10-K,2024-07-25,0000320187-24-000044,https://www.sec.gov/Archives/edgar/data/320187/000032018724000044/nke-20240531.htm,https://data.sec.gov/api/xbrl/companyfacts/CIK0000320187.json,2026-09-07T06:55:02.100621+00:00,candidate_not_selected,Comparable candidates agree; selected the latest highest-priority presentation that is visible in SEC face-statement evidence.,reported,later_comparative,"USD divided by 1,000,000. Positive normalized values represent income and negative values represent expense; the face-statement expense label uses the opposite sign.",income_statement,duration,2024,FY,,1,https://www.sec.gov/Archives/edgar/data/320187/000032018724000044/R3.htm,2026-09-07T07:03:57.836582+00:00,ac6824da10fc859f7f318c38a85e9f8642ebe92d2da0b978146ee3e1cf4aaca2,"Other (income) expense, net",-280,verified,Company Facts value agrees with the SEC-rendered face statement within its displayed precision.,,,,,,54abad8b001c9e08bb81b83c12f30e36867f6462a12e040cc329e94d46e6fc5c
other_nonoperating_income_expense,FY2023,2022-06-01,2023-05-31,280000000,280,USD,USD millions,us-gaap,OtherNonoperatingIncomeExpense,10-K,2025-07-17,0000320187-25-000047,https://www.sec.gov/Archives/edgar/data/320187/000032018725000047/nke-20250531.htm,https://data.sec.gov/api/xbrl/companyfacts/CIK0000320187.json,2026-09-07T06:55:02.100621+00:00,selected,Comparable candidates agree; selected the latest highest-priority presentation that is visible in SEC face-statement evidence.,reported,later_comparative,"USD divided by 1,000,000. Positive normalized values represent income and negative values represent expense; the face-statement expense label uses the opposite sign.",income_statement,duration,2025,FY,CY2022,1,https://www.sec.gov/Archives/edgar/data/320187/000032018725000047/R3.htm,2026-09-07T07:03:59.487544+00:00,c9b9328544ec19e67502fd09cc449bcf05f1fa173a3a2ae7a825f54fd143c52c,"Other (income) expense, net",-280,verified,Company Facts value agrees with the SEC-rendered face statement within its displayed precision.,,,,,,54abad8b001c9e08bb81b83c12f30e36867f6462a12e040cc329e94d46e6fc5c
net_income,FY2023,2022-06-01,2023-05-31,5070000000,5070,USD,USD millions,us-gaap,NetIncomeLoss,10-K,2023-07-20,0000320187-23-000039,https://www.sec.gov/Archives/edgar/data/320187/000032018723000039/nke-20230531.htm,https://data.sec.gov/api/xbrl/companyfacts/CIK0000320187.json,2026-09-07T06:55:02.100621+00:00,candidate_not_selected,Comparable candidates agree; selected the latest highest-priority presentation that is visible in SEC face-statement evidence.,reported,originally_reported,"USD divided by 1,000,000.",income_statement,duration,2023,FY,,1,https://www.sec.gov/Archives/edgar/data/320187/000032018723000039/R3.htm,2026-09-07T07:03:56.168211+00:00,ea7d6dbbd0927e1fbd1cd2e42aa966c747c38111946fd03880726615e48d3f82,NET INCOME,5070,verified,Company Facts value agrees with the SEC-rendered face statement within its displayed precision.,,,,,,54abad8b001c9e08bb81b83c12f30e36867f6462a12e040cc329e94d46e6fc5c
net_income,FY2023,2022-06-01,2023-05-31,5070000000,5070,USD,USD millions,us-gaap,NetIncomeLoss,10-K,2024-07-25,0000320187-24-000044,https://www.sec.gov/Archives/edgar/data/320187/000032018724000044/nke-20240531.htm,https://data.sec.gov/api/xbrl/companyfacts/CIK0000320187.json,2026-09-07T06:55:02.100621+00:00,candidate_not_selected,Comparable candidates agree; selected the latest highest-priority presentation that is visible in SEC face-statement evidence.,reported,later_comparative,"USD divided by 1,000,000.",income_statement,duration,2024,FY,,1,https://www.sec.gov/Archives/edgar/data/320187/000032018724000044/R3.htm,2026-09-07T07:03:57.836582+00:00,ac6824da10fc859f7f318c38a85e9f8642ebe92d2da0b978146ee3e1cf4aaca2,NET INCOME,5070,verified,Company Facts value agrees with the SEC-rendered face statement within its displayed precision.,,,,,,54abad8b001c9e08bb81b83c12f30e36867f6462a12e040cc329e94d46e6fc5c
net_income,FY2023,2022-06-01,2023-05-31,5070000000,5070,USD,USD millions,us-gaap,NetIncomeLoss,10-K,2025-07-17,0000320187-25-000047,https://www.sec.gov/Archives/edgar/data/320187/000032018725000047/nke-20250531.htm,https://data.sec.gov/api/xbrl/companyfacts/CIK0000320187.json,2026-09-07T06:55:02.100621+00:00,selected,Comparable candidates agree; selected the latest highest-priority presentation that is visible in SEC face-statement evidence.,reported,later_comparative,"USD divided by 1,000,000.",income_statement,duration,2025,FY,,1,https://www.sec.gov/Archives/edgar/data/320187/000032018725000047/R3.htm,2026-09-07T07:03:59.487544+00:00,c9b9328544ec19e67502fd09cc449bcf05f1fa173a3a2ae7a825f54fd143c52c,NET INCOME,5070,verified,Company Facts value agrees with the SEC-rendered face statement within its displayed precision.,,,,,,54abad8b001c9e08bb81b83c12f30e36867f6462a12e040cc329e94d46e6fc5c
diluted_eps,FY2023,2022-06-01,2023-05-31,3.23,3.23,USD/shares,USD per share,us-gaap,EarningsPerShareDiluted,10-K,2023-07-20,0000320187-23-000039,https://www.sec.gov/Archives/edgar/data/320187/000032018723000039/nke-20230531.htm,https://data.sec.gov/api/xbrl/companyfacts/CIK0000320187.json,2026-09-07T06:55:02.100621+00:00,candidate_not_selected,Comparable candidates agree; selected the latest highest-priority presentation that is visible in SEC face-statement evidence.,reported,originally_reported,Per-share value retained without scaling.,income_statement,duration,2023,FY,,1,https://www.sec.gov/Archives/edgar/data/320187/000032018723000039/R3.htm,2026-09-07T07:03:56.168211+00:00,ea7d6dbbd0927e1fbd1cd2e42aa966c747c38111946fd03880726615e48d3f82,Diluted (in dollars per share),3.23,verified,Company Facts value agrees with the SEC-rendered face statement within its displayed precision.,,,,,,54abad8b001c9e08bb81b83c12f30e36867f6462a12e040cc329e94d46e6fc5c
diluted_eps,FY2023,2022-06-01,2023-05-31,3.23,3.23,USD/shares,USD per share,us-gaap,EarningsPerShareDiluted,10-K,2024-07-25,0000320187-24-000044,https://www.sec.gov/Archives/edgar/data/320187/000032018724000044/nke-20240531.htm,https://data.sec.gov/api/xbrl/companyfacts/CIK0000320187.json,2026-09-07T06:55:02.100621+00:00,candidate_not_selected,Comparable candidates agree; selected the latest highest-priority presentation that is visible in SEC face-statement evidence.,reported,later_comparative,Per-share value retained without scaling.,income_statement,duration,2024,FY,,1,https://www.sec.gov/Archives/edgar/data/320187/000032018724000044/R3.htm,2026-09-07T07:03:57.836582+00:00,ac6824da10fc859f7f318c38a85e9f8642ebe92d2da0b978146ee3e1cf4aaca2,Diluted (in dollars per share),3.23,verified,Company Facts value agrees with the SEC-rendered face statement within its displayed precision.,,,,,,54abad8b001c9e08bb81b83c12f30e36867f6462a12e040cc329e94d46e6fc5c
diluted_eps,FY2023,2022-06-01,2023-05-31,3.23,3.23,USD/shares,USD per share,us-gaap,EarningsPerShareDiluted,10-K,2025-07-17,0000320187-25-000047,https://www.sec.gov/Archives/edgar/data/320187/000032018725000047/nke-20250531.htm,https://data.sec.gov/api/xbrl/companyfacts/CIK0000320187.json,2026-09-07T06:55:02.100621+00:00,selected,Comparable candidates agree; selected the latest highest-priority presentation that is visible in SEC face-statement evidence.,reported,later_comparative,Per-share value retained without scaling.,income_statement,duration,2025,FY,CY2022,1,https://www.sec.gov/Archives/edgar/data/320187/000032018725000047/R3.htm,2026-09-07T07:03:59.487544+00:00,c9b9328544ec19e67502fd09cc449bcf05f1fa173a3a2ae7a825f54fd143c52c,Diluted (in dollars per share),3.23,verified,Company Facts value agrees with the SEC-rendered face statement within its displayed precision.,,,,,,54abad8b001c9e08bb81b83c12f30e36867f6462a12e040cc329e94d46e6fc5c
diluted_weighted_average_shares,FY2023,2022-06-01,2023-05-31,1569800000,1569.8,shares,shares millions,us-gaap,WeightedAverageNumberOfDilutedSharesOutstanding,10-K,2023-07-20,0000320187-23-000039,https://www.sec.gov/Archives/edgar/data/320187/000032018723000039/nke-20230531.htm,https://data.sec.gov/api/xbrl/companyfacts/CIK0000320187.json,2026-09-07T06:55:02.100621+00:00,candidate_not_selected,Comparable candidates agree; selected the latest highest-priority presentation that is visible in SEC face-statement evidence.,reported,originally_reported,"shares divided by 1,000,000.",income_statement,duration,2023,FY,,1,https://www.sec.gov/Archives/edgar/data/320187/000032018723000039/R3.htm,2026-09-07T07:03:56.168211+00:00,ea7d6dbbd0927e1fbd1cd2e42aa966c747c38111946fd03880726615e48d3f82,Diluted (in shares),1569.8,verified,Company Facts value agrees with the SEC-rendered face statement within its displayed precision.,,,,,,54abad8b001c9e08bb81b83c12f30e36867f6462a12e040cc329e94d46e6fc5c
diluted_weighted_average_shares,FY2023,2022-06-01,2023-05-31,1569800000,1569.8,shares,shares millions,us-gaap,WeightedAverageNumberOfDilutedSharesOutstanding,10-K,2024-07-25,0000320187-24-000044,https://www.sec.gov/Archives/edgar/data/320187/000032018724000044/nke-20240531.htm,https://data.sec.gov/api/xbrl/companyfacts/CIK0000320187.json,2026-09-07T06:55:02.100621+00:00,candidate_not_selected,Comparable candidates agree; selected the latest highest-priority presentation that is visible in SEC face-statement evidence.,reported,later_comparative,"shares divided by 1,000,000.",income_statement,duration,2024,FY,,1,https://www.sec.gov/Archives/edgar/data/320187/000032018724000044/R3.htm,2026-09-07T07:03:57.836582+00:00,ac6824da10fc859f7f318c38a85e9f8642ebe92d2da0b978146ee3e1cf4aaca2,Diluted (in shares),1569.8,verified,Company Facts value agrees with the SEC-rendered face statement within its displayed precision.,,,,,,54abad8b001c9e08bb81b83c12f30e36867f6462a12e040cc329e94d46e6fc5c
diluted_weighted_average_shares,FY2023,2022-06-01,2023-05-31,1569800000,1569.8,shares,shares millions,us-gaap,WeightedAverageNumberOfDilutedSharesOutstanding,10-K,2025-07-17,0000320187-25-000047,https://www.sec.gov/Archives/edgar/data/320187/000032018725000047/nke-20250531.htm,https://data.sec.gov/api/xbrl/companyfacts/CIK0000320187.json,2026-09-07T06:55:02.100621+00:00,selected,Comparable candidates agree; selected the latest highest-priority presentation that is visible in SEC face-statement evidence.,reported,later_comparative,"shares divided by 1,000,000.",income_statement,duration,2025,FY,CY2022,1,https://www.sec.gov/Archives/edgar/data/320187/000032018725000047/R3.htm,2026-09-07T07:03:59.487544+00:00,c9b9328544ec19e67502fd09cc449bcf05f1fa173a3a2ae7a825f54fd143c52c,Diluted (in shares),1569.8,verified,Company Facts value agrees with the SEC-rendered face statement within its displayed precision.,,,,,,54abad8b001c9e08bb81b83c12f30e36867f6462a12e040cc329e94d46e6fc5c
cash_and_cash_equivalents,FY2023,,2023-05-31,7441000000,7441,USD,USD millions,us-gaap,CashAndCashEquivalentsAtCarryingValue,10-K,2023-07-20,0000320187-23-000039,https://www.sec.gov/Archives/edgar/data/320187/000032018723000039/nke-20230531.htm,https://data.sec.gov/api/xbrl/companyfacts/CIK0000320187.json,2026-09-07T06:55:02.100621+00:00,candidate_not_selected,Comparable candidates agree; selected the latest highest-priority presentation that is visible in SEC face-statement evidence.,reported,originally_reported,"USD divided by 1,000,000.",balance_sheet,instant,2023,FY,,1,https://www.sec.gov/Archives/edgar/data/320187/000032018723000039/R5.htm,2026-09-07T07:03:56.723017+00:00,871e09eb4f2a262ac64e29f0eb76b85ad6234d9d1fb2f476551293c76e11fa61,Cash and equivalents,7441,verified,Company Facts value agrees with the SEC-rendered face statement within its displayed precision.,,,,,,54abad8b001c9e08bb81b83c12f30e36867f6462a12e040cc329e94d46e6fc5c
cash_and_cash_equivalents,FY2023,,2023-05-31,7441000000,7441,USD,USD millions,us-gaap,CashAndCashEquivalentsAtCarryingValue,10-K,2024-07-25,0000320187-24-000044,https://www.sec.gov/Archives/edgar/data/320187/000032018724000044/nke-20240531.htm,https://data.sec.gov/api/xbrl/companyfacts/CIK0000320187.json,2026-09-07T06:55:02.100621+00:00,selected,Comparable candidates agree; selected the latest highest-priority presentation that is visible in SEC face-statement evidence.,reported,later_comparative,"USD divided by 1,000,000.",balance_sheet,instant,2024,FY,CY2023Q2I,1,https://www.sec.gov/Archives/edgar/data/320187/000032018724000044/R5.htm,2026-09-07T07:03:58.388254+00:00,2eb5156fe5f784426894d1df36a985b8f22c14aaf5aedfa0d43d20e2993784d6,Cash and equivalents,7441,verified,Company Facts value agrees with the SEC-rendered face statement within its displayed precision.,,,,,,54abad8b001c9e08bb81b83c12f30e36867f6462a12e040cc329e94d46e6fc5c
short_term_investments,FY2023,,2023-05-31,3234000000,3234,USD,USD millions,us-gaap,DebtSecuritiesAvailableForSaleExcludingAccruedInterestCurrent,10-K,2023-07-20,0000320187-23-000039,https://www.sec.gov/Archives/edgar/data/320187/000032018723000039/nke-20230531.htm,https://data.sec.gov/api/xbrl/companyfacts/CIK0000320187.json,2026-09-07T06:55:02.100621+00:00,candidate_not_selected,Comparable candidates agree; selected the latest highest-priority presentation that is visible in SEC face-statement evidence.,reported,originally_reported,"USD divided by 1,000,000.",balance_sheet,instant,2023,FY,,1,https://www.sec.gov/Archives/edgar/data/320187/000032018723000039/R5.htm,2026-09-07T07:03:56.723017+00:00,871e09eb4f2a262ac64e29f0eb76b85ad6234d9d1fb2f476551293c76e11fa61,Short-term investments,3234,verified,Company Facts value agrees with the SEC-rendered face statement within its displayed precision.,,,,,,54abad8b001c9e08bb81b83c12f30e36867f6462a12e040cc329e94d46e6fc5c
short_term_investments,FY2023,,2023-05-31,3234000000,3234,USD,USD millions,us-gaap,DebtSecuritiesAvailableForSaleExcludingAccruedInterestCurrent,10-K,2024-07-25,0000320187-24-000044,https://www.sec.gov/Archives/edgar/data/320187/000032018724000044/nke-20240531.htm,https://data.sec.gov/api/xbrl/companyfacts/CIK0000320187.json,2026-09-07T06:55:02.100621+00:00,selected,Comparable candidates agree; selected the latest highest-priority presentation that is visible in SEC face-statement evidence.,reported,later_comparative,"USD divided by 1,000,000.",balance_sheet,instant,2024,FY,CY2023Q2I,1,https://www.sec.gov/Archives/edgar/data/320187/000032018724000044/R5.htm,2026-09-07T07:03:58.388254+00:00,2eb5156fe5f784426894d1df36a985b8f22c14aaf5aedfa0d43d20e2993784d6,Short-term investments,3234,verified,Company Facts value agrees with the SEC-rendered face statement within its displayed precision.,,,,,,54abad8b001c9e08bb81b83c12f30e36867f6462a12e040cc329e94d46e6fc5c
accounts_receivable,FY2023,,2023-05-31,4131000000,4131,USD,USD millions,us-gaap,AccountsReceivableNetCurrent,10-K,2023-07-20,0000320187-23-000039,https://www.sec.gov/Archives/edgar/data/320187/000032018723000039/nke-20230531.htm,https://data.sec.gov/api/xbrl/companyfacts/CIK0000320187.json,2026-09-07T06:55:02.100621+00:00,candidate_not_selected,Comparable candidates agree; selected the latest highest-priority presentation that is visible in SEC face-statement evidence.,reported,originally_reported,"USD divided by 1,000,000.",balance_sheet,instant,2023,FY,,1,https://www.sec.gov/Archives/edgar/data/320187/000032018723000039/R5.htm,2026-09-07T07:03:56.723017+00:00,871e09eb4f2a262ac64e29f0eb76b85ad6234d9d1fb2f476551293c76e11fa61,"Accounts receivable, net",4131,verified,Company Facts value agrees with the SEC-rendered face statement within its displayed precision.,,,,,,54abad8b001c9e08bb81b83c12f30e36867f6462a12e040cc329e94d46e6fc5c
accounts_receivable,FY2023,,2023-05-31,4131000000,4131,USD,USD millions,us-gaap,AccountsReceivableNetCurrent,10-K,2024-07-25,0000320187-24-000044,https://www.sec.gov/Archives/edgar/data/320187/000032018724000044/nke-20240531.htm,https://data.sec.gov/api/xbrl/companyfacts/CIK0000320187.json,2026-09-07T06:55:02.100621+00:00,selected,Comparable candidates agree; selected the latest highest-priority presentation that is visible in SEC face-statement evidence.,reported,later_comparative,"USD divided by 1,000,000.",balance_sheet,instant,2024,FY,CY2023Q2I,1,https://www.sec.gov/Archives/edgar/data/320187/000032018724000044/R5.htm,2026-09-07T07:03:58.388254+00:00,2eb5156fe5f784426894d1df36a985b8f22c14aaf5aedfa0d43d20e2993784d6,"Accounts receivable, net",4131,verified,Company Facts value agrees with the SEC-rendered face statement within its displayed precision.,,,,,,54abad8b001c9e08bb81b83c12f30e36867f6462a12e040cc329e94d46e6fc5c
inventory,FY2023,,2023-05-31,8454000000,8454,USD,USD millions,us-gaap,InventoryFinishedGoodsNetOfReserves,10-K,2023-07-20,0000320187-23-000039,https://www.sec.gov/Archives/edgar/data/320187/000032018723000039/nke-20230531.htm,https://data.sec.gov/api/xbrl/companyfacts/CIK0000320187.json,2026-09-07T06:55:02.100621+00:00,candidate_not_selected,Comparable candidates agree; selected the latest highest-priority presentation that is visible in SEC face-statement evidence.,reported,originally_reported,"USD divided by 1,000,000.",balance_sheet,instant,2023,FY,,1,https://www.sec.gov/Archives/edgar/data/320187/000032018723000039/R5.htm,2026-09-07T07:03:56.723017+00:00,871e09eb4f2a262ac64e29f0eb76b85ad6234d9d1fb2f476551293c76e11fa61,Inventories,8454,verified,Company Facts value agrees with the SEC-rendered face statement within its displayed precision.,,,,,,54abad8b001c9e08bb81b83c12f30e36867f6462a12e040cc329e94d46e6fc5c
inventory,FY2023,,2023-05-31,8454000000,8454,USD,USD millions,us-gaap,InventoryFinishedGoodsNetOfReserves,10-K,2024-07-25,0000320187-24-000044,https://www.sec.gov/Archives/edgar/data/320187/000032018724000044/nke-20240531.htm,https://data.sec.gov/api/xbrl/companyfacts/CIK0000320187.json,2026-09-07T06:55:02.100621+00:00,selected,Comparable candidates agree; selected the latest highest-priority presentation that is visible in SEC face-statement evidence.,reported,later_comparative,"USD divided by 1,000,000.",balance_sheet,instant,2024,FY,,1,https://www.sec.gov/Archives/edgar/data/320187/000032018724000044/R5.htm,2026-09-07T07:03:58.388254+00:00,2eb5156fe5f784426894d1df36a985b8f22c14aaf5aedfa0d43d20e2993784d6,Inventories,8454,verified,Company Facts value agrees with the SEC-rendered face statement within its displayed precision.,,,,,,54abad8b001c9e08bb81b83c12f30e36867f6462a12e040cc329e94d46e6fc5c
inventory,FY2023,,2023-05-31,8454000000,8454,USD,USD millions,us-gaap,InventoryFinishedGoodsNetOfReserves,10-K,2025-07-17,0000320187-25-000047,https://www.sec.gov/Archives/edgar/data/320187/000032018725000047/nke-20250531.htm,https://data.sec.gov/api/xbrl/companyfacts/CIK0000320187.json,2026-09-07T06:55:02.100621+00:00,candidate_not_selected,Comparable candidates agree; selected the latest highest-priority presentation that is visible in SEC face-statement evidence.,reported,later_comparative,"USD divided by 1,000,000.",balance_sheet,instant,2025,FY,CY2023Q2I,1,https://www.sec.gov/Archives/edgar/data/320187/000032018725000047/R5.htm,2026-09-07T07:04:00.039217+00:00,c6da536585ba0585fa58bfd979a8a39a3d3e586817cc2605347183e9572de03a,,,not_visible,The target period or label is not visible in this filing's face statement.,,,,,,54abad8b001c9e08bb81b83c12f30e36867f6462a12e040cc329e94d46e6fc5c
current_assets,FY2023,,2023-05-31,25202000000,25202,USD,USD millions,us-gaap,AssetsCurrent,10-K,2023-07-20,0000320187-23-000039,https://www.sec.gov/Archives/edgar/data/320187/000032018723000039/nke-20230531.htm,https://data.sec.gov/api/xbrl/companyfacts/CIK0000320187.json,2026-09-07T06:55:02.100621+00:00,candidate_not_selected,Comparable candidates agree; selected the latest highest-priority presentation that is visible in SEC face-statement evidence.,reported,originally_reported,"USD divided by 1,000,000.",balance_sheet,instant,2023,FY,,1,https://www.sec.gov/Archives/edgar/data/320187/000032018723000039/R5.htm,2026-09-07T07:03:56.723017+00:00,871e09eb4f2a262ac64e29f0eb76b85ad6234d9d1fb2f476551293c76e11fa61,Total current assets,25202,verified,Company Facts value agrees with the SEC-rendered face statement within its displayed precision.,,,,,,54abad8b001c9e08bb81b83c12f30e36867f6462a12e040cc329e94d46e6fc5c
current_assets,FY2023,,2023-05-31,25202000000,25202,USD,USD millions,us-gaap,AssetsCurrent,10-K,2024-07-25,0000320187-24-000044,https://www.sec.gov/Archives/edgar/data/320187/000032018724000044/nke-20240531.htm,https://data.sec.gov/api/xbrl/companyfacts/CIK0000320187.json,2026-09-07T06:55:02.100621+00:00,selected,Comparable candidates agree; selected the latest highest-priority presentation that is visible in SEC face-statement evidence.,reported,later_comparative,"USD divided by 1,000,000.",balance_sheet,instant,2024,FY,CY2023Q2I,1,https://www.sec.gov/Archives/edgar/data/320187/000032018724000044/R5.htm,2026-09-07T07:03:58.388254+00:00,2eb5156fe5f784426894d1df36a985b8f22c14aaf5aedfa0d43d20e2993784d6,Total current assets,25202,verified,Company Facts value agrees with the SEC-rendered face statement within its displayed precision.,,,,,,54abad8b001c9e08bb81b83c12f30e36867f6462a12e040cc329e94d46e6fc5c
current_liabilities,FY2023,,2023-05-31,9256000000,9256,USD,USD millions,us-gaap,LiabilitiesCurrent,10-K,2023-07-20,0000320187-23-000039,https://www.sec.gov/Archives/edgar/data/320187/000032018723000039/nke-20230531.htm,https://data.sec.gov/api/xbrl/companyfacts/CIK0000320187.json,2026-09-07T06:55:02.100621+00:00,candidate_not_selected,Comparable candidates agree; selected the latest highest-priority presentation that is visible in SEC face-statement evidence.,reported,originally_reported,"USD divided by 1,000,000.",balance_sheet,instant,2023,FY,,1,https://www.sec.gov/Archives/edgar/data/320187/000032018723000039/R5.htm,2026-09-07T07:03:56.723017+00:00,871e09eb4f2a262ac64e29f0eb76b85ad6234d9d1fb2f476551293c76e11fa61,Total current liabilities,9256,verified,Company Facts value agrees with the SEC-rendered face statement within its displayed precision.,,,,,,54abad8b001c9e08bb81b83c12f30e36867f6462a12e040cc329e94d46e6fc5c
current_liabilities,FY2023,,2023-05-31,9256000000,9256,USD,USD millions,us-gaap,LiabilitiesCurrent,10-K,2024-07-25,0000320187-24-000044,https://www.sec.gov/Archives/edgar/data/320187/000032018724000044/nke-20240531.htm,https://data.sec.gov/api/xbrl/companyfacts/CIK0000320187.json,2026-09-07T06:55:02.100621+00:00,selected,Comparable candidates agree; selected the latest highest-priority presentation that is visible in SEC face-statement evidence.,reported,later_comparative,"USD divided by 1,000,000.",balance_sheet,instant,2024,FY,CY2023Q2I,1,https://www.sec.gov/Archives/edgar/data/320187/000032018724000044/R5.htm,2026-09-07T07:03:58.388254+00:00,2eb5156fe5f784426894d1df36a985b8f22c14aaf5aedfa0d43d20e2993784d6,Total current liabilities,9256,verified,Company Facts value agrees with the SEC-rendered face statement within its displayed precision.,,,,,,54abad8b001c9e08bb81b83c12f30e36867f6462a12e040cc329e94d46e6fc5c
total_assets,FY2023,,2023-05-31,37531000000,37531,USD,USD millions,us-gaap,Assets,10-K,2023-07-20,0000320187-23-000039,https://www.sec.gov/Archives/edgar/data/320187/000032018723000039/nke-20230531.htm,https://data.sec.gov/api/xbrl/companyfacts/CIK0000320187.json,2026-09-07T06:55:02.100621+00:00,candidate_not_selected,Comparable candidates agree; selected the latest highest-priority presentation that is visible in SEC face-statement evidence.,reported,originally_reported,"USD divided by 1,000,000.",balance_sheet,instant,2023,FY,,1,https://www.sec.gov/Archives/edgar/data/320187/000032018723000039/R5.htm,2026-09-07T07:03:56.723017+00:00,871e09eb4f2a262ac64e29f0eb76b85ad6234d9d1fb2f476551293c76e11fa61,TOTAL ASSETS,37531,verified,Company Facts value agrees with the SEC-rendered face statement within its displayed precision.,,,,,,54abad8b001c9e08bb81b83c12f30e36867f6462a12e040cc329e94d46e6fc5c
total_assets,FY2023,,2023-05-31,37531000000,37531,USD,USD millions,us-gaap,Assets,10-K,2024-07-25,0000320187-24-000044,https://www.sec.gov/Archives/edgar/data/320187/000032018724000044/nke-20240531.htm,https://data.sec.gov/api/xbrl/companyfacts/CIK0000320187.json,2026-09-07T06:55:02.100621+00:00,selected,Comparable candidates agree; selected the latest highest-priority presentation that is visible in SEC face-statement evidence.,reported,later_comparative,"USD divided by 1,000,000.",balance_sheet,instant,2024,FY,CY2023Q2I,1,https://www.sec.gov/Archives/edgar/data/320187/000032018724000044/R5.htm,2026-09-07T07:03:58.388254+00:00,2eb5156fe5f784426894d1df36a985b8f22c14aaf5aedfa0d43d20e2993784d6,TOTAL ASSETS,37531,verified,Company Facts value agrees with the SEC-rendered face statement within its displayed precision.,,,,,,54abad8b001c9e08bb81b83c12f30e36867f6462a12e040cc329e94d46e6fc5c
notes_payable_and_short_term_borrowings,FY2023,,2023-05-31,6000000,6,USD,USD millions,us-gaap,ShortTermBorrowings,10-K,2023-07-20,0000320187-23-000039,https://www.sec.gov/Archives/edgar/data/320187/000032018723000039/nke-20230531.htm,https://data.sec.gov/api/xbrl/companyfacts/CIK0000320187.json,2026-09-07T06:55:02.100621+00:00,candidate_not_selected,Comparable candidates agree; selected the latest highest-priority presentation that is visible in SEC face-statement evidence. The filing-note evidence independently agrees.,reported,originally_reported,"USD divided by 1,000,000.",balance_sheet,instant,2023,FY,,1,https://www.sec.gov/Archives/edgar/data/320187/000032018723000039/R5.htm,2026-09-07T07:03:56.723017+00:00,871e09eb4f2a262ac64e29f0eb76b85ad6234d9d1fb2f476551293c76e11fa61,Notes payable,6,verified,Company Facts value agrees with the SEC-rendered face statement within its displayed precision.,https://www.sec.gov/Archives/edgar/data/320187/000032018723000039/R49.htm,2026-09-07T07:37:48.389713+00:00,5c76468396095459f752cacc3c3284a41092b93623eb131de61d0e96dc45d7c1,Note 5 - Notes payable,Detail confirms $6 million of notes payable and zero line-of-credit borrowings.,54abad8b001c9e08bb81b83c12f30e36867f6462a12e040cc329e94d46e6fc5c
notes_payable_and_short_term_borrowings,FY2023,,2023-05-31,6000000,6,USD,USD millions,us-gaap,ShortTermBorrowings,10-K,2024-07-25,0000320187-24-000044,https://www.sec.gov/Archives/edgar/data/320187/000032018724000044/nke-20240531.htm,https://data.sec.gov/api/xbrl/companyfacts/CIK0000320187.json,2026-09-07T06:55:02.100621+00:00,selected,Comparable candidates agree; selected the latest highest-priority presentation that is visible in SEC face-statement evidence. The filing-note evidence independently agrees.,reported,later_comparative,"USD divided by 1,000,000.",balance_sheet,instant,2024,FY,CY2023Q2I,1,https://www.sec.gov/Archives/edgar/data/320187/000032018724000044/R5.htm,2026-09-07T07:03:58.388254+00:00,2eb5156fe5f784426894d1df36a985b8f22c14aaf5aedfa0d43d20e2993784d6,Notes payable,6,verified,Company Facts value agrees with the SEC-rendered face statement within its displayed precision.,https://www.sec.gov/Archives/edgar/data/320187/000032018723000039/R49.htm,2026-09-07T07:37:48.389713+00:00,5c76468396095459f752cacc3c3284a41092b93623eb131de61d0e96dc45d7c1,Note 5 - Notes payable,Detail confirms $6 million of notes payable and zero line-of-credit borrowings.,54abad8b001c9e08bb81b83c12f30e36867f6462a12e040cc329e94d46e6fc5c
current_portion_long_term_debt,FY2023,,2023-05-31,0,0,USD,USD millions,us-gaap,LongTermDebtCurrent,10-K,2023-07-20,0000320187-23-000039,https://www.sec.gov/Archives/edgar/data/320187/000032018723000039/nke-20230531.htm,https://data.sec.gov/api/xbrl/companyfacts/CIK0000320187.json,2026-09-07T06:55:02.100621+00:00,candidate_not_selected,Comparable candidates agree; selected the latest highest-priority presentation that is visible in SEC face-statement evidence.,reported,originally_reported,"USD divided by 1,000,000.",balance_sheet,instant,2023,FY,,1,https://www.sec.gov/Archives/edgar/data/320187/000032018723000039/R5.htm,2026-09-07T07:03:56.723017+00:00,871e09eb4f2a262ac64e29f0eb76b85ad6234d9d1fb2f476551293c76e11fa61,Current portion of long-term debt,0,verified,Company Facts value agrees with the SEC-rendered face statement within its displayed precision.,,,,,,54abad8b001c9e08bb81b83c12f30e36867f6462a12e040cc329e94d46e6fc5c
current_portion_long_term_debt,FY2023,,2023-05-31,0,0,USD,USD millions,us-gaap,LongTermDebtCurrent,10-K,2024-07-25,0000320187-24-000044,https://www.sec.gov/Archives/edgar/data/320187/000032018724000044/nke-20240531.htm,https://data.sec.gov/api/xbrl/companyfacts/CIK0000320187.json,2026-09-07T06:55:02.100621+00:00,selected,Comparable candidates agree; selected the latest highest-priority presentation that is visible in SEC face-statement evidence.,reported,later_comparative,"USD divided by 1,000,000.",balance_sheet,instant,2024,FY,CY2023Q2I,1,https://www.sec.gov/Archives/edgar/data/320187/000032018724000044/R5.htm,2026-09-07T07:03:58.388254+00:00,2eb5156fe5f784426894d1df36a985b8f22c14aaf5aedfa0d43d20e2993784d6,Current portion of long-term debt,0,verified,Company Facts value agrees with the SEC-rendered face statement within its displayed precision.,,,,,,54abad8b001c9e08bb81b83c12f30e36867f6462a12e040cc329e94d46e6fc5c
noncurrent_long_term_debt,FY2023,,2023-05-31,8927000000,8927,USD,USD millions,us-gaap,LongTermDebtNoncurrent,10-K,2023-07-20,0000320187-23-000039,https://www.sec.gov/Archives/edgar/data/320187/000032018723000039/nke-20230531.htm,https://data.sec.gov/api/xbrl/companyfacts/CIK0000320187.json,2026-09-07T06:55:02.100621+00:00,candidate_not_selected,Comparable candidates agree; selected the latest highest-priority presentation that is visible in SEC face-statement evidence.,reported,originally_reported,"USD divided by 1,000,000.",balance_sheet,instant,2023,FY,,1,https://www.sec.gov/Archives/edgar/data/320187/000032018723000039/R5.htm,2026-09-07T07:03:56.723017+00:00,871e09eb4f2a262ac64e29f0eb76b85ad6234d9d1fb2f476551293c76e11fa61,Long-term debt,8927,verified,Company Facts value agrees with the SEC-rendered face statement within its displayed precision.,,,,,,54abad8b001c9e08bb81b83c12f30e36867f6462a12e040cc329e94d46e6fc5c
noncurrent_long_term_debt,FY2023,,2023-05-31,8927000000,8927,USD,USD millions,us-gaap,LongTermDebtNoncurrent,10-K,2024-07-25,0000320187-24-000044,https://www.sec.gov/Archives/edgar/data/320187/000032018724000044/nke-20240531.htm,https://data.sec.gov/api/xbrl/companyfacts/CIK0000320187.json,2026-09-07T06:55:02.100621+00:00,selected,Comparable candidates agree; selected the latest highest-priority presentation that is visible in SEC face-statement evidence.,reported,later_comparative,"USD divided by 1,000,000.",balance_sheet,instant,2024,FY,CY2023Q2I,1,https://www.sec.gov/Archives/edgar/data/320187/000032018724000044/R5.htm,2026-09-07T07:03:58.388254+00:00,2eb5156fe5f784426894d1df36a985b8f22c14aaf5aedfa0d43d20e2993784d6,Long-term debt,8927,verified,Company Facts value agrees with the SEC-rendered face statement within its displayed precision.,,,,,,54abad8b001c9e08bb81b83c12f30e36867f6462a12e040cc329e94d46e6fc5c
current_operating_lease_liabilities,FY2023,,2023-05-31,425000000,425,USD,USD millions,us-gaap,OperatingLeaseLiabilityCurrent,10-K,2023-07-20,0000320187-23-000039,https://www.sec.gov/Archives/edgar/data/320187/000032018723000039/nke-20230531.htm,https://data.sec.gov/api/xbrl/companyfacts/CIK0000320187.json,2026-09-07T06:55:02.100621+00:00,candidate_not_selected,Comparable candidates agree; selected the latest highest-priority presentation that is visible in SEC face-statement evidence.,reported,originally_reported,"USD divided by 1,000,000.",balance_sheet,instant,2023,FY,,1,https://www.sec.gov/Archives/edgar/data/320187/000032018723000039/R5.htm,2026-09-07T07:03:56.723017+00:00,871e09eb4f2a262ac64e29f0eb76b85ad6234d9d1fb2f476551293c76e11fa61,Current portion of operating lease liabilities,425,verified,Company Facts value agrees with the SEC-rendered face statement within its displayed precision.,,,,,,54abad8b001c9e08bb81b83c12f30e36867f6462a12e040cc329e94d46e6fc5c
current_operating_lease_liabilities,FY2023,,2023-05-31,425000000,425,USD,USD millions,us-gaap,OperatingLeaseLiabilityCurrent,10-K,2024-07-25,0000320187-24-000044,https://www.sec.gov/Archives/edgar/data/320187/000032018724000044/nke-20240531.htm,https://data.sec.gov/api/xbrl/companyfacts/CIK0000320187.json,2026-09-07T06:55:02.100621+00:00,selected,Comparable candidates agree; selected the latest highest-priority presentation that is visible in SEC face-statement evidence.,reported,later_comparative,"USD divided by 1,000,000.",balance_sheet,instant,2024,FY,CY2023Q2I,1,https://www.sec.gov/Archives/edgar/data/320187/000032018724000044/R5.htm,2026-09-07T07:03:58.388254+00:00,2eb5156fe5f784426894d1df36a985b8f22c14aaf5aedfa0d43d20e2993784d6,Current portion of operating lease liabilities,425,verified,Company Facts value agrees with the SEC-rendered face statement within its displayed precision.,,,,,,54abad8b001c9e08bb81b83c12f30e36867f6462a12e040cc329e94d46e6fc5c
noncurrent_operating_lease_liabilities,FY2023,,2023-05-31,2786000000,2786,USD,USD millions,us-gaap,OperatingLeaseLiabilityNoncurrent,10-K,2023-07-20,0000320187-23-000039,https://www.sec.gov/Archives/edgar/data/320187/000032018723000039/nke-20230531.htm,https://data.sec.gov/api/xbrl/companyfacts/CIK0000320187.json,2026-09-07T06:55:02.100621+00:00,candidate_not_selected,Comparable candidates agree; selected the latest highest-priority presentation that is visible in SEC face-statement evidence.,reported,originally_reported,"USD divided by 1,000,000.",balance_sheet,instant,2023,FY,,1,https://www.sec.gov/Archives/edgar/data/320187/000032018723000039/R5.htm,2026-09-07T07:03:56.723017+00:00,871e09eb4f2a262ac64e29f0eb76b85ad6234d9d1fb2f476551293c76e11fa61,Operating lease liabilities,2786,verified,Company Facts value agrees with the SEC-rendered face statement within its displayed precision.,,,,,,54abad8b001c9e08bb81b83c12f30e36867f6462a12e040cc329e94d46e6fc5c
noncurrent_operating_lease_liabilities,FY2023,,2023-05-31,2786000000,2786,USD,USD millions,us-gaap,OperatingLeaseLiabilityNoncurrent,10-K,2024-07-25,0000320187-24-000044,https://www.sec.gov/Archives/edgar/data/320187/000032018724000044/nke-20240531.htm,https://data.sec.gov/api/xbrl/companyfacts/CIK0000320187.json,2026-09-07T06:55:02.100621+00:00,selected,Comparable candidates agree; selected the latest highest-priority presentation that is visible in SEC face-statement evidence.,reported,later_comparative,"USD divided by 1,000,000.",balance_sheet,instant,2024,FY,CY2023Q2I,1,https://www.sec.gov/Archives/edgar/data/320187/000032018724000044/R5.htm,2026-09-07T07:03:58.388254+00:00,2eb5156fe5f784426894d1df36a985b8f22c14aaf5aedfa0d43d20e2993784d6,Operating lease liabilities,2786,verified,Company Facts value agrees with the SEC-rendered face statement within its displayed precision.,,,,,,54abad8b001c9e08bb81b83c12f30e36867f6462a12e040cc329e94d46e6fc5c
shareholders_equity,FY2023,,2023-05-31,14004000000,14004,USD,USD millions,us-gaap,StockholdersEquity,10-K,2023-07-20,0000320187-23-000039,https://www.sec.gov/Archives/edgar/data/320187/000032018723000039/nke-20230531.htm,https://data.sec.gov/api/xbrl/companyfacts/CIK0000320187.json,2026-09-07T06:55:02.100621+00:00,candidate_not_selected,Comparable candidates agree; selected the latest highest-priority presentation that is visible in SEC face-statement evidence.,reported,originally_reported,"USD divided by 1,000,000.",balance_sheet,instant,2023,FY,,1,https://www.sec.gov/Archives/edgar/data/320187/000032018723000039/R5.htm,2026-09-07T07:03:56.723017+00:00,871e09eb4f2a262ac64e29f0eb76b85ad6234d9d1fb2f476551293c76e11fa61,Total shareholders' equity,14004,verified,Company Facts value agrees with the SEC-rendered face statement within its displayed precision.,,,,,,54abad8b001c9e08bb81b83c12f30e36867f6462a12e040cc329e94d46e6fc5c
shareholders_equity,FY2023,,2023-05-31,14004000000,14004,USD,USD millions,us-gaap,StockholdersEquity,10-K,2024-07-25,0000320187-24-000044,https://www.sec.gov/Archives/edgar/data/320187/000032018724000044/nke-20240531.htm,https://data.sec.gov/api/xbrl/companyfacts/CIK0000320187.json,2026-09-07T06:55:02.100621+00:00,selected,Comparable candidates agree; selected the latest highest-priority presentation that is visible in SEC face-statement evidence.,reported,later_comparative,"USD divided by 1,000,000.",balance_sheet,instant,2024,FY,,1,https://www.sec.gov/Archives/edgar/data/320187/000032018724000044/R5.htm,2026-09-07T07:03:58.388254+00:00,2eb5156fe5f784426894d1df36a985b8f22c14aaf5aedfa0d43d20e2993784d6,Total shareholders' equity,14004,verified,Company Facts value agrees with the SEC-rendered face statement within its displayed precision.,,,,,,54abad8b001c9e08bb81b83c12f30e36867f6462a12e040cc329e94d46e6fc5c
shareholders_equity,FY2023,,2023-05-31,14004000000,14004,USD,USD millions,us-gaap,StockholdersEquity,10-K,2025-07-17,0000320187-25-000047,https://www.sec.gov/Archives/edgar/data/320187/000032018725000047/nke-20250531.htm,https://data.sec.gov/api/xbrl/companyfacts/CIK0000320187.json,2026-09-07T06:55:02.100621+00:00,candidate_not_selected,Comparable candidates agree; selected the latest highest-priority presentation that is visible in SEC face-statement evidence.,reported,later_comparative,"USD divided by 1,000,000.",balance_sheet,instant,2025,FY,,1,https://www.sec.gov/Archives/edgar/data/320187/000032018725000047/R5.htm,2026-09-07T07:04:00.039217+00:00,c6da536585ba0585fa58bfd979a8a39a3d3e586817cc2605347183e9572de03a,,,not_visible,The target period or label is not visible in this filing's face statement.,,,,,,54abad8b001c9e08bb81b83c12f30e36867f6462a12e040cc329e94d46e6fc5c
shareholders_equity,FY2023,,2023-05-31,14004000000,14004,USD,USD millions,us-gaap,StockholdersEquity,10-K,2026-07-15,0000320187-26-000088,https://www.sec.gov/Archives/edgar/data/320187/000032018726000088/nke-20260531.htm,https://data.sec.gov/api/xbrl/companyfacts/CIK0000320187.json,2026-09-07T06:55:02.100621+00:00,candidate_not_selected,Comparable candidates agree; selected the latest highest-priority presentation that is visible in SEC face-statement evidence.,reported,later_comparative,"USD divided by 1,000,000.",balance_sheet,instant,2026,FY,CY2023Q2I,1,https://www.sec.gov/Archives/edgar/data/320187/000032018726000088/R5.htm,2026-09-07T07:04:01.875516+00:00,17da187b9139e66f453a366babf2fabf9880fa6678a17713a6daf718b375c14d,,,not_visible,The target period or label is not visible in this filing's face statement.,,,,,,54abad8b001c9e08bb81b83c12f30e36867f6462a12e040cc329e94d46e6fc5c
operating_cash_flow,FY2023,2022-06-01,2023-05-31,5841000000,5841,USD,USD millions,us-gaap,NetCashProvidedByUsedInOperatingActivities,10-K,2023-07-20,0000320187-23-000039,https://www.sec.gov/Archives/edgar/data/320187/000032018723000039/nke-20230531.htm,https://data.sec.gov/api/xbrl/companyfacts/CIK0000320187.json,2026-09-07T06:55:02.100621+00:00,candidate_not_selected,Comparable candidates agree; selected the latest highest-priority presentation that is visible in SEC face-statement evidence.,reported,originally_reported,"USD divided by 1,000,000.",cash_flow_statement,duration,2023,FY,,1,https://www.sec.gov/Archives/edgar/data/320187/000032018723000039/R7.htm,2026-09-07T07:03:57.279553+00:00,824561cf2096eb17904f90908ca9f9ef269fc6d1ef149d2ca4e38436a9aeeeb2,Cash provided (used) by operations,5841,verified,Company Facts value agrees with the SEC-rendered face statement within its displayed precision.,,,,,,54abad8b001c9e08bb81b83c12f30e36867f6462a12e040cc329e94d46e6fc5c
operating_cash_flow,FY2023,2022-06-01,2023-05-31,5841000000,5841,USD,USD millions,us-gaap,NetCashProvidedByUsedInOperatingActivities,10-K,2024-07-25,0000320187-24-000044,https://www.sec.gov/Archives/edgar/data/320187/000032018724000044/nke-20240531.htm,https://data.sec.gov/api/xbrl/companyfacts/CIK0000320187.json,2026-09-07T06:55:02.100621+00:00,candidate_not_selected,Comparable candidates agree; selected the latest highest-priority presentation that is visible in SEC face-statement evidence.,reported,later_comparative,"USD divided by 1,000,000.",cash_flow_statement,duration,2024,FY,,1,https://www.sec.gov/Archives/edgar/data/320187/000032018724000044/R7.htm,2026-09-07T07:03:58.941067+00:00,65655c8bf26bf5c07396e74936f07d3544bb9798235d969c6c22d2e42c0150df,Cash provided (used) by operations,5841,verified,Company Facts value agrees with the SEC-rendered face statement within its displayed precision.,,,,,,54abad8b001c9e08bb81b83c12f30e36867f6462a12e040cc329e94d46e6fc5c
operating_cash_flow,FY2023,2022-06-01,2023-05-31,5841000000,5841,USD,USD millions,us-gaap,NetCashProvidedByUsedInOperatingActivities,10-K,2025-07-17,0000320187-25-000047,https://www.sec.gov/Archives/edgar/data/320187/000032018725000047/nke-20250531.htm,https://data.sec.gov/api/xbrl/companyfacts/CIK0000320187.json,2026-09-07T06:55:02.100621+00:00,selected,Comparable candidates agree; selected the latest highest-priority presentation that is visible in SEC face-statement evidence.,reported,later_comparative,"USD divided by 1,000,000.",cash_flow_statement,duration,2025,FY,CY2022,1,https://www.sec.gov/Archives/edgar/data/320187/000032018725000047/R7.htm,2026-09-07T07:04:00.692658+00:00,2aacfb922bd770045d879e195efc21ae5245e6387870c485e52798aa51cc7f8f,Cash provided (used) by operations,5841,verified,Company Facts value agrees with the SEC-rendered face statement within its displayed precision.,,,,,,54abad8b001c9e08bb81b83c12f30e36867f6462a12e040cc329e94d46e6fc5c
capital_expenditures,FY2023,2022-06-01,2023-05-31,969000000,969,USD,USD millions,us-gaap,PaymentsToAcquirePropertyPlantAndEquipment,10-K,2023-07-20,0000320187-23-000039,https://www.sec.gov/Archives/edgar/data/320187/000032018723000039/nke-20230531.htm,https://data.sec.gov/api/xbrl/companyfacts/CIK0000320187.json,2026-09-07T06:55:02.100621+00:00,candidate_not_selected,Comparable candidates agree; selected the latest highest-priority presentation that is visible in SEC face-statement evidence.,reported,originally_reported,"USD divided by 1,000,000. Absolute value retained as a positive investment amount.",cash_flow_statement,duration,2023,FY,,1,https://www.sec.gov/Archives/edgar/data/320187/000032018723000039/R7.htm,2026-09-07T07:03:57.279553+00:00,824561cf2096eb17904f90908ca9f9ef269fc6d1ef149d2ca4e38436a9aeeeb2,"Additions to property, plant and equipment",-969,verified,Company Facts value agrees with the SEC-rendered face statement within its displayed precision.,,,,,,54abad8b001c9e08bb81b83c12f30e36867f6462a12e040cc329e94d46e6fc5c
capital_expenditures,FY2023,2022-06-01,2023-05-31,969000000,969,USD,USD millions,us-gaap,PaymentsToAcquirePropertyPlantAndEquipment,10-K,2024-07-25,0000320187-24-000044,https://www.sec.gov/Archives/edgar/data/320187/000032018724000044/nke-20240531.htm,https://data.sec.gov/api/xbrl/companyfacts/CIK0000320187.json,2026-09-07T06:55:02.100621+00:00,candidate_not_selected,Comparable candidates agree; selected the latest highest-priority presentation that is visible in SEC face-statement evidence.,reported,later_comparative,"USD divided by 1,000,000. Absolute value retained as a positive investment amount.",cash_flow_statement,duration,2024,FY,,1,https://www.sec.gov/Archives/edgar/data/320187/000032018724000044/R7.htm,2026-09-07T07:03:58.941067+00:00,65655c8bf26bf5c07396e74936f07d3544bb9798235d969c6c22d2e42c0150df,"Additions to property, plant and equipment",-969,verified,Company Facts value agrees with the SEC-rendered face statement within its displayed precision.,,,,,,54abad8b001c9e08bb81b83c12f30e36867f6462a12e040cc329e94d46e6fc5c
capital_expenditures,FY2023,2022-06-01,2023-05-31,969000000,969,USD,USD millions,us-gaap,PaymentsToAcquirePropertyPlantAndEquipment,10-K,2025-07-17,0000320187-25-000047,https://www.sec.gov/Archives/edgar/data/320187/000032018725000047/nke-20250531.htm,https://data.sec.gov/api/xbrl/companyfacts/CIK0000320187.json,2026-09-07T06:55:02.100621+00:00,selected,Comparable candidates agree; selected the latest highest-priority presentation that is visible in SEC face-statement evidence.,reported,later_comparative,"USD divided by 1,000,000. Absolute value retained as a positive investment amount.",cash_flow_statement,duration,2025,FY,CY2022,1,https://www.sec.gov/Archives/edgar/data/320187/000032018725000047/R7.htm,2026-09-07T07:04:00.692658+00:00,2aacfb922bd770045d879e195efc21ae5245e6387870c485e52798aa51cc7f8f,"Additions to property, plant and equipment",-969,verified,Company Facts value agrees with the SEC-rendered face statement within its displayed precision.,,,,,,54abad8b001c9e08bb81b83c12f30e36867f6462a12e040cc329e94d46e6fc5c
depreciation_and_amortization,FY2023,2022-06-01,2023-05-31,703000000,703,USD,USD millions,us-gaap,DepreciationDepletionAndAmortization,10-K,2025-07-17,0000320187-25-000047,https://www.sec.gov/Archives/edgar/data/320187/000032018725000047/nke-20250531.htm,https://data.sec.gov/api/xbrl/companyfacts/CIK0000320187.json,2026-09-07T06:55:02.100621+00:00,selected,Comparable candidates agree; selected the latest highest-priority presentation that is visible in SEC face-statement evidence.,reported,later_comparative,"USD divided by 1,000,000.",cash_flow_statement,duration,2025,FY,CY2022,1,https://www.sec.gov/Archives/edgar/data/320187/000032018725000047/R7.htm,2026-09-07T07:04:00.692658+00:00,2aacfb922bd770045d879e195efc21ae5245e6387870c485e52798aa51cc7f8f,Depreciation and amortization,703,verified,Company Facts value agrees with the SEC-rendered face statement within its displayed precision.,,,,,,54abad8b001c9e08bb81b83c12f30e36867f6462a12e040cc329e94d46e6fc5c
depreciation_and_amortization,FY2023,2022-06-01,2023-05-31,703000000,703,USD,USD millions,us-gaap,Depreciation,10-K,2023-07-20,0000320187-23-000039,https://www.sec.gov/Archives/edgar/data/320187/000032018723000039/nke-20230531.htm,https://data.sec.gov/api/xbrl/companyfacts/CIK0000320187.json,2026-09-07T06:55:02.100621+00:00,candidate_not_selected,Comparable candidates agree; selected the latest highest-priority presentation that is visible in SEC face-statement evidence.,reported,originally_reported,"USD divided by 1,000,000.",cash_flow_statement,duration,2023,FY,,2,,,,,,not_checked,,,,,,,54abad8b001c9e08bb81b83c12f30e36867f6462a12e040cc329e94d46e6fc5c
depreciation_and_amortization,FY2023,2022-06-01,2023-05-31,703000000,703,USD,USD millions,us-gaap,Depreciation,10-K,2024-07-25,0000320187-24-000044,https://www.sec.gov/Archives/edgar/data/320187/000032018724000044/nke-20240531.htm,https://data.sec.gov/api/xbrl/companyfacts/CIK0000320187.json,2026-09-07T06:55:02.100621+00:00,candidate_not_selected,Comparable candidates agree; selected the latest highest-priority presentation that is visible in SEC face-statement evidence.,reported,later_comparative,"USD divided by 1,000,000.",cash_flow_statement,duration,2024,FY,CY2022,2,,,,,,not_checked,,,,,,,54abad8b001c9e08bb81b83c12f30e36867f6462a12e040cc329e94d46e6fc5c
derived_operating_income,FY2023,2022-06-01,2023-05-31,,5915,,USD millions,,,,,,,https://data.sec.gov/api/xbrl/companyfacts/CIK0000320187.json,2026-09-07T06:55:02.100621+00:00,calculated,Calculated from validated inputs.,calculated,calculated,gross_profit - total_selling_and_administrative_expense,calculated,duration,,,,,https://www.sec.gov/Archives/edgar/data/320187/000032018725000047/R3.htm,2026-09-07T07:03:59.487544+00:00,c9b9328544ec19e67502fd09cc449bcf05f1fa173a3a2ae7a825f54fd143c52c,Income before taxes adjusted for signed interest and other non-operating income or expense,5915,verified_cross_check,"The independent pretax bridge equals derived operating income. This is a consolidated calculation, not segment EBIT.",,,,,,54abad8b001c9e08bb81b83c12f30e36867f6462a12e040cc329e94d46e6fc5c
gross_margin,FY2023,2022-06-01,2023-05-31,,0.435246,,decimal,,,,,,,https://data.sec.gov/api/xbrl/companyfacts/CIK0000320187.json,2026-09-07T06:55:02.100621+00:00,calculated,Calculated from validated inputs.,calculated,calculated,gross_profit / revenue,calculated,duration,,,,,,,,,,not_applicable,Calculated from selected inputs only.,,,,,,54abad8b001c9e08bb81b83c12f30e36867f6462a12e040cc329e94d46e6fc5c
operating_margin,FY2023,2022-06-01,2023-05-31,,0.115489,,decimal,,,,,,,https://data.sec.gov/api/xbrl/companyfacts/CIK0000320187.json,2026-09-07T06:55:02.100621+00:00,calculated,Calculated from validated inputs.,calculated,calculated,derived_operating_income / revenue,calculated,duration,,,,,,,,,,not_applicable,Calculated from selected inputs only.,,,,,,54abad8b001c9e08bb81b83c12f30e36867f6462a12e040cc329e94d46e6fc5c
net_margin,FY2023,2022-06-01,2023-05-31,,0.098991,,decimal,,,,,,,https://data.sec.gov/api/xbrl/companyfacts/CIK0000320187.json,2026-09-07T06:55:02.100621+00:00,calculated,Calculated from validated inputs.,calculated,calculated,net_income / revenue,calculated,duration,,,,,,,,,,not_applicable,Calculated from selected inputs only.,,,,,,54abad8b001c9e08bb81b83c12f30e36867f6462a12e040cc329e94d46e6fc5c
operating_cash_flow_margin,FY2023,2022-06-01,2023-05-31,,0.114044,,decimal,,,,,,,https://data.sec.gov/api/xbrl/companyfacts/CIK0000320187.json,2026-09-07T06:55:02.100621+00:00,calculated,Calculated from validated inputs.,calculated,calculated,operating_cash_flow / revenue,calculated,duration,,,,,,,,,,not_applicable,Calculated from selected inputs only.,,,,,,54abad8b001c9e08bb81b83c12f30e36867f6462a12e040cc329e94d46e6fc5c
free_cash_flow,FY2023,2022-06-01,2023-05-31,,4872,,USD millions,,,,,,,https://data.sec.gov/api/xbrl/companyfacts/CIK0000320187.json,2026-09-07T06:55:02.100621+00:00,calculated,Calculated from validated inputs.,calculated,calculated,operating_cash_flow - capital_expenditures,calculated,duration,,,,,,,,,,not_applicable,Calculated from selected inputs only.,,,,,,54abad8b001c9e08bb81b83c12f30e36867f6462a12e040cc329e94d46e6fc5c
free_cash_flow_margin,FY2023,2022-06-01,2023-05-31,,0.095125,,decimal,,,,,,,https://data.sec.gov/api/xbrl/companyfacts/CIK0000320187.json,2026-09-07T06:55:02.100621+00:00,calculated,Calculated from validated inputs.,calculated,calculated,free_cash_flow / revenue,calculated,duration,,,,,,,,,,not_applicable,Calculated from selected inputs only.,,,,,,54abad8b001c9e08bb81b83c12f30e36867f6462a12e040cc329e94d46e6fc5c
cash_conversion,FY2023,2022-06-01,2023-05-31,,1.152071,,decimal,,,,,,,https://data.sec.gov/api/xbrl/companyfacts/CIK0000320187.json,2026-09-07T06:55:02.100621+00:00,calculated,Calculated from validated inputs.,calculated,calculated,operating_cash_flow / net_income,calculated,duration,,,,,,,,,,not_applicable,Calculated from selected inputs only.,,,,,,54abad8b001c9e08bb81b83c12f30e36867f6462a12e040cc329e94d46e6fc5c
total_interest_bearing_debt,FY2023,2022-06-01,2023-05-31,,8933,,USD millions,,,,,,,https://data.sec.gov/api/xbrl/companyfacts/CIK0000320187.json,2026-09-07T06:55:02.100621+00:00,calculated,Calculated from validated inputs.,calculated,calculated,notes_payable_and_short_term_borrowings + current_portion_long_term_debt + noncurrent_long_term_debt,calculated,duration,,,,,,,,,,not_applicable,Calculated from the three validated interest-bearing debt components; operating lease liabilities are excluded.,https://www.sec.gov/Archives/edgar/data/320187/000032018723000039/R49.htm,2026-09-07T07:37:48.389713+00:00,5c76468396095459f752cacc3c3284a41092b93623eb131de61d0e96dc45d7c1,Note 5 - Notes payable,Detail confirms $6 million of notes payable and zero line-of-credit borrowings.,54abad8b001c9e08bb81b83c12f30e36867f6462a12e040cc329e94d46e6fc5c
total_operating_lease_liabilities,FY2023,2022-06-01,2023-05-31,,3211,,USD millions,,,,,,,https://data.sec.gov/api/xbrl/companyfacts/CIK0000320187.json,2026-09-07T06:55:02.100621+00:00,calculated,Calculated from validated inputs.,calculated,calculated,current_operating_lease_liabilities + noncurrent_operating_lease_liabilities,calculated,duration,,,,,,,,,,not_applicable,Calculated from current and noncurrent operating lease liabilities and excluded from base interest-bearing debt.,,,,,,54abad8b001c9e08bb81b83c12f30e36867f6462a12e040cc329e94d46e6fc5c
revenue_growth,FY2023,2022-06-01,2023-05-31,,0.096489,,decimal,,,,,,,https://data.sec.gov/api/xbrl/companyfacts/CIK0000320187.json,2026-09-07T06:55:02.100621+00:00,calculated,Calculated from validated inputs.,calculated,calculated,(revenue_t / revenue_t_minus_1) - 1,calculated,duration,,,,,,,,,,not_applicable,Calculated from selected inputs only.,,,,,,54abad8b001c9e08bb81b83c12f30e36867f6462a12e040cc329e94d46e6fc5c
revenue_cagr_five_observations,FY2023,2022-06-01,2023-05-31,,,,decimal,,,,,,,https://data.sec.gov/api/xbrl/companyfacts/CIK0000320187.json,2026-09-07T06:55:02.100621+00:00,not_applicable,The five-observation CAGR is displayed only on the final fiscal year.,calculated,calculated,(revenue_FY2026 / revenue_FY2022)^(1/4) - 1,calculated,duration,,,,,,,,,,not_applicable,Calculated from selected inputs only.,,,,,,54abad8b001c9e08bb81b83c12f30e36867f6462a12e040cc329e94d46e6fc5c
revenue,FY2024,2023-06-01,2024-05-31,51362000000,51362,USD,USD millions,us-gaap,RevenueFromContractWithCustomerExcludingAssessedTax,10-K,2024-07-25,0000320187-24-000044,https://www.sec.gov/Archives/edgar/data/320187/000032018724000044/nke-20240531.htm,https://data.sec.gov/api/xbrl/companyfacts/CIK0000320187.json,2026-09-07T06:55:02.100621+00:00,candidate_not_selected,Comparable candidates agree; selected the latest highest-priority presentation that is visible in SEC face-statement evidence.,reported,originally_reported,"USD divided by 1,000,000.",income_statement,duration,2024,FY,,1,https://www.sec.gov/Archives/edgar/data/320187/000032018724000044/R3.htm,2026-09-07T07:03:57.836582+00:00,ac6824da10fc859f7f318c38a85e9f8642ebe92d2da0b978146ee3e1cf4aaca2,Revenues,51362,verified,Company Facts value agrees with the SEC-rendered face statement within its displayed precision.,,,,,,54abad8b001c9e08bb81b83c12f30e36867f6462a12e040cc329e94d46e6fc5c
revenue,FY2024,2023-06-01,2024-05-31,51362000000,51362,USD,USD millions,us-gaap,RevenueFromContractWithCustomerExcludingAssessedTax,10-K,2025-07-17,0000320187-25-000047,https://www.sec.gov/Archives/edgar/data/320187/000032018725000047/nke-20250531.htm,https://data.sec.gov/api/xbrl/companyfacts/CIK0000320187.json,2026-09-07T06:55:02.100621+00:00,candidate_not_selected,Comparable candidates agree; selected the latest highest-priority presentation that is visible in SEC face-statement evidence.,reported,later_comparative,"USD divided by 1,000,000.",income_statement,duration,2025,FY,,1,https://www.sec.gov/Archives/edgar/data/320187/000032018725000047/R3.htm,2026-09-07T07:03:59.487544+00:00,c9b9328544ec19e67502fd09cc449bcf05f1fa173a3a2ae7a825f54fd143c52c,Revenues,51362,verified,Company Facts value agrees with the SEC-rendered face statement within its displayed precision.,,,,,,54abad8b001c9e08bb81b83c12f30e36867f6462a12e040cc329e94d46e6fc5c
revenue,FY2024,2023-06-01,2024-05-31,51362000000,51362,USD,USD millions,us-gaap,RevenueFromContractWithCustomerExcludingAssessedTax,10-K,2026-07-15,0000320187-26-000088,https://www.sec.gov/Archives/edgar/data/320187/000032018726000088/nke-20260531.htm,https://data.sec.gov/api/xbrl/companyfacts/CIK0000320187.json,2026-09-07T06:55:02.100621+00:00,selected,Comparable candidates agree; selected the latest highest-priority presentation that is visible in SEC face-statement evidence.,reported,later_comparative,"USD divided by 1,000,000.",income_statement,duration,2026,FY,CY2023,1,https://www.sec.gov/Archives/edgar/data/320187/000032018726000088/R3.htm,2026-09-07T07:04:01.247348+00:00,367a4751ed4b2824009f7400dc3c03c4d09d1a4af0fd64d9d12c87a4abda7516,Revenues,51362,verified,Company Facts value agrees with the SEC-rendered face statement within its displayed precision.,,,,,,54abad8b001c9e08bb81b83c12f30e36867f6462a12e040cc329e94d46e6fc5c
cost_of_revenue,FY2024,2023-06-01,2024-05-31,28475000000,28475,USD,USD millions,us-gaap,CostOfGoodsAndServicesSold,10-K,2024-07-25,0000320187-24-000044,https://www.sec.gov/Archives/edgar/data/320187/000032018724000044/nke-20240531.htm,https://data.sec.gov/api/xbrl/companyfacts/CIK0000320187.json,2026-09-07T06:55:02.100621+00:00,candidate_not_selected,Comparable candidates agree; selected the latest highest-priority presentation that is visible in SEC face-statement evidence.,reported,originally_reported,"USD divided by 1,000,000.",income_statement,duration,2024,FY,,2,https://www.sec.gov/Archives/edgar/data/320187/000032018724000044/R3.htm,2026-09-07T07:03:57.836582+00:00,ac6824da10fc859f7f318c38a85e9f8642ebe92d2da0b978146ee3e1cf4aaca2,Cost of sales,28475,verified,Company Facts value agrees with the SEC-rendered face statement within its displayed precision.,,,,,,54abad8b001c9e08bb81b83c12f30e36867f6462a12e040cc329e94d46e6fc5c
cost_of_revenue,FY2024,2023-06-01,2024-05-31,28475000000,28475,USD,USD millions,us-gaap,CostOfGoodsAndServicesSold,10-K,2025-07-17,0000320187-25-000047,https://www.sec.gov/Archives/edgar/data/320187/000032018725000047/nke-20250531.htm,https://data.sec.gov/api/xbrl/companyfacts/CIK0000320187.json,2026-09-07T06:55:02.100621+00:00,candidate_not_selected,Comparable candidates agree; selected the latest highest-priority presentation that is visible in SEC face-statement evidence.,reported,later_comparative,"USD divided by 1,000,000.",income_statement,duration,2025,FY,,2,https://www.sec.gov/Archives/edgar/data/320187/000032018725000047/R3.htm,2026-09-07T07:03:59.487544+00:00,c9b9328544ec19e67502fd09cc449bcf05f1fa173a3a2ae7a825f54fd143c52c,Cost of sales,28475,verified,Company Facts value agrees with the SEC-rendered face statement within its displayed precision.,,,,,,54abad8b001c9e08bb81b83c12f30e36867f6462a12e040cc329e94d46e6fc5c
cost_of_revenue,FY2024,2023-06-01,2024-05-31,28475000000,28475,USD,USD millions,us-gaap,CostOfGoodsAndServicesSold,10-K,2026-07-15,0000320187-26-000088,https://www.sec.gov/Archives/edgar/data/320187/000032018726000088/nke-20260531.htm,https://data.sec.gov/api/xbrl/companyfacts/CIK0000320187.json,2026-09-07T06:55:02.100621+00:00,selected,Comparable candidates agree; selected the latest highest-priority presentation that is visible in SEC face-statement evidence.,reported,later_comparative,"USD divided by 1,000,000.",income_statement,duration,2026,FY,CY2023,2,https://www.sec.gov/Archives/edgar/data/320187/000032018726000088/R3.htm,2026-09-07T07:04:01.247348+00:00,367a4751ed4b2824009f7400dc3c03c4d09d1a4af0fd64d9d12c87a4abda7516,Cost of sales,28475,verified,Company Facts value agrees with the SEC-rendered face statement within its displayed precision.,,,,,,54abad8b001c9e08bb81b83c12f30e36867f6462a12e040cc329e94d46e6fc5c
gross_profit,FY2024,2023-06-01,2024-05-31,22887000000,22887,USD,USD millions,us-gaap,GrossProfit,10-K,2024-07-25,0000320187-24-000044,https://www.sec.gov/Archives/edgar/data/320187/000032018724000044/nke-20240531.htm,https://data.sec.gov/api/xbrl/companyfacts/CIK0000320187.json,2026-09-07T06:55:02.100621+00:00,candidate_not_selected,Comparable candidates agree; selected the latest highest-priority presentation that is visible in SEC face-statement evidence.,reported,originally_reported,"USD divided by 1,000,000.",income_statement,duration,2024,FY,,1,https://www.sec.gov/Archives/edgar/data/320187/000032018724000044/R3.htm,2026-09-07T07:03:57.836582+00:00,ac6824da10fc859f7f318c38a85e9f8642ebe92d2da0b978146ee3e1cf4aaca2,Gross profit,22887,verified,Company Facts value agrees with the SEC-rendered face statement within its displayed precision.,,,,,,54abad8b001c9e08bb81b83c12f30e36867f6462a12e040cc329e94d46e6fc5c
gross_profit,FY2024,2023-06-01,2024-05-31,22887000000,22887,USD,USD millions,us-gaap,GrossProfit,10-K,2025-07-17,0000320187-25-000047,https://www.sec.gov/Archives/edgar/data/320187/000032018725000047/nke-20250531.htm,https://data.sec.gov/api/xbrl/companyfacts/CIK0000320187.json,2026-09-07T06:55:02.100621+00:00,candidate_not_selected,Comparable candidates agree; selected the latest highest-priority presentation that is visible in SEC face-statement evidence.,reported,later_comparative,"USD divided by 1,000,000.",income_statement,duration,2025,FY,,1,https://www.sec.gov/Archives/edgar/data/320187/000032018725000047/R3.htm,2026-09-07T07:03:59.487544+00:00,c9b9328544ec19e67502fd09cc449bcf05f1fa173a3a2ae7a825f54fd143c52c,Gross profit,22887,verified,Company Facts value agrees with the SEC-rendered face statement within its displayed precision.,,,,,,54abad8b001c9e08bb81b83c12f30e36867f6462a12e040cc329e94d46e6fc5c
gross_profit,FY2024,2023-06-01,2024-05-31,22887000000,22887,USD,USD millions,us-gaap,GrossProfit,10-K,2026-07-15,0000320187-26-000088,https://www.sec.gov/Archives/edgar/data/320187/000032018726000088/nke-20260531.htm,https://data.sec.gov/api/xbrl/companyfacts/CIK0000320187.json,2026-09-07T06:55:02.100621+00:00,selected,Comparable candidates agree; selected the latest highest-priority presentation that is visible in SEC face-statement evidence.,reported,later_comparative,"USD divided by 1,000,000.",income_statement,duration,2026,FY,CY2023,1,https://www.sec.gov/Archives/edgar/data/320187/000032018726000088/R3.htm,2026-09-07T07:04:01.247348+00:00,367a4751ed4b2824009f7400dc3c03c4d09d1a4af0fd64d9d12c87a4abda7516,Gross profit,22887,verified,Company Facts value agrees with the SEC-rendered face statement within its displayed precision.,,,,,,54abad8b001c9e08bb81b83c12f30e36867f6462a12e040cc329e94d46e6fc5c
total_selling_and_administrative_expense,FY2024,2023-06-01,2024-05-31,16576000000,16576,USD,USD millions,us-gaap,SellingGeneralAndAdministrativeExpense,10-K,2024-07-25,0000320187-24-000044,https://www.sec.gov/Archives/edgar/data/320187/000032018724000044/nke-20240531.htm,https://data.sec.gov/api/xbrl/companyfacts/CIK0000320187.json,2026-09-07T06:55:02.100621+00:00,candidate_not_selected,Comparable candidates agree; selected the latest highest-priority presentation that is visible in SEC face-statement evidence.,reported,originally_reported,"USD divided by 1,000,000.",income_statement,duration,2024,FY,,1,https://www.sec.gov/Archives/edgar/data/320187/000032018724000044/R3.htm,2026-09-07T07:03:57.836582+00:00,ac6824da10fc859f7f318c38a85e9f8642ebe92d2da0b978146ee3e1cf4aaca2,Total selling and administrative expense,16576,verified,Company Facts value agrees with the SEC-rendered face statement within its displayed precision.,,,,,,54abad8b001c9e08bb81b83c12f30e36867f6462a12e040cc329e94d46e6fc5c
total_selling_and_administrative_expense,FY2024,2023-06-01,2024-05-31,16576000000,16576,USD,USD millions,us-gaap,SellingGeneralAndAdministrativeExpense,10-K,2025-07-17,0000320187-25-000047,https://www.sec.gov/Archives/edgar/data/320187/000032018725000047/nke-20250531.htm,https://data.sec.gov/api/xbrl/companyfacts/CIK0000320187.json,2026-09-07T06:55:02.100621+00:00,candidate_not_selected,Comparable candidates agree; selected the latest highest-priority presentation that is visible in SEC face-statement evidence.,reported,later_comparative,"USD divided by 1,000,000.",income_statement,duration,2025,FY,,1,https://www.sec.gov/Archives/edgar/data/320187/000032018725000047/R3.htm,2026-09-07T07:03:59.487544+00:00,c9b9328544ec19e67502fd09cc449bcf05f1fa173a3a2ae7a825f54fd143c52c,Total selling and administrative expense,16576,verified,Company Facts value agrees with the SEC-rendered face statement within its displayed precision.,,,,,,54abad8b001c9e08bb81b83c12f30e36867f6462a12e040cc329e94d46e6fc5c
total_selling_and_administrative_expense,FY2024,2023-06-01,2024-05-31,16576000000,16576,USD,USD millions,us-gaap,SellingGeneralAndAdministrativeExpense,10-K,2026-07-15,0000320187-26-000088,https://www.sec.gov/Archives/edgar/data/320187/000032018726000088/nke-20260531.htm,https://data.sec.gov/api/xbrl/companyfacts/CIK0000320187.json,2026-09-07T06:55:02.100621+00:00,selected,Comparable candidates agree; selected the latest highest-priority presentation that is visible in SEC face-statement evidence.,reported,later_comparative,"USD divided by 1,000,000.",income_statement,duration,2026,FY,CY2023,1,https://www.sec.gov/Archives/edgar/data/320187/000032018726000088/R3.htm,2026-09-07T07:04:01.247348+00:00,367a4751ed4b2824009f7400dc3c03c4d09d1a4af0fd64d9d12c87a4abda7516,Total selling and administrative expense,16576,verified,Company Facts value agrees with the SEC-rendered face statement within its displayed precision.,,,,,,54abad8b001c9e08bb81b83c12f30e36867f6462a12e040cc329e94d46e6fc5c
income_before_income_taxes,FY2024,2023-06-01,2024-05-31,6700000000,6700,USD,USD millions,us-gaap,IncomeLossFromContinuingOperationsBeforeIncomeTaxesExtraordinaryItemsNoncontrollingInterest,10-K,2024-07-25,0000320187-24-000044,https://www.sec.gov/Archives/edgar/data/320187/000032018724000044/nke-20240531.htm,https://data.sec.gov/api/xbrl/companyfacts/CIK0000320187.json,2026-09-07T06:55:02.100621+00:00,candidate_not_selected,Comparable candidates agree; selected the latest highest-priority presentation that is visible in SEC face-statement evidence.,reported,originally_reported,"USD divided by 1,000,000.",income_statement,duration,2024,FY,,1,https://www.sec.gov/Archives/edgar/data/320187/000032018724000044/R3.htm,2026-09-07T07:03:57.836582+00:00,ac6824da10fc859f7f318c38a85e9f8642ebe92d2da0b978146ee3e1cf4aaca2,Income before income taxes,6700,verified,Company Facts value agrees with the SEC-rendered face statement within its displayed precision.,,,,,,54abad8b001c9e08bb81b83c12f30e36867f6462a12e040cc329e94d46e6fc5c
income_before_income_taxes,FY2024,2023-06-01,2024-05-31,6700000000,6700,USD,USD millions,us-gaap,IncomeLossFromContinuingOperationsBeforeIncomeTaxesExtraordinaryItemsNoncontrollingInterest,10-K,2025-07-17,0000320187-25-000047,https://www.sec.gov/Archives/edgar/data/320187/000032018725000047/nke-20250531.htm,https://data.sec.gov/api/xbrl/companyfacts/CIK0000320187.json,2026-09-07T06:55:02.100621+00:00,candidate_not_selected,Comparable candidates agree; selected the latest highest-priority presentation that is visible in SEC face-statement evidence.,reported,later_comparative,"USD divided by 1,000,000.",income_statement,duration,2025,FY,,1,https://www.sec.gov/Archives/edgar/data/320187/000032018725000047/R3.htm,2026-09-07T07:03:59.487544+00:00,c9b9328544ec19e67502fd09cc449bcf05f1fa173a3a2ae7a825f54fd143c52c,Income before income taxes,6700,verified,Company Facts value agrees with the SEC-rendered face statement within its displayed precision.,,,,,,54abad8b001c9e08bb81b83c12f30e36867f6462a12e040cc329e94d46e6fc5c
income_before_income_taxes,FY2024,2023-06-01,2024-05-31,6700000000,6700,USD,USD millions,us-gaap,IncomeLossFromContinuingOperationsBeforeIncomeTaxesExtraordinaryItemsNoncontrollingInterest,10-K,2026-07-15,0000320187-26-000088,https://www.sec.gov/Archives/edgar/data/320187/000032018726000088/nke-20260531.htm,https://data.sec.gov/api/xbrl/companyfacts/CIK0000320187.json,2026-09-07T06:55:02.100621+00:00,selected,Comparable candidates agree; selected the latest highest-priority presentation that is visible in SEC face-statement evidence.,reported,later_comparative,"USD divided by 1,000,000.",income_statement,duration,2026,FY,CY2023,1,https://www.sec.gov/Archives/edgar/data/320187/000032018726000088/R3.htm,2026-09-07T07:04:01.247348+00:00,367a4751ed4b2824009f7400dc3c03c4d09d1a4af0fd64d9d12c87a4abda7516,Income before income taxes,6700,verified,Company Facts value agrees with the SEC-rendered face statement within its displayed precision.,,,,,,54abad8b001c9e08bb81b83c12f30e36867f6462a12e040cc329e94d46e6fc5c
interest_income_expense_nonoperating_net,FY2024,2023-06-01,2024-05-31,161000000,161,USD,USD millions,us-gaap,InterestIncomeExpenseNonoperatingNet,10-K,2024-07-25,0000320187-24-000044,https://www.sec.gov/Archives/edgar/data/320187/000032018724000044/nke-20240531.htm,https://data.sec.gov/api/xbrl/companyfacts/CIK0000320187.json,2026-09-07T06:55:02.100621+00:00,candidate_not_selected,Comparable candidates agree; selected the latest highest-priority presentation that is visible in SEC face-statement evidence.,reported,originally_reported,"USD divided by 1,000,000. Positive normalized values represent income and negative values represent expense; the face-statement expense label uses the opposite sign.",income_statement,duration,2024,FY,,1,https://www.sec.gov/Archives/edgar/data/320187/000032018724000044/R3.htm,2026-09-07T07:03:57.836582+00:00,ac6824da10fc859f7f318c38a85e9f8642ebe92d2da0b978146ee3e1cf4aaca2,"Interest expense (income), net",-161,verified,Company Facts value agrees with the SEC-rendered face statement within its displayed precision.,,,,,,54abad8b001c9e08bb81b83c12f30e36867f6462a12e040cc329e94d46e6fc5c
interest_income_expense_nonoperating_net,FY2024,2023-06-01,2024-05-31,161000000,161,USD,USD millions,us-gaap,InterestIncomeExpenseNonoperatingNet,10-K,2025-07-17,0000320187-25-000047,https://www.sec.gov/Archives/edgar/data/320187/000032018725000047/nke-20250531.htm,https://data.sec.gov/api/xbrl/companyfacts/CIK0000320187.json,2026-09-07T06:55:02.100621+00:00,candidate_not_selected,Comparable candidates agree; selected the latest highest-priority presentation that is visible in SEC face-statement evidence.,reported,later_comparative,"USD divided by 1,000,000. Positive normalized values represent income and negative values represent expense; the face-statement expense label uses the opposite sign.",income_statement,duration,2025,FY,,1,https://www.sec.gov/Archives/edgar/data/320187/000032018725000047/R3.htm,2026-09-07T07:03:59.487544+00:00,c9b9328544ec19e67502fd09cc449bcf05f1fa173a3a2ae7a825f54fd143c52c,"Interest expense (income), net",-161,verified,Company Facts value agrees with the SEC-rendered face statement within its displayed precision.,,,,,,54abad8b001c9e08bb81b83c12f30e36867f6462a12e040cc329e94d46e6fc5c
interest_income_expense_nonoperating_net,FY2024,2023-06-01,2024-05-31,161000000,161,USD,USD millions,us-gaap,InterestIncomeExpenseNonoperatingNet,10-K,2026-07-15,0000320187-26-000088,https://www.sec.gov/Archives/edgar/data/320187/000032018726000088/nke-20260531.htm,https://data.sec.gov/api/xbrl/companyfacts/CIK0000320187.json,2026-09-07T06:55:02.100621+00:00,selected,Comparable candidates agree; selected the latest highest-priority presentation that is visible in SEC face-statement evidence.,reported,later_comparative,"USD divided by 1,000,000. Positive normalized values represent income and negative values represent expense; the face-statement expense label uses the opposite sign.",income_statement,duration,2026,FY,CY2023,1,https://www.sec.gov/Archives/edgar/data/320187/000032018726000088/R3.htm,2026-09-07T07:04:01.247348+00:00,367a4751ed4b2824009f7400dc3c03c4d09d1a4af0fd64d9d12c87a4abda7516,"Interest (income) expense, net",-161,verified,Company Facts value agrees with the SEC-rendered face statement within its displayed precision.,,,,,,54abad8b001c9e08bb81b83c12f30e36867f6462a12e040cc329e94d46e6fc5c
other_nonoperating_income_expense,FY2024,2023-06-01,2024-05-31,228000000,228,USD,USD millions,us-gaap,OtherNonoperatingIncomeExpense,10-K,2024-07-25,0000320187-24-000044,https://www.sec.gov/Archives/edgar/data/320187/000032018724000044/nke-20240531.htm,https://data.sec.gov/api/xbrl/companyfacts/CIK0000320187.json,2026-09-07T06:55:02.100621+00:00,candidate_not_selected,Comparable candidates agree; selected the latest highest-priority presentation that is visible in SEC face-statement evidence.,reported,originally_reported,"USD divided by 1,000,000. Positive normalized values represent income and negative values represent expense; the face-statement expense label uses the opposite sign.",income_statement,duration,2024,FY,,1,https://www.sec.gov/Archives/edgar/data/320187/000032018724000044/R3.htm,2026-09-07T07:03:57.836582+00:00,ac6824da10fc859f7f318c38a85e9f8642ebe92d2da0b978146ee3e1cf4aaca2,"Other (income) expense, net",-228,verified,Company Facts value agrees with the SEC-rendered face statement within its displayed precision.,,,,,,54abad8b001c9e08bb81b83c12f30e36867f6462a12e040cc329e94d46e6fc5c
other_nonoperating_income_expense,FY2024,2023-06-01,2024-05-31,228000000,228,USD,USD millions,us-gaap,OtherNonoperatingIncomeExpense,10-K,2025-07-17,0000320187-25-000047,https://www.sec.gov/Archives/edgar/data/320187/000032018725000047/nke-20250531.htm,https://data.sec.gov/api/xbrl/companyfacts/CIK0000320187.json,2026-09-07T06:55:02.100621+00:00,candidate_not_selected,Comparable candidates agree; selected the latest highest-priority presentation that is visible in SEC face-statement evidence.,reported,later_comparative,"USD divided by 1,000,000. Positive normalized values represent income and negative values represent expense; the face-statement expense label uses the opposite sign.",income_statement,duration,2025,FY,,1,https://www.sec.gov/Archives/edgar/data/320187/000032018725000047/R3.htm,2026-09-07T07:03:59.487544+00:00,c9b9328544ec19e67502fd09cc449bcf05f1fa173a3a2ae7a825f54fd143c52c,"Other (income) expense, net",-228,verified,Company Facts value agrees with the SEC-rendered face statement within its displayed precision.,,,,,,54abad8b001c9e08bb81b83c12f30e36867f6462a12e040cc329e94d46e6fc5c
other_nonoperating_income_expense,FY2024,2023-06-01,2024-05-31,228000000,228,USD,USD millions,us-gaap,OtherNonoperatingIncomeExpense,10-K,2026-07-15,0000320187-26-000088,https://www.sec.gov/Archives/edgar/data/320187/000032018726000088/nke-20260531.htm,https://data.sec.gov/api/xbrl/companyfacts/CIK0000320187.json,2026-09-07T06:55:02.100621+00:00,selected,Comparable candidates agree; selected the latest highest-priority presentation that is visible in SEC face-statement evidence.,reported,later_comparative,"USD divided by 1,000,000. Positive normalized values represent income and negative values represent expense; the face-statement expense label uses the opposite sign.",income_statement,duration,2026,FY,CY2023,1,https://www.sec.gov/Archives/edgar/data/320187/000032018726000088/R3.htm,2026-09-07T07:04:01.247348+00:00,367a4751ed4b2824009f7400dc3c03c4d09d1a4af0fd64d9d12c87a4abda7516,"Other (income) expense, net",-228,verified,Company Facts value agrees with the SEC-rendered face statement within its displayed precision.,,,,,,54abad8b001c9e08bb81b83c12f30e36867f6462a12e040cc329e94d46e6fc5c
net_income,FY2024,2023-06-01,2024-05-31,5700000000,5700,USD,USD millions,us-gaap,NetIncomeLoss,10-K,2024-07-25,0000320187-24-000044,https://www.sec.gov/Archives/edgar/data/320187/000032018724000044/nke-20240531.htm,https://data.sec.gov/api/xbrl/companyfacts/CIK0000320187.json,2026-09-07T06:55:02.100621+00:00,candidate_not_selected,Comparable candidates agree; selected the latest highest-priority presentation that is visible in SEC face-statement evidence.,reported,originally_reported,"USD divided by 1,000,000.",income_statement,duration,2024,FY,,1,https://www.sec.gov/Archives/edgar/data/320187/000032018724000044/R3.htm,2026-09-07T07:03:57.836582+00:00,ac6824da10fc859f7f318c38a85e9f8642ebe92d2da0b978146ee3e1cf4aaca2,NET INCOME,5700,verified,Company Facts value agrees with the SEC-rendered face statement within its displayed precision.,,,,,,54abad8b001c9e08bb81b83c12f30e36867f6462a12e040cc329e94d46e6fc5c
net_income,FY2024,2023-06-01,2024-05-31,5700000000,5700,USD,USD millions,us-gaap,NetIncomeLoss,10-K,2025-07-17,0000320187-25-000047,https://www.sec.gov/Archives/edgar/data/320187/000032018725000047/nke-20250531.htm,https://data.sec.gov/api/xbrl/companyfacts/CIK0000320187.json,2026-09-07T06:55:02.100621+00:00,candidate_not_selected,Comparable candidates agree; selected the latest highest-priority presentation that is visible in SEC face-statement evidence.,reported,later_comparative,"USD divided by 1,000,000.",income_statement,duration,2025,FY,,1,https://www.sec.gov/Archives/edgar/data/320187/000032018725000047/R3.htm,2026-09-07T07:03:59.487544+00:00,c9b9328544ec19e67502fd09cc449bcf05f1fa173a3a2ae7a825f54fd143c52c,NET INCOME,5700,verified,Company Facts value agrees with the SEC-rendered face statement within its displayed precision.,,,,,,54abad8b001c9e08bb81b83c12f30e36867f6462a12e040cc329e94d46e6fc5c
net_income,FY2024,2023-06-01,2024-05-31,5700000000,5700,USD,USD millions,us-gaap,NetIncomeLoss,10-K,2026-07-15,0000320187-26-000088,https://www.sec.gov/Archives/edgar/data/320187/000032018726000088/nke-20260531.htm,https://data.sec.gov/api/xbrl/companyfacts/CIK0000320187.json,2026-09-07T06:55:02.100621+00:00,selected,Comparable candidates agree; selected the latest highest-priority presentation that is visible in SEC face-statement evidence.,reported,later_comparative,"USD divided by 1,000,000.",income_statement,duration,2026,FY,,1,https://www.sec.gov/Archives/edgar/data/320187/000032018726000088/R3.htm,2026-09-07T07:04:01.247348+00:00,367a4751ed4b2824009f7400dc3c03c4d09d1a4af0fd64d9d12c87a4abda7516,NET INCOME,5700,verified,Company Facts value agrees with the SEC-rendered face statement within its displayed precision.,,,,,,54abad8b001c9e08bb81b83c12f30e36867f6462a12e040cc329e94d46e6fc5c
diluted_eps,FY2024,2023-06-01,2024-05-31,3.73,3.73,USD/shares,USD per share,us-gaap,EarningsPerShareDiluted,10-K,2024-07-25,0000320187-24-000044,https://www.sec.gov/Archives/edgar/data/320187/000032018724000044/nke-20240531.htm,https://data.sec.gov/api/xbrl/companyfacts/CIK0000320187.json,2026-09-07T06:55:02.100621+00:00,candidate_not_selected,Comparable candidates agree; selected the latest highest-priority presentation that is visible in SEC face-statement evidence.,reported,originally_reported,Per-share value retained without scaling.,income_statement,duration,2024,FY,,1,https://www.sec.gov/Archives/edgar/data/320187/000032018724000044/R3.htm,2026-09-07T07:03:57.836582+00:00,ac6824da10fc859f7f318c38a85e9f8642ebe92d2da0b978146ee3e1cf4aaca2,Diluted (in dollars per share),3.73,verified,Company Facts value agrees with the SEC-rendered face statement within its displayed precision.,,,,,,54abad8b001c9e08bb81b83c12f30e36867f6462a12e040cc329e94d46e6fc5c
diluted_eps,FY2024,2023-06-01,2024-05-31,3.73,3.73,USD/shares,USD per share,us-gaap,EarningsPerShareDiluted,10-K,2025-07-17,0000320187-25-000047,https://www.sec.gov/Archives/edgar/data/320187/000032018725000047/nke-20250531.htm,https://data.sec.gov/api/xbrl/companyfacts/CIK0000320187.json,2026-09-07T06:55:02.100621+00:00,candidate_not_selected,Comparable candidates agree; selected the latest highest-priority presentation that is visible in SEC face-statement evidence.,reported,later_comparative,Per-share value retained without scaling.,income_statement,duration,2025,FY,,1,https://www.sec.gov/Archives/edgar/data/320187/000032018725000047/R3.htm,2026-09-07T07:03:59.487544+00:00,c9b9328544ec19e67502fd09cc449bcf05f1fa173a3a2ae7a825f54fd143c52c,Diluted (in dollars per share),3.73,verified,Company Facts value agrees with the SEC-rendered face statement within its displayed precision.,,,,,,54abad8b001c9e08bb81b83c12f30e36867f6462a12e040cc329e94d46e6fc5c
diluted_eps,FY2024,2023-06-01,2024-05-31,3.73,3.73,USD/shares,USD per share,us-gaap,EarningsPerShareDiluted,10-K,2026-07-15,0000320187-26-000088,https://www.sec.gov/Archives/edgar/data/320187/000032018726000088/nke-20260531.htm,https://data.sec.gov/api/xbrl/companyfacts/CIK0000320187.json,2026-09-07T06:55:02.100621+00:00,selected,Comparable candidates agree; selected the latest highest-priority presentation that is visible in SEC face-statement evidence.,reported,later_comparative,Per-share value retained without scaling.,income_statement,duration,2026,FY,CY2023,1,https://www.sec.gov/Archives/edgar/data/320187/000032018726000088/R3.htm,2026-09-07T07:04:01.247348+00:00,367a4751ed4b2824009f7400dc3c03c4d09d1a4af0fd64d9d12c87a4abda7516,Diluted (in dollars per share),3.73,verified,Company Facts value agrees with the SEC-rendered face statement within its displayed precision.,,,,,,54abad8b001c9e08bb81b83c12f30e36867f6462a12e040cc329e94d46e6fc5c
diluted_weighted_average_shares,FY2024,2023-06-01,2024-05-31,1529700000,1529.7,shares,shares millions,us-gaap,WeightedAverageNumberOfDilutedSharesOutstanding,10-K,2024-07-25,0000320187-24-000044,https://www.sec.gov/Archives/edgar/data/320187/000032018724000044/nke-20240531.htm,https://data.sec.gov/api/xbrl/companyfacts/CIK0000320187.json,2026-09-07T06:55:02.100621+00:00,candidate_not_selected,Comparable candidates agree; selected the latest highest-priority presentation that is visible in SEC face-statement evidence.,reported,originally_reported,"shares divided by 1,000,000.",income_statement,duration,2024,FY,,1,https://www.sec.gov/Archives/edgar/data/320187/000032018724000044/R3.htm,2026-09-07T07:03:57.836582+00:00,ac6824da10fc859f7f318c38a85e9f8642ebe92d2da0b978146ee3e1cf4aaca2,Diluted (in shares),1529.7,verified,Company Facts value agrees with the SEC-rendered face statement within its displayed precision.,,,,,,54abad8b001c9e08bb81b83c12f30e36867f6462a12e040cc329e94d46e6fc5c
diluted_weighted_average_shares,FY2024,2023-06-01,2024-05-31,1529700000,1529.7,shares,shares millions,us-gaap,WeightedAverageNumberOfDilutedSharesOutstanding,10-K,2025-07-17,0000320187-25-000047,https://www.sec.gov/Archives/edgar/data/320187/000032018725000047/nke-20250531.htm,https://data.sec.gov/api/xbrl/companyfacts/CIK0000320187.json,2026-09-07T06:55:02.100621+00:00,candidate_not_selected,Comparable candidates agree; selected the latest highest-priority presentation that is visible in SEC face-statement evidence.,reported,later_comparative,"shares divided by 1,000,000.",income_statement,duration,2025,FY,,1,https://www.sec.gov/Archives/edgar/data/320187/000032018725000047/R3.htm,2026-09-07T07:03:59.487544+00:00,c9b9328544ec19e67502fd09cc449bcf05f1fa173a3a2ae7a825f54fd143c52c,Diluted (in shares),1529.7,verified,Company Facts value agrees with the SEC-rendered face statement within its displayed precision.,,,,,,54abad8b001c9e08bb81b83c12f30e36867f6462a12e040cc329e94d46e6fc5c
diluted_weighted_average_shares,FY2024,2023-06-01,2024-05-31,1529700000,1529.7,shares,shares millions,us-gaap,WeightedAverageNumberOfDilutedSharesOutstanding,10-K,2026-07-15,0000320187-26-000088,https://www.sec.gov/Archives/edgar/data/320187/000032018726000088/nke-20260531.htm,https://data.sec.gov/api/xbrl/companyfacts/CIK0000320187.json,2026-09-07T06:55:02.100621+00:00,selected,Comparable candidates agree; selected the latest highest-priority presentation that is visible in SEC face-statement evidence.,reported,later_comparative,"shares divided by 1,000,000.",income_statement,duration,2026,FY,CY2023,1,https://www.sec.gov/Archives/edgar/data/320187/000032018726000088/R3.htm,2026-09-07T07:04:01.247348+00:00,367a4751ed4b2824009f7400dc3c03c4d09d1a4af0fd64d9d12c87a4abda7516,Diluted (in shares),1529.7,verified,Company Facts value agrees with the SEC-rendered face statement within its displayed precision.,,,,,,54abad8b001c9e08bb81b83c12f30e36867f6462a12e040cc329e94d46e6fc5c
cash_and_cash_equivalents,FY2024,,2024-05-31,9860000000,9860,USD,USD millions,us-gaap,CashAndCashEquivalentsAtCarryingValue,10-K,2024-07-25,0000320187-24-000044,https://www.sec.gov/Archives/edgar/data/320187/000032018724000044/nke-20240531.htm,https://data.sec.gov/api/xbrl/companyfacts/CIK0000320187.json,2026-09-07T06:55:02.100621+00:00,candidate_not_selected,Comparable candidates agree; selected the latest highest-priority presentation that is visible in SEC face-statement evidence.,reported,originally_reported,"USD divided by 1,000,000.",balance_sheet,instant,2024,FY,,1,https://www.sec.gov/Archives/edgar/data/320187/000032018724000044/R5.htm,2026-09-07T07:03:58.388254+00:00,2eb5156fe5f784426894d1df36a985b8f22c14aaf5aedfa0d43d20e2993784d6,Cash and equivalents,9860,verified,Company Facts value agrees with the SEC-rendered face statement within its displayed precision.,,,,,,54abad8b001c9e08bb81b83c12f30e36867f6462a12e040cc329e94d46e6fc5c
cash_and_cash_equivalents,FY2024,,2024-05-31,9860000000,9860,USD,USD millions,us-gaap,CashAndCashEquivalentsAtCarryingValue,10-K,2025-07-17,0000320187-25-000047,https://www.sec.gov/Archives/edgar/data/320187/000032018725000047/nke-20250531.htm,https://data.sec.gov/api/xbrl/companyfacts/CIK0000320187.json,2026-09-07T06:55:02.100621+00:00,selected,Comparable candidates agree; selected the latest highest-priority presentation that is visible in SEC face-statement evidence.,reported,later_comparative,"USD divided by 1,000,000.",balance_sheet,instant,2025,FY,CY2024Q2I,1,https://www.sec.gov/Archives/edgar/data/320187/000032018725000047/R5.htm,2026-09-07T07:04:00.039217+00:00,c6da536585ba0585fa58bfd979a8a39a3d3e586817cc2605347183e9572de03a,Cash and equivalents,9860,verified,Company Facts value agrees with the SEC-rendered face statement within its displayed precision.,,,,,,54abad8b001c9e08bb81b83c12f30e36867f6462a12e040cc329e94d46e6fc5c
short_term_investments,FY2024,,2024-05-31,1722000000,1722,USD,USD millions,us-gaap,DebtSecuritiesAvailableForSaleExcludingAccruedInterestCurrent,10-K,2024-07-25,0000320187-24-000044,https://www.sec.gov/Archives/edgar/data/320187/000032018724000044/nke-20240531.htm,https://data.sec.gov/api/xbrl/companyfacts/CIK0000320187.json,2026-09-07T06:55:02.100621+00:00,candidate_not_selected,Comparable candidates agree; selected the latest highest-priority presentation that is visible in SEC face-statement evidence.,reported,originally_reported,"USD divided by 1,000,000.",balance_sheet,instant,2024,FY,,1,https://www.sec.gov/Archives/edgar/data/320187/000032018724000044/R5.htm,2026-09-07T07:03:58.388254+00:00,2eb5156fe5f784426894d1df36a985b8f22c14aaf5aedfa0d43d20e2993784d6,Short-term investments,1722,verified,Company Facts value agrees with the SEC-rendered face statement within its displayed precision.,,,,,,54abad8b001c9e08bb81b83c12f30e36867f6462a12e040cc329e94d46e6fc5c
short_term_investments,FY2024,,2024-05-31,1722000000,1722,USD,USD millions,us-gaap,DebtSecuritiesAvailableForSaleExcludingAccruedInterestCurrent,10-K,2025-07-17,0000320187-25-000047,https://www.sec.gov/Archives/edgar/data/320187/000032018725000047/nke-20250531.htm,https://data.sec.gov/api/xbrl/companyfacts/CIK0000320187.json,2026-09-07T06:55:02.100621+00:00,selected,Comparable candidates agree; selected the latest highest-priority presentation that is visible in SEC face-statement evidence.,reported,later_comparative,"USD divided by 1,000,000.",balance_sheet,instant,2025,FY,CY2024Q2I,1,https://www.sec.gov/Archives/edgar/data/320187/000032018725000047/R5.htm,2026-09-07T07:04:00.039217+00:00,c6da536585ba0585fa58bfd979a8a39a3d3e586817cc2605347183e9572de03a,Short-term investments,1722,verified,Company Facts value agrees with the SEC-rendered face statement within its displayed precision.,,,,,,54abad8b001c9e08bb81b83c12f30e36867f6462a12e040cc329e94d46e6fc5c
accounts_receivable,FY2024,,2024-05-31,4427000000,4427,USD,USD millions,us-gaap,AccountsReceivableNetCurrent,10-K,2024-07-25,0000320187-24-000044,https://www.sec.gov/Archives/edgar/data/320187/000032018724000044/nke-20240531.htm,https://data.sec.gov/api/xbrl/companyfacts/CIK0000320187.json,2026-09-07T06:55:02.100621+00:00,candidate_not_selected,Comparable candidates agree; selected the latest highest-priority presentation that is visible in SEC face-statement evidence.,reported,originally_reported,"USD divided by 1,000,000.",balance_sheet,instant,2024,FY,,1,https://www.sec.gov/Archives/edgar/data/320187/000032018724000044/R5.htm,2026-09-07T07:03:58.388254+00:00,2eb5156fe5f784426894d1df36a985b8f22c14aaf5aedfa0d43d20e2993784d6,"Accounts receivable, net",4427,verified,Company Facts value agrees with the SEC-rendered face statement within its displayed precision.,,,,,,54abad8b001c9e08bb81b83c12f30e36867f6462a12e040cc329e94d46e6fc5c
accounts_receivable,FY2024,,2024-05-31,4427000000,4427,USD,USD millions,us-gaap,AccountsReceivableNetCurrent,10-K,2025-07-17,0000320187-25-000047,https://www.sec.gov/Archives/edgar/data/320187/000032018725000047/nke-20250531.htm,https://data.sec.gov/api/xbrl/companyfacts/CIK0000320187.json,2026-09-07T06:55:02.100621+00:00,selected,Comparable candidates agree; selected the latest highest-priority presentation that is visible in SEC face-statement evidence.,reported,later_comparative,"USD divided by 1,000,000.",balance_sheet,instant,2025,FY,CY2024Q2I,1,https://www.sec.gov/Archives/edgar/data/320187/000032018725000047/R5.htm,2026-09-07T07:04:00.039217+00:00,c6da536585ba0585fa58bfd979a8a39a3d3e586817cc2605347183e9572de03a,"Accounts receivable, net",4427,verified,Company Facts value agrees with the SEC-rendered face statement within its displayed precision.,,,,,,54abad8b001c9e08bb81b83c12f30e36867f6462a12e040cc329e94d46e6fc5c
inventory,FY2024,,2024-05-31,7519000000,7519,USD,USD millions,us-gaap,InventoryFinishedGoodsNetOfReserves,10-K,2024-07-25,0000320187-24-000044,https://www.sec.gov/Archives/edgar/data/320187/000032018724000044/nke-20240531.htm,https://data.sec.gov/api/xbrl/companyfacts/CIK0000320187.json,2026-09-07T06:55:02.100621+00:00,candidate_not_selected,Comparable candidates agree; selected the latest highest-priority presentation that is visible in SEC face-statement evidence.,reported,originally_reported,"USD divided by 1,000,000.",balance_sheet,instant,2024,FY,,1,https://www.sec.gov/Archives/edgar/data/320187/000032018724000044/R5.htm,2026-09-07T07:03:58.388254+00:00,2eb5156fe5f784426894d1df36a985b8f22c14aaf5aedfa0d43d20e2993784d6,Inventories,7519,verified,Company Facts value agrees with the SEC-rendered face statement within its displayed precision.,,,,,,54abad8b001c9e08bb81b83c12f30e36867f6462a12e040cc329e94d46e6fc5c
inventory,FY2024,,2024-05-31,7519000000,7519,USD,USD millions,us-gaap,InventoryFinishedGoodsNetOfReserves,10-K,2025-07-17,0000320187-25-000047,https://www.sec.gov/Archives/edgar/data/320187/000032018725000047/nke-20250531.htm,https://data.sec.gov/api/xbrl/companyfacts/CIK0000320187.json,2026-09-07T06:55:02.100621+00:00,selected,Comparable candidates agree; selected the latest highest-priority presentation that is visible in SEC face-statement evidence.,reported,later_comparative,"USD divided by 1,000,000.",balance_sheet,instant,2025,FY,,1,https://www.sec.gov/Archives/edgar/data/320187/000032018725000047/R5.htm,2026-09-07T07:04:00.039217+00:00,c6da536585ba0585fa58bfd979a8a39a3d3e586817cc2605347183e9572de03a,Inventories,7519,verified,Company Facts value agrees with the SEC-rendered face statement within its displayed precision.,,,,,,54abad8b001c9e08bb81b83c12f30e36867f6462a12e040cc329e94d46e6fc5c
inventory,FY2024,,2024-05-31,7519000000,7519,USD,USD millions,us-gaap,InventoryFinishedGoodsNetOfReserves,10-K,2026-07-15,0000320187-26-000088,https://www.sec.gov/Archives/edgar/data/320187/000032018726000088/nke-20260531.htm,https://data.sec.gov/api/xbrl/companyfacts/CIK0000320187.json,2026-09-07T06:55:02.100621+00:00,candidate_not_selected,Comparable candidates agree; selected the latest highest-priority presentation that is visible in SEC face-statement evidence.,reported,later_comparative,"USD divided by 1,000,000.",balance_sheet,instant,2026,FY,CY2024Q2I,1,https://www.sec.gov/Archives/edgar/data/320187/000032018726000088/R5.htm,2026-09-07T07:04:01.875516+00:00,17da187b9139e66f453a366babf2fabf9880fa6678a17713a6daf718b375c14d,,,not_visible,The target period or label is not visible in this filing's face statement.,,,,,,54abad8b001c9e08bb81b83c12f30e36867f6462a12e040cc329e94d46e6fc5c
current_assets,FY2024,,2024-05-31,25382000000,25382,USD,USD millions,us-gaap,AssetsCurrent,10-K,2024-07-25,0000320187-24-000044,https://www.sec.gov/Archives/edgar/data/320187/000032018724000044/nke-20240531.htm,https://data.sec.gov/api/xbrl/companyfacts/CIK0000320187.json,2026-09-07T06:55:02.100621+00:00,candidate_not_selected,Comparable candidates agree; selected the latest highest-priority presentation that is visible in SEC face-statement evidence.,reported,originally_reported,"USD divided by 1,000,000.",balance_sheet,instant,2024,FY,,1,https://www.sec.gov/Archives/edgar/data/320187/000032018724000044/R5.htm,2026-09-07T07:03:58.388254+00:00,2eb5156fe5f784426894d1df36a985b8f22c14aaf5aedfa0d43d20e2993784d6,Total current assets,25382,verified,Company Facts value agrees with the SEC-rendered face statement within its displayed precision.,,,,,,54abad8b001c9e08bb81b83c12f30e36867f6462a12e040cc329e94d46e6fc5c
current_assets,FY2024,,2024-05-31,25382000000,25382,USD,USD millions,us-gaap,AssetsCurrent,10-K,2025-07-17,0000320187-25-000047,https://www.sec.gov/Archives/edgar/data/320187/000032018725000047/nke-20250531.htm,https://data.sec.gov/api/xbrl/companyfacts/CIK0000320187.json,2026-09-07T06:55:02.100621+00:00,selected,Comparable candidates agree; selected the latest highest-priority presentation that is visible in SEC face-statement evidence.,reported,later_comparative,"USD divided by 1,000,000.",balance_sheet,instant,2025,FY,CY2024Q2I,1,https://www.sec.gov/Archives/edgar/data/320187/000032018725000047/R5.htm,2026-09-07T07:04:00.039217+00:00,c6da536585ba0585fa58bfd979a8a39a3d3e586817cc2605347183e9572de03a,Total current assets,25382,verified,Company Facts value agrees with the SEC-rendered face statement within its displayed precision.,,,,,,54abad8b001c9e08bb81b83c12f30e36867f6462a12e040cc329e94d46e6fc5c
current_liabilities,FY2024,,2024-05-31,10593000000,10593,USD,USD millions,us-gaap,LiabilitiesCurrent,10-K,2024-07-25,0000320187-24-000044,https://www.sec.gov/Archives/edgar/data/320187/000032018724000044/nke-20240531.htm,https://data.sec.gov/api/xbrl/companyfacts/CIK0000320187.json,2026-09-07T06:55:02.100621+00:00,candidate_not_selected,Comparable candidates agree; selected the latest highest-priority presentation that is visible in SEC face-statement evidence.,reported,originally_reported,"USD divided by 1,000,000.",balance_sheet,instant,2024,FY,,1,https://www.sec.gov/Archives/edgar/data/320187/000032018724000044/R5.htm,2026-09-07T07:03:58.388254+00:00,2eb5156fe5f784426894d1df36a985b8f22c14aaf5aedfa0d43d20e2993784d6,Total current liabilities,10593,verified,Company Facts value agrees with the SEC-rendered face statement within its displayed precision.,,,,,,54abad8b001c9e08bb81b83c12f30e36867f6462a12e040cc329e94d46e6fc5c
current_liabilities,FY2024,,2024-05-31,10593000000,10593,USD,USD millions,us-gaap,LiabilitiesCurrent,10-K,2025-07-17,0000320187-25-000047,https://www.sec.gov/Archives/edgar/data/320187/000032018725000047/nke-20250531.htm,https://data.sec.gov/api/xbrl/companyfacts/CIK0000320187.json,2026-09-07T06:55:02.100621+00:00,selected,Comparable candidates agree; selected the latest highest-priority presentation that is visible in SEC face-statement evidence.,reported,later_comparative,"USD divided by 1,000,000.",balance_sheet,instant,2025,FY,CY2024Q2I,1,https://www.sec.gov/Archives/edgar/data/320187/000032018725000047/R5.htm,2026-09-07T07:04:00.039217+00:00,c6da536585ba0585fa58bfd979a8a39a3d3e586817cc2605347183e9572de03a,Total current liabilities,10593,verified,Company Facts value agrees with the SEC-rendered face statement within its displayed precision.,,,,,,54abad8b001c9e08bb81b83c12f30e36867f6462a12e040cc329e94d46e6fc5c
total_assets,FY2024,,2024-05-31,38110000000,38110,USD,USD millions,us-gaap,Assets,10-K,2024-07-25,0000320187-24-000044,https://www.sec.gov/Archives/edgar/data/320187/000032018724000044/nke-20240531.htm,https://data.sec.gov/api/xbrl/companyfacts/CIK0000320187.json,2026-09-07T06:55:02.100621+00:00,candidate_not_selected,Comparable candidates agree; selected the latest highest-priority presentation that is visible in SEC face-statement evidence.,reported,originally_reported,"USD divided by 1,000,000.",balance_sheet,instant,2024,FY,,1,https://www.sec.gov/Archives/edgar/data/320187/000032018724000044/R5.htm,2026-09-07T07:03:58.388254+00:00,2eb5156fe5f784426894d1df36a985b8f22c14aaf5aedfa0d43d20e2993784d6,TOTAL ASSETS,38110,verified,Company Facts value agrees with the SEC-rendered face statement within its displayed precision.,,,,,,54abad8b001c9e08bb81b83c12f30e36867f6462a12e040cc329e94d46e6fc5c
total_assets,FY2024,,2024-05-31,38110000000,38110,USD,USD millions,us-gaap,Assets,10-K,2025-07-17,0000320187-25-000047,https://www.sec.gov/Archives/edgar/data/320187/000032018725000047/nke-20250531.htm,https://data.sec.gov/api/xbrl/companyfacts/CIK0000320187.json,2026-09-07T06:55:02.100621+00:00,selected,Comparable candidates agree; selected the latest highest-priority presentation that is visible in SEC face-statement evidence.,reported,later_comparative,"USD divided by 1,000,000.",balance_sheet,instant,2025,FY,CY2024Q2I,1,https://www.sec.gov/Archives/edgar/data/320187/000032018725000047/R5.htm,2026-09-07T07:04:00.039217+00:00,c6da536585ba0585fa58bfd979a8a39a3d3e586817cc2605347183e9572de03a,TOTAL ASSETS,38110,verified,Company Facts value agrees with the SEC-rendered face statement within its displayed precision.,,,,,,54abad8b001c9e08bb81b83c12f30e36867f6462a12e040cc329e94d46e6fc5c
notes_payable_and_short_term_borrowings,FY2024,,2024-05-31,6000000,6,USD,USD millions,us-gaap,ShortTermBorrowings,10-K,2024-07-25,0000320187-24-000044,https://www.sec.gov/Archives/edgar/data/320187/000032018724000044/nke-20240531.htm,https://data.sec.gov/api/xbrl/companyfacts/CIK0000320187.json,2026-09-07T06:55:02.100621+00:00,candidate_not_selected,Comparable candidates agree; selected the latest highest-priority presentation that is visible in SEC face-statement evidence. The filing-note evidence independently agrees.,reported,originally_reported,"USD divided by 1,000,000.",balance_sheet,instant,2024,FY,,1,https://www.sec.gov/Archives/edgar/data/320187/000032018724000044/R5.htm,2026-09-07T07:03:58.388254+00:00,2eb5156fe5f784426894d1df36a985b8f22c14aaf5aedfa0d43d20e2993784d6,Notes payable,6,verified,Company Facts value agrees with the SEC-rendered face statement within its displayed precision.,https://www.sec.gov/Archives/edgar/data/320187/000032018724000044/R53.htm,2026-09-07T07:37:49.001584+00:00,069dfd77a5272e47db5524a15a18a4d654533a251c0c667f4f243adae502ddcf,Note 5 - Notes payable,Detail confirms $6 million of notes payable and zero line-of-credit borrowings.,54abad8b001c9e08bb81b83c12f30e36867f6462a12e040cc329e94d46e6fc5c
notes_payable_and_short_term_borrowings,FY2024,,2024-05-31,6000000,6,USD,USD millions,us-gaap,ShortTermBorrowings,10-K,2025-07-17,0000320187-25-000047,https://www.sec.gov/Archives/edgar/data/320187/000032018725000047/nke-20250531.htm,https://data.sec.gov/api/xbrl/companyfacts/CIK0000320187.json,2026-09-07T06:55:02.100621+00:00,selected,Comparable candidates agree; selected the latest highest-priority presentation that is visible in SEC face-statement evidence. The filing-note evidence independently agrees.,reported,later_comparative,"USD divided by 1,000,000.",balance_sheet,instant,2025,FY,CY2024Q2I,1,https://www.sec.gov/Archives/edgar/data/320187/000032018725000047/R5.htm,2026-09-07T07:04:00.039217+00:00,c6da536585ba0585fa58bfd979a8a39a3d3e586817cc2605347183e9572de03a,Notes payable,6,verified,Company Facts value agrees with the SEC-rendered face statement within its displayed precision.,https://www.sec.gov/Archives/edgar/data/320187/000032018724000044/R53.htm,2026-09-07T07:37:49.001584+00:00,069dfd77a5272e47db5524a15a18a4d654533a251c0c667f4f243adae502ddcf,Note 5 - Notes payable,Detail confirms $6 million of notes payable and zero line-of-credit borrowings.,54abad8b001c9e08bb81b83c12f30e36867f6462a12e040cc329e94d46e6fc5c
current_portion_long_term_debt,FY2024,,2024-05-31,1000000000,1000,USD,USD millions,us-gaap,LongTermDebtCurrent,10-K,2024-07-25,0000320187-24-000044,https://www.sec.gov/Archives/edgar/data/320187/000032018724000044/nke-20240531.htm,https://data.sec.gov/api/xbrl/companyfacts/CIK0000320187.json,2026-09-07T06:55:02.100621+00:00,candidate_not_selected,Comparable candidates agree; selected the latest highest-priority presentation that is visible in SEC face-statement evidence.,reported,originally_reported,"USD divided by 1,000,000.",balance_sheet,instant,2024,FY,,1,https://www.sec.gov/Archives/edgar/data/320187/000032018724000044/R5.htm,2026-09-07T07:03:58.388254+00:00,2eb5156fe5f784426894d1df36a985b8f22c14aaf5aedfa0d43d20e2993784d6,Current portion of long-term debt,1000,verified,Company Facts value agrees with the SEC-rendered face statement within its displayed precision.,,,,,,54abad8b001c9e08bb81b83c12f30e36867f6462a12e040cc329e94d46e6fc5c
current_portion_long_term_debt,FY2024,,2024-05-31,1000000000,1000,USD,USD millions,us-gaap,LongTermDebtCurrent,10-K,2025-07-17,0000320187-25-000047,https://www.sec.gov/Archives/edgar/data/320187/000032018725000047/nke-20250531.htm,https://data.sec.gov/api/xbrl/companyfacts/CIK0000320187.json,2026-09-07T06:55:02.100621+00:00,selected,Comparable candidates agree; selected the latest highest-priority presentation that is visible in SEC face-statement evidence.,reported,later_comparative,"USD divided by 1,000,000.",balance_sheet,instant,2025,FY,CY2024Q2I,1,https://www.sec.gov/Archives/edgar/data/320187/000032018725000047/R5.htm,2026-09-07T07:04:00.039217+00:00,c6da536585ba0585fa58bfd979a8a39a3d3e586817cc2605347183e9572de03a,Current portion of long-term debt,1000,verified,Company Facts value agrees with the SEC-rendered face statement within its displayed precision.,,,,,,54abad8b001c9e08bb81b83c12f30e36867f6462a12e040cc329e94d46e6fc5c
noncurrent_long_term_debt,FY2024,,2024-05-31,7903000000,7903,USD,USD millions,us-gaap,LongTermDebtNoncurrent,10-K,2024-07-25,0000320187-24-000044,https://www.sec.gov/Archives/edgar/data/320187/000032018724000044/nke-20240531.htm,https://data.sec.gov/api/xbrl/companyfacts/CIK0000320187.json,2026-09-07T06:55:02.100621+00:00,candidate_not_selected,Comparable candidates agree; selected the latest highest-priority presentation that is visible in SEC face-statement evidence.,reported,originally_reported,"USD divided by 1,000,000.",balance_sheet,instant,2024,FY,,1,https://www.sec.gov/Archives/edgar/data/320187/000032018724000044/R5.htm,2026-09-07T07:03:58.388254+00:00,2eb5156fe5f784426894d1df36a985b8f22c14aaf5aedfa0d43d20e2993784d6,Long-term debt,7903,verified,Company Facts value agrees with the SEC-rendered face statement within its displayed precision.,,,,,,54abad8b001c9e08bb81b83c12f30e36867f6462a12e040cc329e94d46e6fc5c
noncurrent_long_term_debt,FY2024,,2024-05-31,7903000000,7903,USD,USD millions,us-gaap,LongTermDebtNoncurrent,10-K,2025-07-17,0000320187-25-000047,https://www.sec.gov/Archives/edgar/data/320187/000032018725000047/nke-20250531.htm,https://data.sec.gov/api/xbrl/companyfacts/CIK0000320187.json,2026-09-07T06:55:02.100621+00:00,selected,Comparable candidates agree; selected the latest highest-priority presentation that is visible in SEC face-statement evidence.,reported,later_comparative,"USD divided by 1,000,000.",balance_sheet,instant,2025,FY,CY2024Q2I,1,https://www.sec.gov/Archives/edgar/data/320187/000032018725000047/R5.htm,2026-09-07T07:04:00.039217+00:00,c6da536585ba0585fa58bfd979a8a39a3d3e586817cc2605347183e9572de03a,Long-term debt,7903,verified,Company Facts value agrees with the SEC-rendered face statement within its displayed precision.,,,,,,54abad8b001c9e08bb81b83c12f30e36867f6462a12e040cc329e94d46e6fc5c
current_operating_lease_liabilities,FY2024,,2024-05-31,477000000,477,USD,USD millions,us-gaap,OperatingLeaseLiabilityCurrent,10-K,2024-07-25,0000320187-24-000044,https://www.sec.gov/Archives/edgar/data/320187/000032018724000044/nke-20240531.htm,https://data.sec.gov/api/xbrl/companyfacts/CIK0000320187.json,2026-09-07T06:55:02.100621+00:00,candidate_not_selected,Comparable candidates agree; selected the latest highest-priority presentation that is visible in SEC face-statement evidence.,reported,originally_reported,"USD divided by 1,000,000.",balance_sheet,instant,2024,FY,,1,https://www.sec.gov/Archives/edgar/data/320187/000032018724000044/R5.htm,2026-09-07T07:03:58.388254+00:00,2eb5156fe5f784426894d1df36a985b8f22c14aaf5aedfa0d43d20e2993784d6,Current portion of operating lease liabilities,477,verified,Company Facts value agrees with the SEC-rendered face statement within its displayed precision.,,,,,,54abad8b001c9e08bb81b83c12f30e36867f6462a12e040cc329e94d46e6fc5c
current_operating_lease_liabilities,FY2024,,2024-05-31,477000000,477,USD,USD millions,us-gaap,OperatingLeaseLiabilityCurrent,10-K,2025-07-17,0000320187-25-000047,https://www.sec.gov/Archives/edgar/data/320187/000032018725000047/nke-20250531.htm,https://data.sec.gov/api/xbrl/companyfacts/CIK0000320187.json,2026-09-07T06:55:02.100621+00:00,selected,Comparable candidates agree; selected the latest highest-priority presentation that is visible in SEC face-statement evidence.,reported,later_comparative,"USD divided by 1,000,000.",balance_sheet,instant,2025,FY,CY2024Q2I,1,https://www.sec.gov/Archives/edgar/data/320187/000032018725000047/R5.htm,2026-09-07T07:04:00.039217+00:00,c6da536585ba0585fa58bfd979a8a39a3d3e586817cc2605347183e9572de03a,Current portion of operating lease liabilities,477,verified,Company Facts value agrees with the SEC-rendered face statement within its displayed precision.,,,,,,54abad8b001c9e08bb81b83c12f30e36867f6462a12e040cc329e94d46e6fc5c
noncurrent_operating_lease_liabilities,FY2024,,2024-05-31,2566000000,2566,USD,USD millions,us-gaap,OperatingLeaseLiabilityNoncurrent,10-K,2024-07-25,0000320187-24-000044,https://www.sec.gov/Archives/edgar/data/320187/000032018724000044/nke-20240531.htm,https://data.sec.gov/api/xbrl/companyfacts/CIK0000320187.json,2026-09-07T06:55:02.100621+00:00,candidate_not_selected,Comparable candidates agree; selected the latest highest-priority presentation that is visible in SEC face-statement evidence.,reported,originally_reported,"USD divided by 1,000,000.",balance_sheet,instant,2024,FY,,1,https://www.sec.gov/Archives/edgar/data/320187/000032018724000044/R5.htm,2026-09-07T07:03:58.388254+00:00,2eb5156fe5f784426894d1df36a985b8f22c14aaf5aedfa0d43d20e2993784d6,Operating lease liabilities,2566,verified,Company Facts value agrees with the SEC-rendered face statement within its displayed precision.,,,,,,54abad8b001c9e08bb81b83c12f30e36867f6462a12e040cc329e94d46e6fc5c
noncurrent_operating_lease_liabilities,FY2024,,2024-05-31,2566000000,2566,USD,USD millions,us-gaap,OperatingLeaseLiabilityNoncurrent,10-K,2025-07-17,0000320187-25-000047,https://www.sec.gov/Archives/edgar/data/320187/000032018725000047/nke-20250531.htm,https://data.sec.gov/api/xbrl/companyfacts/CIK0000320187.json,2026-09-07T06:55:02.100621+00:00,selected,Comparable candidates agree; selected the latest highest-priority presentation that is visible in SEC face-statement evidence.,reported,later_comparative,"USD divided by 1,000,000.",balance_sheet,instant,2025,FY,CY2024Q2I,1,https://www.sec.gov/Archives/edgar/data/320187/000032018725000047/R5.htm,2026-09-07T07:04:00.039217+00:00,c6da536585ba0585fa58bfd979a8a39a3d3e586817cc2605347183e9572de03a,Operating lease liabilities,2566,verified,Company Facts value agrees with the SEC-rendered face statement within its displayed precision.,,,,,,54abad8b001c9e08bb81b83c12f30e36867f6462a12e040cc329e94d46e6fc5c
shareholders_equity,FY2024,,2024-05-31,14430000000,14430,USD,USD millions,us-gaap,StockholdersEquity,10-K,2024-07-25,0000320187-24-000044,https://www.sec.gov/Archives/edgar/data/320187/000032018724000044/nke-20240531.htm,https://data.sec.gov/api/xbrl/companyfacts/CIK0000320187.json,2026-09-07T06:55:02.100621+00:00,candidate_not_selected,Comparable candidates agree; selected the latest highest-priority presentation that is visible in SEC face-statement evidence.,reported,originally_reported,"USD divided by 1,000,000.",balance_sheet,instant,2024,FY,,1,https://www.sec.gov/Archives/edgar/data/320187/000032018724000044/R5.htm,2026-09-07T07:03:58.388254+00:00,2eb5156fe5f784426894d1df36a985b8f22c14aaf5aedfa0d43d20e2993784d6,Total shareholders' equity,14430,verified,Company Facts value agrees with the SEC-rendered face statement within its displayed precision.,,,,,,54abad8b001c9e08bb81b83c12f30e36867f6462a12e040cc329e94d46e6fc5c
shareholders_equity,FY2024,,2024-05-31,14430000000,14430,USD,USD millions,us-gaap,StockholdersEquity,10-K,2025-07-17,0000320187-25-000047,https://www.sec.gov/Archives/edgar/data/320187/000032018725000047/nke-20250531.htm,https://data.sec.gov/api/xbrl/companyfacts/CIK0000320187.json,2026-09-07T06:55:02.100621+00:00,selected,Comparable candidates agree; selected the latest highest-priority presentation that is visible in SEC face-statement evidence.,reported,later_comparative,"USD divided by 1,000,000.",balance_sheet,instant,2025,FY,,1,https://www.sec.gov/Archives/edgar/data/320187/000032018725000047/R5.htm,2026-09-07T07:04:00.039217+00:00,c6da536585ba0585fa58bfd979a8a39a3d3e586817cc2605347183e9572de03a,Total shareholders' equity,14430,verified,Company Facts value agrees with the SEC-rendered face statement within its displayed precision.,,,,,,54abad8b001c9e08bb81b83c12f30e36867f6462a12e040cc329e94d46e6fc5c
shareholders_equity,FY2024,,2024-05-31,14430000000,14430,USD,USD millions,us-gaap,StockholdersEquity,10-K,2026-07-15,0000320187-26-000088,https://www.sec.gov/Archives/edgar/data/320187/000032018726000088/nke-20260531.htm,https://data.sec.gov/api/xbrl/companyfacts/CIK0000320187.json,2026-09-07T06:55:02.100621+00:00,candidate_not_selected,Comparable candidates agree; selected the latest highest-priority presentation that is visible in SEC face-statement evidence.,reported,later_comparative,"USD divided by 1,000,000.",balance_sheet,instant,2026,FY,CY2024Q2I,1,https://www.sec.gov/Archives/edgar/data/320187/000032018726000088/R5.htm,2026-09-07T07:04:01.875516+00:00,17da187b9139e66f453a366babf2fabf9880fa6678a17713a6daf718b375c14d,,,not_visible,The target period or label is not visible in this filing's face statement.,,,,,,54abad8b001c9e08bb81b83c12f30e36867f6462a12e040cc329e94d46e6fc5c
operating_cash_flow,FY2024,2023-06-01,2024-05-31,7429000000,7429,USD,USD millions,us-gaap,NetCashProvidedByUsedInOperatingActivities,10-K,2024-07-25,0000320187-24-000044,https://www.sec.gov/Archives/edgar/data/320187/000032018724000044/nke-20240531.htm,https://data.sec.gov/api/xbrl/companyfacts/CIK0000320187.json,2026-09-07T06:55:02.100621+00:00,candidate_not_selected,Comparable candidates agree; selected the latest highest-priority presentation that is visible in SEC face-statement evidence.,reported,originally_reported,"USD divided by 1,000,000.",cash_flow_statement,duration,2024,FY,,1,https://www.sec.gov/Archives/edgar/data/320187/000032018724000044/R7.htm,2026-09-07T07:03:58.941067+00:00,65655c8bf26bf5c07396e74936f07d3544bb9798235d969c6c22d2e42c0150df,Cash provided (used) by operations,7429,verified,Company Facts value agrees with the SEC-rendered face statement within its displayed precision.,,,,,,54abad8b001c9e08bb81b83c12f30e36867f6462a12e040cc329e94d46e6fc5c
operating_cash_flow,FY2024,2023-06-01,2024-05-31,7429000000,7429,USD,USD millions,us-gaap,NetCashProvidedByUsedInOperatingActivities,10-K,2025-07-17,0000320187-25-000047,https://www.sec.gov/Archives/edgar/data/320187/000032018725000047/nke-20250531.htm,https://data.sec.gov/api/xbrl/companyfacts/CIK0000320187.json,2026-09-07T06:55:02.100621+00:00,candidate_not_selected,Comparable candidates agree; selected the latest highest-priority presentation that is visible in SEC face-statement evidence.,reported,later_comparative,"USD divided by 1,000,000.",cash_flow_statement,duration,2025,FY,,1,https://www.sec.gov/Archives/edgar/data/320187/000032018725000047/R7.htm,2026-09-07T07:04:00.692658+00:00,2aacfb922bd770045d879e195efc21ae5245e6387870c485e52798aa51cc7f8f,Cash provided (used) by operations,7429,verified,Company Facts value agrees with the SEC-rendered face statement within its displayed precision.,,,,,,54abad8b001c9e08bb81b83c12f30e36867f6462a12e040cc329e94d46e6fc5c
operating_cash_flow,FY2024,2023-06-01,2024-05-31,7429000000,7429,USD,USD millions,us-gaap,NetCashProvidedByUsedInOperatingActivities,10-K,2026-07-15,0000320187-26-000088,https://www.sec.gov/Archives/edgar/data/320187/000032018726000088/nke-20260531.htm,https://data.sec.gov/api/xbrl/companyfacts/CIK0000320187.json,2026-09-07T06:55:02.100621+00:00,selected,Comparable candidates agree; selected the latest highest-priority presentation that is visible in SEC face-statement evidence.,reported,later_comparative,"USD divided by 1,000,000.",cash_flow_statement,duration,2026,FY,CY2023,1,https://www.sec.gov/Archives/edgar/data/320187/000032018726000088/R7.htm,2026-09-07T07:04:02.457933+00:00,1ac2f1df0e5b85a9c405cb213e9194672d18431a45e3399a11479768c74192ae,Cash provided (used) by operations,7429,verified,Company Facts value agrees with the SEC-rendered face statement within its displayed precision.,,,,,,54abad8b001c9e08bb81b83c12f30e36867f6462a12e040cc329e94d46e6fc5c
capital_expenditures,FY2024,2023-06-01,2024-05-31,812000000,812,USD,USD millions,us-gaap,PaymentsToAcquirePropertyPlantAndEquipment,10-K,2024-07-25,0000320187-24-000044,https://www.sec.gov/Archives/edgar/data/320187/000032018724000044/nke-20240531.htm,https://data.sec.gov/api/xbrl/companyfacts/CIK0000320187.json,2026-09-07T06:55:02.100621+00:00,candidate_not_selected,Comparable candidates agree; selected the latest highest-priority presentation that is visible in SEC face-statement evidence.,reported,originally_reported,"USD divided by 1,000,000. Absolute value retained as a positive investment amount.",cash_flow_statement,duration,2024,FY,,1,https://www.sec.gov/Archives/edgar/data/320187/000032018724000044/R7.htm,2026-09-07T07:03:58.941067+00:00,65655c8bf26bf5c07396e74936f07d3544bb9798235d969c6c22d2e42c0150df,"Additions to property, plant and equipment",-812,verified,Company Facts value agrees with the SEC-rendered face statement within its displayed precision.,,,,,,54abad8b001c9e08bb81b83c12f30e36867f6462a12e040cc329e94d46e6fc5c
capital_expenditures,FY2024,2023-06-01,2024-05-31,812000000,812,USD,USD millions,us-gaap,PaymentsToAcquirePropertyPlantAndEquipment,10-K,2025-07-17,0000320187-25-000047,https://www.sec.gov/Archives/edgar/data/320187/000032018725000047/nke-20250531.htm,https://data.sec.gov/api/xbrl/companyfacts/CIK0000320187.json,2026-09-07T06:55:02.100621+00:00,candidate_not_selected,Comparable candidates agree; selected the latest highest-priority presentation that is visible in SEC face-statement evidence.,reported,later_comparative,"USD divided by 1,000,000. Absolute value retained as a positive investment amount.",cash_flow_statement,duration,2025,FY,,1,https://www.sec.gov/Archives/edgar/data/320187/000032018725000047/R7.htm,2026-09-07T07:04:00.692658+00:00,2aacfb922bd770045d879e195efc21ae5245e6387870c485e52798aa51cc7f8f,"Additions to property, plant and equipment",-812,verified,Company Facts value agrees with the SEC-rendered face statement within its displayed precision.,,,,,,54abad8b001c9e08bb81b83c12f30e36867f6462a12e040cc329e94d46e6fc5c
capital_expenditures,FY2024,2023-06-01,2024-05-31,812000000,812,USD,USD millions,us-gaap,PaymentsToAcquirePropertyPlantAndEquipment,10-K,2026-07-15,0000320187-26-000088,https://www.sec.gov/Archives/edgar/data/320187/000032018726000088/nke-20260531.htm,https://data.sec.gov/api/xbrl/companyfacts/CIK0000320187.json,2026-09-07T06:55:02.100621+00:00,selected,Comparable candidates agree; selected the latest highest-priority presentation that is visible in SEC face-statement evidence.,reported,later_comparative,"USD divided by 1,000,000. Absolute value retained as a positive investment amount.",cash_flow_statement,duration,2026,FY,CY2023,1,https://www.sec.gov/Archives/edgar/data/320187/000032018726000088/R7.htm,2026-09-07T07:04:02.457933+00:00,1ac2f1df0e5b85a9c405cb213e9194672d18431a45e3399a11479768c74192ae,"Additions to property, plant and equipment",-812,verified,Company Facts value agrees with the SEC-rendered face statement within its displayed precision.,,,,,,54abad8b001c9e08bb81b83c12f30e36867f6462a12e040cc329e94d46e6fc5c
depreciation_and_amortization,FY2024,2023-06-01,2024-05-31,796000000,796,USD,USD millions,us-gaap,DepreciationDepletionAndAmortization,10-K,2025-07-17,0000320187-25-000047,https://www.sec.gov/Archives/edgar/data/320187/000032018725000047/nke-20250531.htm,https://data.sec.gov/api/xbrl/companyfacts/CIK0000320187.json,2026-09-07T06:55:02.100621+00:00,candidate_not_selected,Comparable candidates agree; selected the latest highest-priority presentation that is visible in SEC face-statement evidence.,reported,later_comparative,"USD divided by 1,000,000.",cash_flow_statement,duration,2025,FY,,1,https://www.sec.gov/Archives/edgar/data/320187/000032018725000047/R7.htm,2026-09-07T07:04:00.692658+00:00,2aacfb922bd770045d879e195efc21ae5245e6387870c485e52798aa51cc7f8f,Depreciation and amortization,796,verified,Company Facts value agrees with the SEC-rendered face statement within its displayed precision.,,,,,,54abad8b001c9e08bb81b83c12f30e36867f6462a12e040cc329e94d46e6fc5c
depreciation_and_amortization,FY2024,2023-06-01,2024-05-31,796000000,796,USD,USD millions,us-gaap,DepreciationDepletionAndAmortization,10-K,2026-07-15,0000320187-26-000088,https://www.sec.gov/Archives/edgar/data/320187/000032018726000088/nke-20260531.htm,https://data.sec.gov/api/xbrl/companyfacts/CIK0000320187.json,2026-09-07T06:55:02.100621+00:00,selected,Comparable candidates agree; selected the latest highest-priority presentation that is visible in SEC face-statement evidence.,reported,later_comparative,"USD divided by 1,000,000.",cash_flow_statement,duration,2026,FY,CY2023,1,https://www.sec.gov/Archives/edgar/data/320187/000032018726000088/R7.htm,2026-09-07T07:04:02.457933+00:00,1ac2f1df0e5b85a9c405cb213e9194672d18431a45e3399a11479768c74192ae,Depreciation and amortization,796,verified,Company Facts value agrees with the SEC-rendered face statement within its displayed precision.,,,,,,54abad8b001c9e08bb81b83c12f30e36867f6462a12e040cc329e94d46e6fc5c
depreciation_and_amortization,FY2024,2023-06-01,2024-05-31,796000000,796,USD,USD millions,us-gaap,Depreciation,10-K,2024-07-25,0000320187-24-000044,https://www.sec.gov/Archives/edgar/data/320187/000032018724000044/nke-20240531.htm,https://data.sec.gov/api/xbrl/companyfacts/CIK0000320187.json,2026-09-07T06:55:02.100621+00:00,candidate_not_selected,Comparable candidates agree; selected the latest highest-priority presentation that is visible in SEC face-statement evidence.,reported,originally_reported,"USD divided by 1,000,000.",cash_flow_statement,duration,2024,FY,CY2023,2,,,,,,not_checked,,,,,,,54abad8b001c9e08bb81b83c12f30e36867f6462a12e040cc329e94d46e6fc5c
derived_operating_income,FY2024,2023-06-01,2024-05-31,,6311,,USD millions,,,,,,,https://data.sec.gov/api/xbrl/companyfacts/CIK0000320187.json,2026-09-07T06:55:02.100621+00:00,calculated,Calculated from validated inputs.,calculated,calculated,gross_profit - total_selling_and_administrative_expense,calculated,duration,,,,,https://www.sec.gov/Archives/edgar/data/320187/000032018726000088/R3.htm,2026-09-07T07:04:01.247348+00:00,367a4751ed4b2824009f7400dc3c03c4d09d1a4af0fd64d9d12c87a4abda7516,Income before taxes adjusted for signed interest and other non-operating income or expense,6311,verified_cross_check,"The independent pretax bridge equals derived operating income. This is a consolidated calculation, not segment EBIT.",,,,,,54abad8b001c9e08bb81b83c12f30e36867f6462a12e040cc329e94d46e6fc5c
gross_margin,FY2024,2023-06-01,2024-05-31,,0.445602,,decimal,,,,,,,https://data.sec.gov/api/xbrl/companyfacts/CIK0000320187.json,2026-09-07T06:55:02.100621+00:00,calculated,Calculated from validated inputs.,calculated,calculated,gross_profit / revenue,calculated,duration,,,,,,,,,,not_applicable,Calculated from selected inputs only.,,,,,,54abad8b001c9e08bb81b83c12f30e36867f6462a12e040cc329e94d46e6fc5c
operating_margin,FY2024,2023-06-01,2024-05-31,,0.122873,,decimal,,,,,,,https://data.sec.gov/api/xbrl/companyfacts/CIK0000320187.json,2026-09-07T06:55:02.100621+00:00,calculated,Calculated from validated inputs.,calculated,calculated,derived_operating_income / revenue,calculated,duration,,,,,,,,,,not_applicable,Calculated from selected inputs only.,,,,,,54abad8b001c9e08bb81b83c12f30e36867f6462a12e040cc329e94d46e6fc5c
net_margin,FY2024,2023-06-01,2024-05-31,,0.110977,,decimal,,,,,,,https://data.sec.gov/api/xbrl/companyfacts/CIK0000320187.json,2026-09-07T06:55:02.100621+00:00,calculated,Calculated from validated inputs.,calculated,calculated,net_income / revenue,calculated,duration,,,,,,,,,,not_applicable,Calculated from selected inputs only.,,,,,,54abad8b001c9e08bb81b83c12f30e36867f6462a12e040cc329e94d46e6fc5c
operating_cash_flow_margin,FY2024,2023-06-01,2024-05-31,,0.14464,,decimal,,,,,,,https://data.sec.gov/api/xbrl/companyfacts/CIK0000320187.json,2026-09-07T06:55:02.100621+00:00,calculated,Calculated from validated inputs.,calculated,calculated,operating_cash_flow / revenue,calculated,duration,,,,,,,,,,not_applicable,Calculated from selected inputs only.,,,,,,54abad8b001c9e08bb81b83c12f30e36867f6462a12e040cc329e94d46e6fc5c
free_cash_flow,FY2024,2023-06-01,2024-05-31,,6617,,USD millions,,,,,,,https://data.sec.gov/api/xbrl/companyfacts/CIK0000320187.json,2026-09-07T06:55:02.100621+00:00,calculated,Calculated from validated inputs.,calculated,calculated,operating_cash_flow - capital_expenditures,calculated,duration,,,,,,,,,,not_applicable,Calculated from selected inputs only.,,,,,,54abad8b001c9e08bb81b83c12f30e36867f6462a12e040cc329e94d46e6fc5c
free_cash_flow_margin,FY2024,2023-06-01,2024-05-31,,0.128831,,decimal,,,,,,,https://data.sec.gov/api/xbrl/companyfacts/CIK0000320187.json,2026-09-07T06:55:02.100621+00:00,calculated,Calculated from validated inputs.,calculated,calculated,free_cash_flow / revenue,calculated,duration,,,,,,,,,,not_applicable,Calculated from selected inputs only.,,,,,,54abad8b001c9e08bb81b83c12f30e36867f6462a12e040cc329e94d46e6fc5c
cash_conversion,FY2024,2023-06-01,2024-05-31,,1.303333,,decimal,,,,,,,https://data.sec.gov/api/xbrl/companyfacts/CIK0000320187.json,2026-09-07T06:55:02.100621+00:00,calculated,Calculated from validated inputs.,calculated,calculated,operating_cash_flow / net_income,calculated,duration,,,,,,,,,,not_applicable,Calculated from selected inputs only.,,,,,,54abad8b001c9e08bb81b83c12f30e36867f6462a12e040cc329e94d46e6fc5c
total_interest_bearing_debt,FY2024,2023-06-01,2024-05-31,,8909,,USD millions,,,,,,,https://data.sec.gov/api/xbrl/companyfacts/CIK0000320187.json,2026-09-07T06:55:02.100621+00:00,calculated,Calculated from validated inputs.,calculated,calculated,notes_payable_and_short_term_borrowings + current_portion_long_term_debt + noncurrent_long_term_debt,calculated,duration,,,,,,,,,,not_applicable,Calculated from the three validated interest-bearing debt components; operating lease liabilities are excluded.,https://www.sec.gov/Archives/edgar/data/320187/000032018724000044/R53.htm,2026-09-07T07:37:49.001584+00:00,069dfd77a5272e47db5524a15a18a4d654533a251c0c667f4f243adae502ddcf,Note 5 - Notes payable,Detail confirms $6 million of notes payable and zero line-of-credit borrowings.,54abad8b001c9e08bb81b83c12f30e36867f6462a12e040cc329e94d46e6fc5c
total_operating_lease_liabilities,FY2024,2023-06-01,2024-05-31,,3043,,USD millions,,,,,,,https://data.sec.gov/api/xbrl/companyfacts/CIK0000320187.json,2026-09-07T06:55:02.100621+00:00,calculated,Calculated from validated inputs.,calculated,calculated,current_operating_lease_liabilities + noncurrent_operating_lease_liabilities,calculated,duration,,,,,,,,,,not_applicable,Calculated from current and noncurrent operating lease liabilities and excluded from base interest-bearing debt.,,,,,,54abad8b001c9e08bb81b83c12f30e36867f6462a12e040cc329e94d46e6fc5c
revenue_growth,FY2024,2023-06-01,2024-05-31,,0.002831,,decimal,,,,,,,https://data.sec.gov/api/xbrl/companyfacts/CIK0000320187.json,2026-09-07T06:55:02.100621+00:00,calculated,Calculated from validated inputs.,calculated,calculated,(revenue_t / revenue_t_minus_1) - 1,calculated,duration,,,,,,,,,,not_applicable,Calculated from selected inputs only.,,,,,,54abad8b001c9e08bb81b83c12f30e36867f6462a12e040cc329e94d46e6fc5c
revenue_cagr_five_observations,FY2024,2023-06-01,2024-05-31,,,,decimal,,,,,,,https://data.sec.gov/api/xbrl/companyfacts/CIK0000320187.json,2026-09-07T06:55:02.100621+00:00,not_applicable,The five-observation CAGR is displayed only on the final fiscal year.,calculated,calculated,(revenue_FY2026 / revenue_FY2022)^(1/4) - 1,calculated,duration,,,,,,,,,,not_applicable,Calculated from selected inputs only.,,,,,,54abad8b001c9e08bb81b83c12f30e36867f6462a12e040cc329e94d46e6fc5c
revenue,FY2025,2024-06-01,2025-05-31,46309000000,46309,USD,USD millions,us-gaap,RevenueFromContractWithCustomerExcludingAssessedTax,10-K,2025-07-17,0000320187-25-000047,https://www.sec.gov/Archives/edgar/data/320187/000032018725000047/nke-20250531.htm,https://data.sec.gov/api/xbrl/companyfacts/CIK0000320187.json,2026-09-07T06:55:02.100621+00:00,candidate_not_selected,Comparable candidates agree; selected the latest highest-priority presentation that is visible in SEC face-statement evidence.,reported,originally_reported,"USD divided by 1,000,000.",income_statement,duration,2025,FY,,1,https://www.sec.gov/Archives/edgar/data/320187/000032018725000047/R3.htm,2026-09-07T07:03:59.487544+00:00,c9b9328544ec19e67502fd09cc449bcf05f1fa173a3a2ae7a825f54fd143c52c,Revenues,46309,verified,Company Facts value agrees with the SEC-rendered face statement within its displayed precision.,,,,,,54abad8b001c9e08bb81b83c12f30e36867f6462a12e040cc329e94d46e6fc5c
revenue,FY2025,2024-06-01,2025-05-31,46309000000,46309,USD,USD millions,us-gaap,RevenueFromContractWithCustomerExcludingAssessedTax,10-K,2026-07-15,0000320187-26-000088,https://www.sec.gov/Archives/edgar/data/320187/000032018726000088/nke-20260531.htm,https://data.sec.gov/api/xbrl/companyfacts/CIK0000320187.json,2026-09-07T06:55:02.100621+00:00,selected,Comparable candidates agree; selected the latest highest-priority presentation that is visible in SEC face-statement evidence.,reported,later_comparative,"USD divided by 1,000,000.",income_statement,duration,2026,FY,CY2024,1,https://www.sec.gov/Archives/edgar/data/320187/000032018726000088/R3.htm,2026-09-07T07:04:01.247348+00:00,367a4751ed4b2824009f7400dc3c03c4d09d1a4af0fd64d9d12c87a4abda7516,Revenues,46309,verified,Company Facts value agrees with the SEC-rendered face statement within its displayed precision.,,,,,,54abad8b001c9e08bb81b83c12f30e36867f6462a12e040cc329e94d46e6fc5c
cost_of_revenue,FY2025,2024-06-01,2025-05-31,26519000000,26519,USD,USD millions,us-gaap,CostOfGoodsAndServicesSold,10-K,2025-07-17,0000320187-25-000047,https://www.sec.gov/Archives/edgar/data/320187/000032018725000047/nke-20250531.htm,https://data.sec.gov/api/xbrl/companyfacts/CIK0000320187.json,2026-09-07T06:55:02.100621+00:00,candidate_not_selected,Comparable candidates agree; selected the latest highest-priority presentation that is visible in SEC face-statement evidence.,reported,originally_reported,"USD divided by 1,000,000.",income_statement,duration,2025,FY,,2,https://www.sec.gov/Archives/edgar/data/320187/000032018725000047/R3.htm,2026-09-07T07:03:59.487544+00:00,c9b9328544ec19e67502fd09cc449bcf05f1fa173a3a2ae7a825f54fd143c52c,Cost of sales,26519,verified,Company Facts value agrees with the SEC-rendered face statement within its displayed precision.,,,,,,54abad8b001c9e08bb81b83c12f30e36867f6462a12e040cc329e94d46e6fc5c
cost_of_revenue,FY2025,2024-06-01,2025-05-31,26519000000,26519,USD,USD millions,us-gaap,CostOfGoodsAndServicesSold,10-K,2026-07-15,0000320187-26-000088,https://www.sec.gov/Archives/edgar/data/320187/000032018726000088/nke-20260531.htm,https://data.sec.gov/api/xbrl/companyfacts/CIK0000320187.json,2026-09-07T06:55:02.100621+00:00,selected,Comparable candidates agree; selected the latest highest-priority presentation that is visible in SEC face-statement evidence.,reported,later_comparative,"USD divided by 1,000,000.",income_statement,duration,2026,FY,CY2024,2,https://www.sec.gov/Archives/edgar/data/320187/000032018726000088/R3.htm,2026-09-07T07:04:01.247348+00:00,367a4751ed4b2824009f7400dc3c03c4d09d1a4af0fd64d9d12c87a4abda7516,Cost of sales,26519,verified,Company Facts value agrees with the SEC-rendered face statement within its displayed precision.,,,,,,54abad8b001c9e08bb81b83c12f30e36867f6462a12e040cc329e94d46e6fc5c
gross_profit,FY2025,2024-06-01,2025-05-31,19790000000,19790,USD,USD millions,us-gaap,GrossProfit,10-K,2025-07-17,0000320187-25-000047,https://www.sec.gov/Archives/edgar/data/320187/000032018725000047/nke-20250531.htm,https://data.sec.gov/api/xbrl/companyfacts/CIK0000320187.json,2026-09-07T06:55:02.100621+00:00,candidate_not_selected,Comparable candidates agree; selected the latest highest-priority presentation that is visible in SEC face-statement evidence.,reported,originally_reported,"USD divided by 1,000,000.",income_statement,duration,2025,FY,,1,https://www.sec.gov/Archives/edgar/data/320187/000032018725000047/R3.htm,2026-09-07T07:03:59.487544+00:00,c9b9328544ec19e67502fd09cc449bcf05f1fa173a3a2ae7a825f54fd143c52c,Gross profit,19790,verified,Company Facts value agrees with the SEC-rendered face statement within its displayed precision.,,,,,,54abad8b001c9e08bb81b83c12f30e36867f6462a12e040cc329e94d46e6fc5c
gross_profit,FY2025,2024-06-01,2025-05-31,19790000000,19790,USD,USD millions,us-gaap,GrossProfit,10-K,2026-07-15,0000320187-26-000088,https://www.sec.gov/Archives/edgar/data/320187/000032018726000088/nke-20260531.htm,https://data.sec.gov/api/xbrl/companyfacts/CIK0000320187.json,2026-09-07T06:55:02.100621+00:00,selected,Comparable candidates agree; selected the latest highest-priority presentation that is visible in SEC face-statement evidence.,reported,later_comparative,"USD divided by 1,000,000.",income_statement,duration,2026,FY,CY2024,1,https://www.sec.gov/Archives/edgar/data/320187/000032018726000088/R3.htm,2026-09-07T07:04:01.247348+00:00,367a4751ed4b2824009f7400dc3c03c4d09d1a4af0fd64d9d12c87a4abda7516,Gross profit,19790,verified,Company Facts value agrees with the SEC-rendered face statement within its displayed precision.,,,,,,54abad8b001c9e08bb81b83c12f30e36867f6462a12e040cc329e94d46e6fc5c
total_selling_and_administrative_expense,FY2025,2024-06-01,2025-05-31,16088000000,16088,USD,USD millions,us-gaap,SellingGeneralAndAdministrativeExpense,10-K,2025-07-17,0000320187-25-000047,https://www.sec.gov/Archives/edgar/data/320187/000032018725000047/nke-20250531.htm,https://data.sec.gov/api/xbrl/companyfacts/CIK0000320187.json,2026-09-07T06:55:02.100621+00:00,candidate_not_selected,Comparable candidates agree; selected the latest highest-priority presentation that is visible in SEC face-statement evidence.,reported,originally_reported,"USD divided by 1,000,000.",income_statement,duration,2025,FY,,1,https://www.sec.gov/Archives/edgar/data/320187/000032018725000047/R3.htm,2026-09-07T07:03:59.487544+00:00,c9b9328544ec19e67502fd09cc449bcf05f1fa173a3a2ae7a825f54fd143c52c,Total selling and administrative expense,16088,verified,Company Facts value agrees with the SEC-rendered face statement within its displayed precision.,,,,,,54abad8b001c9e08bb81b83c12f30e36867f6462a12e040cc329e94d46e6fc5c
total_selling_and_administrative_expense,FY2025,2024-06-01,2025-05-31,16088000000,16088,USD,USD millions,us-gaap,SellingGeneralAndAdministrativeExpense,10-K,2026-07-15,0000320187-26-000088,https://www.sec.gov/Archives/edgar/data/320187/000032018726000088/nke-20260531.htm,https://data.sec.gov/api/xbrl/companyfacts/CIK0000320187.json,2026-09-07T06:55:02.100621+00:00,selected,Comparable candidates agree; selected the latest highest-priority presentation that is visible in SEC face-statement evidence.,reported,later_comparative,"USD divided by 1,000,000.",income_statement,duration,2026,FY,CY2024,1,https://www.sec.gov/Archives/edgar/data/320187/000032018726000088/R3.htm,2026-09-07T07:04:01.247348+00:00,367a4751ed4b2824009f7400dc3c03c4d09d1a4af0fd64d9d12c87a4abda7516,Total selling and administrative expense,16088,verified,Company Facts value agrees with the SEC-rendered face statement within its displayed precision.,,,,,,54abad8b001c9e08bb81b83c12f30e36867f6462a12e040cc329e94d46e6fc5c
income_before_income_taxes,FY2025,2024-06-01,2025-05-31,3885000000,3885,USD,USD millions,us-gaap,IncomeLossFromContinuingOperationsBeforeIncomeTaxesExtraordinaryItemsNoncontrollingInterest,10-K,2025-07-17,0000320187-25-000047,https://www.sec.gov/Archives/edgar/data/320187/000032018725000047/nke-20250531.htm,https://data.sec.gov/api/xbrl/companyfacts/CIK0000320187.json,2026-09-07T06:55:02.100621+00:00,candidate_not_selected,Comparable candidates agree; selected the latest highest-priority presentation that is visible in SEC face-statement evidence.,reported,originally_reported,"USD divided by 1,000,000.",income_statement,duration,2025,FY,,1,https://www.sec.gov/Archives/edgar/data/320187/000032018725000047/R3.htm,2026-09-07T07:03:59.487544+00:00,c9b9328544ec19e67502fd09cc449bcf05f1fa173a3a2ae7a825f54fd143c52c,Income before income taxes,3885,verified,Company Facts value agrees with the SEC-rendered face statement within its displayed precision.,,,,,,54abad8b001c9e08bb81b83c12f30e36867f6462a12e040cc329e94d46e6fc5c
income_before_income_taxes,FY2025,2024-06-01,2025-05-31,3885000000,3885,USD,USD millions,us-gaap,IncomeLossFromContinuingOperationsBeforeIncomeTaxesExtraordinaryItemsNoncontrollingInterest,10-K,2026-07-15,0000320187-26-000088,https://www.sec.gov/Archives/edgar/data/320187/000032018726000088/nke-20260531.htm,https://data.sec.gov/api/xbrl/companyfacts/CIK0000320187.json,2026-09-07T06:55:02.100621+00:00,selected,Comparable candidates agree; selected the latest highest-priority presentation that is visible in SEC face-statement evidence.,reported,later_comparative,"USD divided by 1,000,000.",income_statement,duration,2026,FY,CY2024,1,https://www.sec.gov/Archives/edgar/data/320187/000032018726000088/R3.htm,2026-09-07T07:04:01.247348+00:00,367a4751ed4b2824009f7400dc3c03c4d09d1a4af0fd64d9d12c87a4abda7516,Income before income taxes,3885,verified,Company Facts value agrees with the SEC-rendered face statement within its displayed precision.,,,,,,54abad8b001c9e08bb81b83c12f30e36867f6462a12e040cc329e94d46e6fc5c
interest_income_expense_nonoperating_net,FY2025,2024-06-01,2025-05-31,107000000,107,USD,USD millions,us-gaap,InterestIncomeExpenseNonoperatingNet,10-K,2025-07-17,0000320187-25-000047,https://www.sec.gov/Archives/edgar/data/320187/000032018725000047/nke-20250531.htm,https://data.sec.gov/api/xbrl/companyfacts/CIK0000320187.json,2026-09-07T06:55:02.100621+00:00,candidate_not_selected,Comparable candidates agree; selected the latest highest-priority presentation that is visible in SEC face-statement evidence.,reported,originally_reported,"USD divided by 1,000,000. Positive normalized values represent income and negative values represent expense; the face-statement expense label uses the opposite sign.",income_statement,duration,2025,FY,,1,https://www.sec.gov/Archives/edgar/data/320187/000032018725000047/R3.htm,2026-09-07T07:03:59.487544+00:00,c9b9328544ec19e67502fd09cc449bcf05f1fa173a3a2ae7a825f54fd143c52c,"Interest expense (income), net",-107,verified,Company Facts value agrees with the SEC-rendered face statement within its displayed precision.,,,,,,54abad8b001c9e08bb81b83c12f30e36867f6462a12e040cc329e94d46e6fc5c
interest_income_expense_nonoperating_net,FY2025,2024-06-01,2025-05-31,107000000,107,USD,USD millions,us-gaap,InterestIncomeExpenseNonoperatingNet,10-K,2026-07-15,0000320187-26-000088,https://www.sec.gov/Archives/edgar/data/320187/000032018726000088/nke-20260531.htm,https://data.sec.gov/api/xbrl/companyfacts/CIK0000320187.json,2026-09-07T06:55:02.100621+00:00,selected,Comparable candidates agree; selected the latest highest-priority presentation that is visible in SEC face-statement evidence.,reported,later_comparative,"USD divided by 1,000,000. Positive normalized values represent income and negative values represent expense; the face-statement expense label uses the opposite sign.",income_statement,duration,2026,FY,CY2024,1,https://www.sec.gov/Archives/edgar/data/320187/000032018726000088/R3.htm,2026-09-07T07:04:01.247348+00:00,367a4751ed4b2824009f7400dc3c03c4d09d1a4af0fd64d9d12c87a4abda7516,"Interest (income) expense, net",-107,verified,Company Facts value agrees with the SEC-rendered face statement within its displayed precision.,,,,,,54abad8b001c9e08bb81b83c12f30e36867f6462a12e040cc329e94d46e6fc5c
other_nonoperating_income_expense,FY2025,2024-06-01,2025-05-31,76000000,76,USD,USD millions,us-gaap,OtherNonoperatingIncomeExpense,10-K,2025-07-17,0000320187-25-000047,https://www.sec.gov/Archives/edgar/data/320187/000032018725000047/nke-20250531.htm,https://data.sec.gov/api/xbrl/companyfacts/CIK0000320187.json,2026-09-07T06:55:02.100621+00:00,candidate_not_selected,Comparable candidates agree; selected the latest highest-priority presentation that is visible in SEC face-statement evidence.,reported,originally_reported,"USD divided by 1,000,000. Positive normalized values represent income and negative values represent expense; the face-statement expense label uses the opposite sign.",income_statement,duration,2025,FY,,1,https://www.sec.gov/Archives/edgar/data/320187/000032018725000047/R3.htm,2026-09-07T07:03:59.487544+00:00,c9b9328544ec19e67502fd09cc449bcf05f1fa173a3a2ae7a825f54fd143c52c,"Other (income) expense, net",-76,verified,Company Facts value agrees with the SEC-rendered face statement within its displayed precision.,,,,,,54abad8b001c9e08bb81b83c12f30e36867f6462a12e040cc329e94d46e6fc5c
other_nonoperating_income_expense,FY2025,2024-06-01,2025-05-31,76000000,76,USD,USD millions,us-gaap,OtherNonoperatingIncomeExpense,10-K,2026-07-15,0000320187-26-000088,https://www.sec.gov/Archives/edgar/data/320187/000032018726000088/nke-20260531.htm,https://data.sec.gov/api/xbrl/companyfacts/CIK0000320187.json,2026-09-07T06:55:02.100621+00:00,selected,Comparable candidates agree; selected the latest highest-priority presentation that is visible in SEC face-statement evidence.,reported,later_comparative,"USD divided by 1,000,000. Positive normalized values represent income and negative values represent expense; the face-statement expense label uses the opposite sign.",income_statement,duration,2026,FY,CY2024,1,https://www.sec.gov/Archives/edgar/data/320187/000032018726000088/R3.htm,2026-09-07T07:04:01.247348+00:00,367a4751ed4b2824009f7400dc3c03c4d09d1a4af0fd64d9d12c87a4abda7516,"Other (income) expense, net",-76,verified,Company Facts value agrees with the SEC-rendered face statement within its displayed precision.,,,,,,54abad8b001c9e08bb81b83c12f30e36867f6462a12e040cc329e94d46e6fc5c
net_income,FY2025,2024-06-01,2025-05-31,3219000000,3219,USD,USD millions,us-gaap,NetIncomeLoss,10-K,2025-07-17,0000320187-25-000047,https://www.sec.gov/Archives/edgar/data/320187/000032018725000047/nke-20250531.htm,https://data.sec.gov/api/xbrl/companyfacts/CIK0000320187.json,2026-09-07T06:55:02.100621+00:00,candidate_not_selected,Comparable candidates agree; selected the latest highest-priority presentation that is visible in SEC face-statement evidence.,reported,originally_reported,"USD divided by 1,000,000.",income_statement,duration,2025,FY,,1,https://www.sec.gov/Archives/edgar/data/320187/000032018725000047/R3.htm,2026-09-07T07:03:59.487544+00:00,c9b9328544ec19e67502fd09cc449bcf05f1fa173a3a2ae7a825f54fd143c52c,NET INCOME,3219,verified,Company Facts value agrees with the SEC-rendered face statement within its displayed precision.,,,,,,54abad8b001c9e08bb81b83c12f30e36867f6462a12e040cc329e94d46e6fc5c
net_income,FY2025,2024-06-01,2025-05-31,3219000000,3219,USD,USD millions,us-gaap,NetIncomeLoss,10-K,2026-07-15,0000320187-26-000088,https://www.sec.gov/Archives/edgar/data/320187/000032018726000088/nke-20260531.htm,https://data.sec.gov/api/xbrl/companyfacts/CIK0000320187.json,2026-09-07T06:55:02.100621+00:00,selected,Comparable candidates agree; selected the latest highest-priority presentation that is visible in SEC face-statement evidence.,reported,later_comparative,"USD divided by 1,000,000.",income_statement,duration,2026,FY,,1,https://www.sec.gov/Archives/edgar/data/320187/000032018726000088/R3.htm,2026-09-07T07:04:01.247348+00:00,367a4751ed4b2824009f7400dc3c03c4d09d1a4af0fd64d9d12c87a4abda7516,NET INCOME,3219,verified,Company Facts value agrees with the SEC-rendered face statement within its displayed precision.,,,,,,54abad8b001c9e08bb81b83c12f30e36867f6462a12e040cc329e94d46e6fc5c
diluted_eps,FY2025,2024-06-01,2025-05-31,2.16,2.16,USD/shares,USD per share,us-gaap,EarningsPerShareDiluted,10-K,2025-07-17,0000320187-25-000047,https://www.sec.gov/Archives/edgar/data/320187/000032018725000047/nke-20250531.htm,https://data.sec.gov/api/xbrl/companyfacts/CIK0000320187.json,2026-09-07T06:55:02.100621+00:00,candidate_not_selected,Comparable candidates agree; selected the latest highest-priority presentation that is visible in SEC face-statement evidence.,reported,originally_reported,Per-share value retained without scaling.,income_statement,duration,2025,FY,,1,https://www.sec.gov/Archives/edgar/data/320187/000032018725000047/R3.htm,2026-09-07T07:03:59.487544+00:00,c9b9328544ec19e67502fd09cc449bcf05f1fa173a3a2ae7a825f54fd143c52c,Diluted (in dollars per share),2.16,verified,Company Facts value agrees with the SEC-rendered face statement within its displayed precision.,,,,,,54abad8b001c9e08bb81b83c12f30e36867f6462a12e040cc329e94d46e6fc5c
diluted_eps,FY2025,2024-06-01,2025-05-31,2.16,2.16,USD/shares,USD per share,us-gaap,EarningsPerShareDiluted,10-K,2026-07-15,0000320187-26-000088,https://www.sec.gov/Archives/edgar/data/320187/000032018726000088/nke-20260531.htm,https://data.sec.gov/api/xbrl/companyfacts/CIK0000320187.json,2026-09-07T06:55:02.100621+00:00,selected,Comparable candidates agree; selected the latest highest-priority presentation that is visible in SEC face-statement evidence.,reported,later_comparative,Per-share value retained without scaling.,income_statement,duration,2026,FY,CY2024,1,https://www.sec.gov/Archives/edgar/data/320187/000032018726000088/R3.htm,2026-09-07T07:04:01.247348+00:00,367a4751ed4b2824009f7400dc3c03c4d09d1a4af0fd64d9d12c87a4abda7516,Diluted (in dollars per share),2.16,verified,Company Facts value agrees with the SEC-rendered face statement within its displayed precision.,,,,,,54abad8b001c9e08bb81b83c12f30e36867f6462a12e040cc329e94d46e6fc5c
diluted_weighted_average_shares,FY2025,2024-06-01,2025-05-31,1487600000,1487.6,shares,shares millions,us-gaap,WeightedAverageNumberOfDilutedSharesOutstanding,10-K,2025-07-17,0000320187-25-000047,https://www.sec.gov/Archives/edgar/data/320187/000032018725000047/nke-20250531.htm,https://data.sec.gov/api/xbrl/companyfacts/CIK0000320187.json,2026-09-07T06:55:02.100621+00:00,candidate_not_selected,Comparable candidates agree; selected the latest highest-priority presentation that is visible in SEC face-statement evidence.,reported,originally_reported,"shares divided by 1,000,000.",income_statement,duration,2025,FY,,1,https://www.sec.gov/Archives/edgar/data/320187/000032018725000047/R3.htm,2026-09-07T07:03:59.487544+00:00,c9b9328544ec19e67502fd09cc449bcf05f1fa173a3a2ae7a825f54fd143c52c,Diluted (in shares),1487.6,verified,Company Facts value agrees with the SEC-rendered face statement within its displayed precision.,,,,,,54abad8b001c9e08bb81b83c12f30e36867f6462a12e040cc329e94d46e6fc5c
diluted_weighted_average_shares,FY2025,2024-06-01,2025-05-31,1487600000,1487.6,shares,shares millions,us-gaap,WeightedAverageNumberOfDilutedSharesOutstanding,10-K,2026-07-15,0000320187-26-000088,https://www.sec.gov/Archives/edgar/data/320187/000032018726000088/nke-20260531.htm,https://data.sec.gov/api/xbrl/companyfacts/CIK0000320187.json,2026-09-07T06:55:02.100621+00:00,selected,Comparable candidates agree; selected the latest highest-priority presentation that is visible in SEC face-statement evidence.,reported,later_comparative,"shares divided by 1,000,000.",income_statement,duration,2026,FY,CY2024,1,https://www.sec.gov/Archives/edgar/data/320187/000032018726000088/R3.htm,2026-09-07T07:04:01.247348+00:00,367a4751ed4b2824009f7400dc3c03c4d09d1a4af0fd64d9d12c87a4abda7516,Diluted (in shares),1487.6,verified,Company Facts value agrees with the SEC-rendered face statement within its displayed precision.,,,,,,54abad8b001c9e08bb81b83c12f30e36867f6462a12e040cc329e94d46e6fc5c
cash_and_cash_equivalents,FY2025,,2025-05-31,7464000000,7464,USD,USD millions,us-gaap,CashAndCashEquivalentsAtCarryingValue,10-K,2025-07-17,0000320187-25-000047,https://www.sec.gov/Archives/edgar/data/320187/000032018725000047/nke-20250531.htm,https://data.sec.gov/api/xbrl/companyfacts/CIK0000320187.json,2026-09-07T06:55:02.100621+00:00,candidate_not_selected,Comparable candidates agree; selected the latest highest-priority presentation that is visible in SEC face-statement evidence.,reported,originally_reported,"USD divided by 1,000,000.",balance_sheet,instant,2025,FY,,1,https://www.sec.gov/Archives/edgar/data/320187/000032018725000047/R5.htm,2026-09-07T07:04:00.039217+00:00,c6da536585ba0585fa58bfd979a8a39a3d3e586817cc2605347183e9572de03a,Cash and equivalents,7464,verified,Company Facts value agrees with the SEC-rendered face statement within its displayed precision.,,,,,,54abad8b001c9e08bb81b83c12f30e36867f6462a12e040cc329e94d46e6fc5c
cash_and_cash_equivalents,FY2025,,2025-05-31,7464000000,7464,USD,USD millions,us-gaap,CashAndCashEquivalentsAtCarryingValue,10-K,2026-07-15,0000320187-26-000088,https://www.sec.gov/Archives/edgar/data/320187/000032018726000088/nke-20260531.htm,https://data.sec.gov/api/xbrl/companyfacts/CIK0000320187.json,2026-09-07T06:55:02.100621+00:00,selected,Comparable candidates agree; selected the latest highest-priority presentation that is visible in SEC face-statement evidence.,reported,later_comparative,"USD divided by 1,000,000.",balance_sheet,instant,2026,FY,CY2025Q2I,1,https://www.sec.gov/Archives/edgar/data/320187/000032018726000088/R5.htm,2026-09-07T07:04:01.875516+00:00,17da187b9139e66f453a366babf2fabf9880fa6678a17713a6daf718b375c14d,Cash and equivalents,7464,verified,Company Facts value agrees with the SEC-rendered face statement within its displayed precision.,,,,,,54abad8b001c9e08bb81b83c12f30e36867f6462a12e040cc329e94d46e6fc5c
short_term_investments,FY2025,,2025-05-31,1687000000,1687,USD,USD millions,us-gaap,DebtSecuritiesAvailableForSaleExcludingAccruedInterestCurrent,10-K,2025-07-17,0000320187-25-000047,https://www.sec.gov/Archives/edgar/data/320187/000032018725000047/nke-20250531.htm,https://data.sec.gov/api/xbrl/companyfacts/CIK0000320187.json,2026-09-07T06:55:02.100621+00:00,candidate_not_selected,Comparable candidates agree; selected the latest highest-priority presentation that is visible in SEC face-statement evidence.,reported,originally_reported,"USD divided by 1,000,000.",balance_sheet,instant,2025,FY,,1,https://www.sec.gov/Archives/edgar/data/320187/000032018725000047/R5.htm,2026-09-07T07:04:00.039217+00:00,c6da536585ba0585fa58bfd979a8a39a3d3e586817cc2605347183e9572de03a,Short-term investments,1687,verified,Company Facts value agrees with the SEC-rendered face statement within its displayed precision.,,,,,,54abad8b001c9e08bb81b83c12f30e36867f6462a12e040cc329e94d46e6fc5c
short_term_investments,FY2025,,2025-05-31,1687000000,1687,USD,USD millions,us-gaap,DebtSecuritiesAvailableForSaleExcludingAccruedInterestCurrent,10-K,2026-07-15,0000320187-26-000088,https://www.sec.gov/Archives/edgar/data/320187/000032018726000088/nke-20260531.htm,https://data.sec.gov/api/xbrl/companyfacts/CIK0000320187.json,2026-09-07T06:55:02.100621+00:00,selected,Comparable candidates agree; selected the latest highest-priority presentation that is visible in SEC face-statement evidence.,reported,later_comparative,"USD divided by 1,000,000.",balance_sheet,instant,2026,FY,CY2025Q2I,1,https://www.sec.gov/Archives/edgar/data/320187/000032018726000088/R5.htm,2026-09-07T07:04:01.875516+00:00,17da187b9139e66f453a366babf2fabf9880fa6678a17713a6daf718b375c14d,Short-term investments,1687,verified,Company Facts value agrees with the SEC-rendered face statement within its displayed precision.,,,,,,54abad8b001c9e08bb81b83c12f30e36867f6462a12e040cc329e94d46e6fc5c
accounts_receivable,FY2025,,2025-05-31,4717000000,4717,USD,USD millions,us-gaap,AccountsReceivableNetCurrent,10-K,2025-07-17,0000320187-25-000047,https://www.sec.gov/Archives/edgar/data/320187/000032018725000047/nke-20250531.htm,https://data.sec.gov/api/xbrl/companyfacts/CIK0000320187.json,2026-09-07T06:55:02.100621+00:00,candidate_not_selected,Comparable candidates agree; selected the latest highest-priority presentation that is visible in SEC face-statement evidence.,reported,originally_reported,"USD divided by 1,000,000.",balance_sheet,instant,2025,FY,,1,https://www.sec.gov/Archives/edgar/data/320187/000032018725000047/R5.htm,2026-09-07T07:04:00.039217+00:00,c6da536585ba0585fa58bfd979a8a39a3d3e586817cc2605347183e9572de03a,"Accounts receivable, net",4717,verified,Company Facts value agrees with the SEC-rendered face statement within its displayed precision.,,,,,,54abad8b001c9e08bb81b83c12f30e36867f6462a12e040cc329e94d46e6fc5c
accounts_receivable,FY2025,,2025-05-31,4717000000,4717,USD,USD millions,us-gaap,AccountsReceivableNetCurrent,10-K,2026-07-15,0000320187-26-000088,https://www.sec.gov/Archives/edgar/data/320187/000032018726000088/nke-20260531.htm,https://data.sec.gov/api/xbrl/companyfacts/CIK0000320187.json,2026-09-07T06:55:02.100621+00:00,selected,Comparable candidates agree; selected the latest highest-priority presentation that is visible in SEC face-statement evidence.,reported,later_comparative,"USD divided by 1,000,000.",balance_sheet,instant,2026,FY,CY2025Q2I,1,https://www.sec.gov/Archives/edgar/data/320187/000032018726000088/R5.htm,2026-09-07T07:04:01.875516+00:00,17da187b9139e66f453a366babf2fabf9880fa6678a17713a6daf718b375c14d,"Accounts receivable, net",4717,verified,Company Facts value agrees with the SEC-rendered face statement within its displayed precision.,,,,,,54abad8b001c9e08bb81b83c12f30e36867f6462a12e040cc329e94d46e6fc5c
inventory,FY2025,,2025-05-31,7489000000,7489,USD,USD millions,us-gaap,InventoryFinishedGoodsNetOfReserves,10-K,2025-07-17,0000320187-25-000047,https://www.sec.gov/Archives/edgar/data/320187/000032018725000047/nke-20250531.htm,https://data.sec.gov/api/xbrl/companyfacts/CIK0000320187.json,2026-09-07T06:55:02.100621+00:00,candidate_not_selected,Comparable candidates agree; selected the latest highest-priority presentation that is visible in SEC face-statement evidence.,reported,originally_reported,"USD divided by 1,000,000.",balance_sheet,instant,2025,FY,,1,https://www.sec.gov/Archives/edgar/data/320187/000032018725000047/R5.htm,2026-09-07T07:04:00.039217+00:00,c6da536585ba0585fa58bfd979a8a39a3d3e586817cc2605347183e9572de03a,Inventories,7489,verified,Company Facts value agrees with the SEC-rendered face statement within its displayed precision.,,,,,,54abad8b001c9e08bb81b83c12f30e36867f6462a12e040cc329e94d46e6fc5c
inventory,FY2025,,2025-05-31,7489000000,7489,USD,USD millions,us-gaap,InventoryFinishedGoodsNetOfReserves,10-K,2026-07-15,0000320187-26-000088,https://www.sec.gov/Archives/edgar/data/320187/000032018726000088/nke-20260531.htm,https://data.sec.gov/api/xbrl/companyfacts/CIK0000320187.json,2026-09-07T06:55:02.100621+00:00,selected,Comparable candidates agree; selected the latest highest-priority presentation that is visible in SEC face-statement evidence.,reported,later_comparative,"USD divided by 1,000,000.",balance_sheet,instant,2026,FY,CY2025Q2I,1,https://www.sec.gov/Archives/edgar/data/320187/000032018726000088/R5.htm,2026-09-07T07:04:01.875516+00:00,17da187b9139e66f453a366babf2fabf9880fa6678a17713a6daf718b375c14d,Inventories,7489,verified,Company Facts value agrees with the SEC-rendered face statement within its displayed precision.,,,,,,54abad8b001c9e08bb81b83c12f30e36867f6462a12e040cc329e94d46e6fc5c
current_assets,FY2025,,2025-05-31,23362000000,23362,USD,USD millions,us-gaap,AssetsCurrent,10-K,2025-07-17,0000320187-25-000047,https://www.sec.gov/Archives/edgar/data/320187/000032018725000047/nke-20250531.htm,https://data.sec.gov/api/xbrl/companyfacts/CIK0000320187.json,2026-09-07T06:55:02.100621+00:00,candidate_not_selected,Comparable candidates agree; selected the latest highest-priority presentation that is visible in SEC face-statement evidence.,reported,originally_reported,"USD divided by 1,000,000.",balance_sheet,instant,2025,FY,,1,https://www.sec.gov/Archives/edgar/data/320187/000032018725000047/R5.htm,2026-09-07T07:04:00.039217+00:00,c6da536585ba0585fa58bfd979a8a39a3d3e586817cc2605347183e9572de03a,Total current assets,23362,verified,Company Facts value agrees with the SEC-rendered face statement within its displayed precision.,,,,,,54abad8b001c9e08bb81b83c12f30e36867f6462a12e040cc329e94d46e6fc5c
current_assets,FY2025,,2025-05-31,23362000000,23362,USD,USD millions,us-gaap,AssetsCurrent,10-K,2026-07-15,0000320187-26-000088,https://www.sec.gov/Archives/edgar/data/320187/000032018726000088/nke-20260531.htm,https://data.sec.gov/api/xbrl/companyfacts/CIK0000320187.json,2026-09-07T06:55:02.100621+00:00,selected,Comparable candidates agree; selected the latest highest-priority presentation that is visible in SEC face-statement evidence.,reported,later_comparative,"USD divided by 1,000,000.",balance_sheet,instant,2026,FY,CY2025Q2I,1,https://www.sec.gov/Archives/edgar/data/320187/000032018726000088/R5.htm,2026-09-07T07:04:01.875516+00:00,17da187b9139e66f453a366babf2fabf9880fa6678a17713a6daf718b375c14d,Total current assets,23362,verified,Company Facts value agrees with the SEC-rendered face statement within its displayed precision.,,,,,,54abad8b001c9e08bb81b83c12f30e36867f6462a12e040cc329e94d46e6fc5c
current_liabilities,FY2025,,2025-05-31,10566000000,10566,USD,USD millions,us-gaap,LiabilitiesCurrent,10-K,2025-07-17,0000320187-25-000047,https://www.sec.gov/Archives/edgar/data/320187/000032018725000047/nke-20250531.htm,https://data.sec.gov/api/xbrl/companyfacts/CIK0000320187.json,2026-09-07T06:55:02.100621+00:00,candidate_not_selected,Comparable candidates agree; selected the latest highest-priority presentation that is visible in SEC face-statement evidence.,reported,originally_reported,"USD divided by 1,000,000.",balance_sheet,instant,2025,FY,,1,https://www.sec.gov/Archives/edgar/data/320187/000032018725000047/R5.htm,2026-09-07T07:04:00.039217+00:00,c6da536585ba0585fa58bfd979a8a39a3d3e586817cc2605347183e9572de03a,Total current liabilities,10566,verified,Company Facts value agrees with the SEC-rendered face statement within its displayed precision.,,,,,,54abad8b001c9e08bb81b83c12f30e36867f6462a12e040cc329e94d46e6fc5c
current_liabilities,FY2025,,2025-05-31,10566000000,10566,USD,USD millions,us-gaap,LiabilitiesCurrent,10-K,2026-07-15,0000320187-26-000088,https://www.sec.gov/Archives/edgar/data/320187/000032018726000088/nke-20260531.htm,https://data.sec.gov/api/xbrl/companyfacts/CIK0000320187.json,2026-09-07T06:55:02.100621+00:00,selected,Comparable candidates agree; selected the latest highest-priority presentation that is visible in SEC face-statement evidence.,reported,later_comparative,"USD divided by 1,000,000.",balance_sheet,instant,2026,FY,CY2025Q2I,1,https://www.sec.gov/Archives/edgar/data/320187/000032018726000088/R5.htm,2026-09-07T07:04:01.875516+00:00,17da187b9139e66f453a366babf2fabf9880fa6678a17713a6daf718b375c14d,Total current liabilities,10566,verified,Company Facts value agrees with the SEC-rendered face statement within its displayed precision.,,,,,,54abad8b001c9e08bb81b83c12f30e36867f6462a12e040cc329e94d46e6fc5c
total_assets,FY2025,,2025-05-31,36579000000,36579,USD,USD millions,us-gaap,Assets,10-K,2025-07-17,0000320187-25-000047,https://www.sec.gov/Archives/edgar/data/320187/000032018725000047/nke-20250531.htm,https://data.sec.gov/api/xbrl/companyfacts/CIK0000320187.json,2026-09-07T06:55:02.100621+00:00,candidate_not_selected,Comparable candidates agree; selected the latest highest-priority presentation that is visible in SEC face-statement evidence.,reported,originally_reported,"USD divided by 1,000,000.",balance_sheet,instant,2025,FY,,1,https://www.sec.gov/Archives/edgar/data/320187/000032018725000047/R5.htm,2026-09-07T07:04:00.039217+00:00,c6da536585ba0585fa58bfd979a8a39a3d3e586817cc2605347183e9572de03a,TOTAL ASSETS,36579,verified,Company Facts value agrees with the SEC-rendered face statement within its displayed precision.,,,,,,54abad8b001c9e08bb81b83c12f30e36867f6462a12e040cc329e94d46e6fc5c
total_assets,FY2025,,2025-05-31,36579000000,36579,USD,USD millions,us-gaap,Assets,10-K,2026-07-15,0000320187-26-000088,https://www.sec.gov/Archives/edgar/data/320187/000032018726000088/nke-20260531.htm,https://data.sec.gov/api/xbrl/companyfacts/CIK0000320187.json,2026-09-07T06:55:02.100621+00:00,selected,Comparable candidates agree; selected the latest highest-priority presentation that is visible in SEC face-statement evidence.,reported,later_comparative,"USD divided by 1,000,000.",balance_sheet,instant,2026,FY,CY2025Q2I,1,https://www.sec.gov/Archives/edgar/data/320187/000032018726000088/R5.htm,2026-09-07T07:04:01.875516+00:00,17da187b9139e66f453a366babf2fabf9880fa6678a17713a6daf718b375c14d,TOTAL ASSETS,36579,verified,Company Facts value agrees with the SEC-rendered face statement within its displayed precision.,,,,,,54abad8b001c9e08bb81b83c12f30e36867f6462a12e040cc329e94d46e6fc5c
notes_payable_and_short_term_borrowings,FY2025,,2025-05-31,5000000,5,USD,USD millions,us-gaap,ShortTermBorrowings,10-K,2025-07-17,0000320187-25-000047,https://www.sec.gov/Archives/edgar/data/320187/000032018725000047/nke-20250531.htm,https://data.sec.gov/api/xbrl/companyfacts/CIK0000320187.json,2026-09-07T06:55:02.100621+00:00,selected,Comparable candidates agree; selected the latest highest-priority presentation that is visible in SEC face-statement evidence. The filing-note evidence independently agrees.,reported,originally_reported,"USD divided by 1,000,000.",balance_sheet,instant,2025,FY,,1,https://www.sec.gov/Archives/edgar/data/320187/000032018725000047/R5.htm,2026-09-07T07:04:00.039217+00:00,c6da536585ba0585fa58bfd979a8a39a3d3e586817cc2605347183e9572de03a,Notes payable,5,verified,Company Facts value agrees with the SEC-rendered face statement within its displayed precision.,https://www.sec.gov/Archives/edgar/data/320187/000032018725000047/R53.htm,2026-09-07T07:37:49.629998+00:00,ae366621410443934ca526df9e74f75aeb7c24a34557305e742b26647037a618,Note 5 - Notes payable,Detail confirms $5 million of notes payable and zero line-of-credit borrowings.,54abad8b001c9e08bb81b83c12f30e36867f6462a12e040cc329e94d46e6fc5c
current_portion_long_term_debt,FY2025,,2025-05-31,0,0,USD,USD millions,us-gaap,LongTermDebtCurrent,10-K,2025-07-17,0000320187-25-000047,https://www.sec.gov/Archives/edgar/data/320187/000032018725000047/nke-20250531.htm,https://data.sec.gov/api/xbrl/companyfacts/CIK0000320187.json,2026-09-07T06:55:02.100621+00:00,candidate_not_selected,Comparable candidates agree; selected the latest highest-priority presentation that is visible in SEC face-statement evidence.,reported,originally_reported,"USD divided by 1,000,000.",balance_sheet,instant,2025,FY,,1,https://www.sec.gov/Archives/edgar/data/320187/000032018725000047/R5.htm,2026-09-07T07:04:00.039217+00:00,c6da536585ba0585fa58bfd979a8a39a3d3e586817cc2605347183e9572de03a,Current portion of long-term debt,0,verified,Company Facts value agrees with the SEC-rendered face statement within its displayed precision.,,,,,,54abad8b001c9e08bb81b83c12f30e36867f6462a12e040cc329e94d46e6fc5c
current_portion_long_term_debt,FY2025,,2025-05-31,0,0,USD,USD millions,us-gaap,LongTermDebtCurrent,10-K,2026-07-15,0000320187-26-000088,https://www.sec.gov/Archives/edgar/data/320187/000032018726000088/nke-20260531.htm,https://data.sec.gov/api/xbrl/companyfacts/CIK0000320187.json,2026-09-07T06:55:02.100621+00:00,selected,Comparable candidates agree; selected the latest highest-priority presentation that is visible in SEC face-statement evidence.,reported,later_comparative,"USD divided by 1,000,000.",balance_sheet,instant,2026,FY,CY2025Q2I,1,https://www.sec.gov/Archives/edgar/data/320187/000032018726000088/R5.htm,2026-09-07T07:04:01.875516+00:00,17da187b9139e66f453a366babf2fabf9880fa6678a17713a6daf718b375c14d,Current portion of long-term debt,0,verified,Company Facts value agrees with the SEC-rendered face statement within its displayed precision.,,,,,,54abad8b001c9e08bb81b83c12f30e36867f6462a12e040cc329e94d46e6fc5c
noncurrent_long_term_debt,FY2025,,2025-05-31,7961000000,7961,USD,USD millions,us-gaap,LongTermDebtNoncurrent,10-K,2025-07-17,0000320187-25-000047,https://www.sec.gov/Archives/edgar/data/320187/000032018725000047/nke-20250531.htm,https://data.sec.gov/api/xbrl/companyfacts/CIK0000320187.json,2026-09-07T06:55:02.100621+00:00,candidate_not_selected,Comparable candidates agree; selected the latest highest-priority presentation that is visible in SEC face-statement evidence.,reported,originally_reported,"USD divided by 1,000,000.",balance_sheet,instant,2025,FY,,1,https://www.sec.gov/Archives/edgar/data/320187/000032018725000047/R5.htm,2026-09-07T07:04:00.039217+00:00,c6da536585ba0585fa58bfd979a8a39a3d3e586817cc2605347183e9572de03a,Long-term debt,7961,verified,Company Facts value agrees with the SEC-rendered face statement within its displayed precision.,,,,,,54abad8b001c9e08bb81b83c12f30e36867f6462a12e040cc329e94d46e6fc5c
noncurrent_long_term_debt,FY2025,,2025-05-31,7961000000,7961,USD,USD millions,us-gaap,LongTermDebtNoncurrent,10-K,2026-07-15,0000320187-26-000088,https://www.sec.gov/Archives/edgar/data/320187/000032018726000088/nke-20260531.htm,https://data.sec.gov/api/xbrl/companyfacts/CIK0000320187.json,2026-09-07T06:55:02.100621+00:00,selected,Comparable candidates agree; selected the latest highest-priority presentation that is visible in SEC face-statement evidence.,reported,later_comparative,"USD divided by 1,000,000.",balance_sheet,instant,2026,FY,CY2025Q2I,1,https://www.sec.gov/Archives/edgar/data/320187/000032018726000088/R5.htm,2026-09-07T07:04:01.875516+00:00,17da187b9139e66f453a366babf2fabf9880fa6678a17713a6daf718b375c14d,Long-term debt,7961,verified,Company Facts value agrees with the SEC-rendered face statement within its displayed precision.,,,,,,54abad8b001c9e08bb81b83c12f30e36867f6462a12e040cc329e94d46e6fc5c
current_operating_lease_liabilities,FY2025,,2025-05-31,502000000,502,USD,USD millions,us-gaap,OperatingLeaseLiabilityCurrent,10-K,2025-07-17,0000320187-25-000047,https://www.sec.gov/Archives/edgar/data/320187/000032018725000047/nke-20250531.htm,https://data.sec.gov/api/xbrl/companyfacts/CIK0000320187.json,2026-09-07T06:55:02.100621+00:00,candidate_not_selected,Comparable candidates agree; selected the latest highest-priority presentation that is visible in SEC face-statement evidence.,reported,originally_reported,"USD divided by 1,000,000.",balance_sheet,instant,2025,FY,,1,https://www.sec.gov/Archives/edgar/data/320187/000032018725000047/R5.htm,2026-09-07T07:04:00.039217+00:00,c6da536585ba0585fa58bfd979a8a39a3d3e586817cc2605347183e9572de03a,Current portion of operating lease liabilities,502,verified,Company Facts value agrees with the SEC-rendered face statement within its displayed precision.,,,,,,54abad8b001c9e08bb81b83c12f30e36867f6462a12e040cc329e94d46e6fc5c
current_operating_lease_liabilities,FY2025,,2025-05-31,502000000,502,USD,USD millions,us-gaap,OperatingLeaseLiabilityCurrent,10-K,2026-07-15,0000320187-26-000088,https://www.sec.gov/Archives/edgar/data/320187/000032018726000088/nke-20260531.htm,https://data.sec.gov/api/xbrl/companyfacts/CIK0000320187.json,2026-09-07T06:55:02.100621+00:00,selected,Comparable candidates agree; selected the latest highest-priority presentation that is visible in SEC face-statement evidence.,reported,later_comparative,"USD divided by 1,000,000.",balance_sheet,instant,2026,FY,CY2025Q2I,1,https://www.sec.gov/Archives/edgar/data/320187/000032018726000088/R5.htm,2026-09-07T07:04:01.875516+00:00,17da187b9139e66f453a366babf2fabf9880fa6678a17713a6daf718b375c14d,Current portion of operating lease liabilities,502,verified,Company Facts value agrees with the SEC-rendered face statement within its displayed precision.,,,,,,54abad8b001c9e08bb81b83c12f30e36867f6462a12e040cc329e94d46e6fc5c
noncurrent_operating_lease_liabilities,FY2025,,2025-05-31,2550000000,2550,USD,USD millions,us-gaap,OperatingLeaseLiabilityNoncurrent,10-K,2025-07-17,0000320187-25-000047,https://www.sec.gov/Archives/edgar/data/320187/000032018725000047/nke-20250531.htm,https://data.sec.gov/api/xbrl/companyfacts/CIK0000320187.json,2026-09-07T06:55:02.100621+00:00,candidate_not_selected,Comparable candidates agree; selected the latest highest-priority presentation that is visible in SEC face-statement evidence.,reported,originally_reported,"USD divided by 1,000,000.",balance_sheet,instant,2025,FY,,1,https://www.sec.gov/Archives/edgar/data/320187/000032018725000047/R5.htm,2026-09-07T07:04:00.039217+00:00,c6da536585ba0585fa58bfd979a8a39a3d3e586817cc2605347183e9572de03a,Operating lease liabilities,2550,verified,Company Facts value agrees with the SEC-rendered face statement within its displayed precision.,,,,,,54abad8b001c9e08bb81b83c12f30e36867f6462a12e040cc329e94d46e6fc5c
noncurrent_operating_lease_liabilities,FY2025,,2025-05-31,2550000000,2550,USD,USD millions,us-gaap,OperatingLeaseLiabilityNoncurrent,10-K,2026-07-15,0000320187-26-000088,https://www.sec.gov/Archives/edgar/data/320187/000032018726000088/nke-20260531.htm,https://data.sec.gov/api/xbrl/companyfacts/CIK0000320187.json,2026-09-07T06:55:02.100621+00:00,selected,Comparable candidates agree; selected the latest highest-priority presentation that is visible in SEC face-statement evidence.,reported,later_comparative,"USD divided by 1,000,000.",balance_sheet,instant,2026,FY,CY2025Q2I,1,https://www.sec.gov/Archives/edgar/data/320187/000032018726000088/R5.htm,2026-09-07T07:04:01.875516+00:00,17da187b9139e66f453a366babf2fabf9880fa6678a17713a6daf718b375c14d,Operating lease liabilities,2550,verified,Company Facts value agrees with the SEC-rendered face statement within its displayed precision.,,,,,,54abad8b001c9e08bb81b83c12f30e36867f6462a12e040cc329e94d46e6fc5c
shareholders_equity,FY2025,,2025-05-31,13213000000,13213,USD,USD millions,us-gaap,StockholdersEquity,10-K,2025-07-17,0000320187-25-000047,https://www.sec.gov/Archives/edgar/data/320187/000032018725000047/nke-20250531.htm,https://data.sec.gov/api/xbrl/companyfacts/CIK0000320187.json,2026-09-07T06:55:02.100621+00:00,candidate_not_selected,Comparable candidates agree; selected the latest highest-priority presentation that is visible in SEC face-statement evidence.,reported,originally_reported,"USD divided by 1,000,000.",balance_sheet,instant,2025,FY,,1,https://www.sec.gov/Archives/edgar/data/320187/000032018725000047/R5.htm,2026-09-07T07:04:00.039217+00:00,c6da536585ba0585fa58bfd979a8a39a3d3e586817cc2605347183e9572de03a,Total shareholders' equity,13213,verified,Company Facts value agrees with the SEC-rendered face statement within its displayed precision.,,,,,,54abad8b001c9e08bb81b83c12f30e36867f6462a12e040cc329e94d46e6fc5c
shareholders_equity,FY2025,,2025-05-31,13213000000,13213,USD,USD millions,us-gaap,StockholdersEquity,10-K,2026-07-15,0000320187-26-000088,https://www.sec.gov/Archives/edgar/data/320187/000032018726000088/nke-20260531.htm,https://data.sec.gov/api/xbrl/companyfacts/CIK0000320187.json,2026-09-07T06:55:02.100621+00:00,selected,Comparable candidates agree; selected the latest highest-priority presentation that is visible in SEC face-statement evidence.,reported,later_comparative,"USD divided by 1,000,000.",balance_sheet,instant,2026,FY,CY2025Q2I,1,https://www.sec.gov/Archives/edgar/data/320187/000032018726000088/R5.htm,2026-09-07T07:04:01.875516+00:00,17da187b9139e66f453a366babf2fabf9880fa6678a17713a6daf718b375c14d,Total shareholders' equity,13213,verified,Company Facts value agrees with the SEC-rendered face statement within its displayed precision.,,,,,,54abad8b001c9e08bb81b83c12f30e36867f6462a12e040cc329e94d46e6fc5c
operating_cash_flow,FY2025,2024-06-01,2025-05-31,3698000000,3698,USD,USD millions,us-gaap,NetCashProvidedByUsedInOperatingActivities,10-K,2025-07-17,0000320187-25-000047,https://www.sec.gov/Archives/edgar/data/320187/000032018725000047/nke-20250531.htm,https://data.sec.gov/api/xbrl/companyfacts/CIK0000320187.json,2026-09-07T06:55:02.100621+00:00,candidate_not_selected,Comparable candidates agree; selected the latest highest-priority presentation that is visible in SEC face-statement evidence.,reported,originally_reported,"USD divided by 1,000,000.",cash_flow_statement,duration,2025,FY,,1,https://www.sec.gov/Archives/edgar/data/320187/000032018725000047/R7.htm,2026-09-07T07:04:00.692658+00:00,2aacfb922bd770045d879e195efc21ae5245e6387870c485e52798aa51cc7f8f,Cash provided (used) by operations,3698,verified,Company Facts value agrees with the SEC-rendered face statement within its displayed precision.,,,,,,54abad8b001c9e08bb81b83c12f30e36867f6462a12e040cc329e94d46e6fc5c
operating_cash_flow,FY2025,2024-06-01,2025-05-31,3698000000,3698,USD,USD millions,us-gaap,NetCashProvidedByUsedInOperatingActivities,10-K,2026-07-15,0000320187-26-000088,https://www.sec.gov/Archives/edgar/data/320187/000032018726000088/nke-20260531.htm,https://data.sec.gov/api/xbrl/companyfacts/CIK0000320187.json,2026-09-07T06:55:02.100621+00:00,selected,Comparable candidates agree; selected the latest highest-priority presentation that is visible in SEC face-statement evidence.,reported,later_comparative,"USD divided by 1,000,000.",cash_flow_statement,duration,2026,FY,CY2024,1,https://www.sec.gov/Archives/edgar/data/320187/000032018726000088/R7.htm,2026-09-07T07:04:02.457933+00:00,1ac2f1df0e5b85a9c405cb213e9194672d18431a45e3399a11479768c74192ae,Cash provided (used) by operations,3698,verified,Company Facts value agrees with the SEC-rendered face statement within its displayed precision.,,,,,,54abad8b001c9e08bb81b83c12f30e36867f6462a12e040cc329e94d46e6fc5c
capital_expenditures,FY2025,2024-06-01,2025-05-31,430000000,430,USD,USD millions,us-gaap,PaymentsToAcquirePropertyPlantAndEquipment,10-K,2025-07-17,0000320187-25-000047,https://www.sec.gov/Archives/edgar/data/320187/000032018725000047/nke-20250531.htm,https://data.sec.gov/api/xbrl/companyfacts/CIK0000320187.json,2026-09-07T06:55:02.100621+00:00,candidate_not_selected,Comparable candidates agree; selected the latest highest-priority presentation that is visible in SEC face-statement evidence.,reported,originally_reported,"USD divided by 1,000,000. Absolute value retained as a positive investment amount.",cash_flow_statement,duration,2025,FY,,1,https://www.sec.gov/Archives/edgar/data/320187/000032018725000047/R7.htm,2026-09-07T07:04:00.692658+00:00,2aacfb922bd770045d879e195efc21ae5245e6387870c485e52798aa51cc7f8f,"Additions to property, plant and equipment",-430,verified,Company Facts value agrees with the SEC-rendered face statement within its displayed precision.,,,,,,54abad8b001c9e08bb81b83c12f30e36867f6462a12e040cc329e94d46e6fc5c
capital_expenditures,FY2025,2024-06-01,2025-05-31,430000000,430,USD,USD millions,us-gaap,PaymentsToAcquirePropertyPlantAndEquipment,10-K,2026-07-15,0000320187-26-000088,https://www.sec.gov/Archives/edgar/data/320187/000032018726000088/nke-20260531.htm,https://data.sec.gov/api/xbrl/companyfacts/CIK0000320187.json,2026-09-07T06:55:02.100621+00:00,selected,Comparable candidates agree; selected the latest highest-priority presentation that is visible in SEC face-statement evidence.,reported,later_comparative,"USD divided by 1,000,000. Absolute value retained as a positive investment amount.",cash_flow_statement,duration,2026,FY,CY2024,1,https://www.sec.gov/Archives/edgar/data/320187/000032018726000088/R7.htm,2026-09-07T07:04:02.457933+00:00,1ac2f1df0e5b85a9c405cb213e9194672d18431a45e3399a11479768c74192ae,"Additions to property, plant and equipment",-430,verified,Company Facts value agrees with the SEC-rendered face statement within its displayed precision.,,,,,,54abad8b001c9e08bb81b83c12f30e36867f6462a12e040cc329e94d46e6fc5c
depreciation_and_amortization,FY2025,2024-06-01,2025-05-31,775000000,775,USD,USD millions,us-gaap,DepreciationDepletionAndAmortization,10-K,2025-07-17,0000320187-25-000047,https://www.sec.gov/Archives/edgar/data/320187/000032018725000047/nke-20250531.htm,https://data.sec.gov/api/xbrl/companyfacts/CIK0000320187.json,2026-09-07T06:55:02.100621+00:00,candidate_not_selected,Comparable candidates agree; selected the latest highest-priority presentation that is visible in SEC face-statement evidence.,reported,originally_reported,"USD divided by 1,000,000.",cash_flow_statement,duration,2025,FY,,1,https://www.sec.gov/Archives/edgar/data/320187/000032018725000047/R7.htm,2026-09-07T07:04:00.692658+00:00,2aacfb922bd770045d879e195efc21ae5245e6387870c485e52798aa51cc7f8f,Depreciation and amortization,775,verified,Company Facts value agrees with the SEC-rendered face statement within its displayed precision.,,,,,,54abad8b001c9e08bb81b83c12f30e36867f6462a12e040cc329e94d46e6fc5c
depreciation_and_amortization,FY2025,2024-06-01,2025-05-31,775000000,775,USD,USD millions,us-gaap,DepreciationDepletionAndAmortization,10-K,2026-07-15,0000320187-26-000088,https://www.sec.gov/Archives/edgar/data/320187/000032018726000088/nke-20260531.htm,https://data.sec.gov/api/xbrl/companyfacts/CIK0000320187.json,2026-09-07T06:55:02.100621+00:00,selected,Comparable candidates agree; selected the latest highest-priority presentation that is visible in SEC face-statement evidence.,reported,later_comparative,"USD divided by 1,000,000.",cash_flow_statement,duration,2026,FY,CY2024,1,https://www.sec.gov/Archives/edgar/data/320187/000032018726000088/R7.htm,2026-09-07T07:04:02.457933+00:00,1ac2f1df0e5b85a9c405cb213e9194672d18431a45e3399a11479768c74192ae,Depreciation and amortization,775,verified,Company Facts value agrees with the SEC-rendered face statement within its displayed precision.,,,,,,54abad8b001c9e08bb81b83c12f30e36867f6462a12e040cc329e94d46e6fc5c
derived_operating_income,FY2025,2024-06-01,2025-05-31,,3702,,USD millions,,,,,,,https://data.sec.gov/api/xbrl/companyfacts/CIK0000320187.json,2026-09-07T06:55:02.100621+00:00,calculated,Calculated from validated inputs.,calculated,calculated,gross_profit - total_selling_and_administrative_expense,calculated,duration,,,,,https://www.sec.gov/Archives/edgar/data/320187/000032018726000088/R3.htm,2026-09-07T07:04:01.247348+00:00,367a4751ed4b2824009f7400dc3c03c4d09d1a4af0fd64d9d12c87a4abda7516,Income before taxes adjusted for signed interest and other non-operating income or expense,3702,verified_cross_check,"The independent pretax bridge equals derived operating income. This is a consolidated calculation, not segment EBIT.",,,,,,54abad8b001c9e08bb81b83c12f30e36867f6462a12e040cc329e94d46e6fc5c
gross_margin,FY2025,2024-06-01,2025-05-31,,0.427347,,decimal,,,,,,,https://data.sec.gov/api/xbrl/companyfacts/CIK0000320187.json,2026-09-07T06:55:02.100621+00:00,calculated,Calculated from validated inputs.,calculated,calculated,gross_profit / revenue,calculated,duration,,,,,,,,,,not_applicable,Calculated from selected inputs only.,,,,,,54abad8b001c9e08bb81b83c12f30e36867f6462a12e040cc329e94d46e6fc5c
operating_margin,FY2025,2024-06-01,2025-05-31,,0.079941,,decimal,,,,,,,https://data.sec.gov/api/xbrl/companyfacts/CIK0000320187.json,2026-09-07T06:55:02.100621+00:00,calculated,Calculated from validated inputs.,calculated,calculated,derived_operating_income / revenue,calculated,duration,,,,,,,,,,not_applicable,Calculated from selected inputs only.,,,,,,54abad8b001c9e08bb81b83c12f30e36867f6462a12e040cc329e94d46e6fc5c
net_margin,FY2025,2024-06-01,2025-05-31,,0.069511,,decimal,,,,,,,https://data.sec.gov/api/xbrl/companyfacts/CIK0000320187.json,2026-09-07T06:55:02.100621+00:00,calculated,Calculated from validated inputs.,calculated,calculated,net_income / revenue,calculated,duration,,,,,,,,,,not_applicable,Calculated from selected inputs only.,,,,,,54abad8b001c9e08bb81b83c12f30e36867f6462a12e040cc329e94d46e6fc5c
operating_cash_flow_margin,FY2025,2024-06-01,2025-05-31,,0.079855,,decimal,,,,,,,https://data.sec.gov/api/xbrl/companyfacts/CIK0000320187.json,2026-09-07T06:55:02.100621+00:00,calculated,Calculated from validated inputs.,calculated,calculated,operating_cash_flow / revenue,calculated,duration,,,,,,,,,,not_applicable,Calculated from selected inputs only.,,,,,,54abad8b001c9e08bb81b83c12f30e36867f6462a12e040cc329e94d46e6fc5c
free_cash_flow,FY2025,2024-06-01,2025-05-31,,3268,,USD millions,,,,,,,https://data.sec.gov/api/xbrl/companyfacts/CIK0000320187.json,2026-09-07T06:55:02.100621+00:00,calculated,Calculated from validated inputs.,calculated,calculated,operating_cash_flow - capital_expenditures,calculated,duration,,,,,,,,,,not_applicable,Calculated from selected inputs only.,,,,,,54abad8b001c9e08bb81b83c12f30e36867f6462a12e040cc329e94d46e6fc5c
free_cash_flow_margin,FY2025,2024-06-01,2025-05-31,,0.070569,,decimal,,,,,,,https://data.sec.gov/api/xbrl/companyfacts/CIK0000320187.json,2026-09-07T06:55:02.100621+00:00,calculated,Calculated from validated inputs.,calculated,calculated,free_cash_flow / revenue,calculated,duration,,,,,,,,,,not_applicable,Calculated from selected inputs only.,,,,,,54abad8b001c9e08bb81b83c12f30e36867f6462a12e040cc329e94d46e6fc5c
cash_conversion,FY2025,2024-06-01,2025-05-31,,1.148804,,decimal,,,,,,,https://data.sec.gov/api/xbrl/companyfacts/CIK0000320187.json,2026-09-07T06:55:02.100621+00:00,calculated,Calculated from validated inputs.,calculated,calculated,operating_cash_flow / net_income,calculated,duration,,,,,,,,,,not_applicable,Calculated from selected inputs only.,,,,,,54abad8b001c9e08bb81b83c12f30e36867f6462a12e040cc329e94d46e6fc5c
total_interest_bearing_debt,FY2025,2024-06-01,2025-05-31,,7966,,USD millions,,,,,,,https://data.sec.gov/api/xbrl/companyfacts/CIK0000320187.json,2026-09-07T06:55:02.100621+00:00,calculated,Calculated from validated inputs.,calculated,calculated,notes_payable_and_short_term_borrowings + current_portion_long_term_debt + noncurrent_long_term_debt,calculated,duration,,,,,,,,,,not_applicable,Calculated from the three validated interest-bearing debt components; operating lease liabilities are excluded.,https://www.sec.gov/Archives/edgar/data/320187/000032018725000047/R53.htm,2026-09-07T07:37:49.629998+00:00,ae366621410443934ca526df9e74f75aeb7c24a34557305e742b26647037a618,Note 5 - Notes payable,Detail confirms $5 million of notes payable and zero line-of-credit borrowings.,54abad8b001c9e08bb81b83c12f30e36867f6462a12e040cc329e94d46e6fc5c
total_operating_lease_liabilities,FY2025,2024-06-01,2025-05-31,,3052,,USD millions,,,,,,,https://data.sec.gov/api/xbrl/companyfacts/CIK0000320187.json,2026-09-07T06:55:02.100621+00:00,calculated,Calculated from validated inputs.,calculated,calculated,current_operating_lease_liabilities + noncurrent_operating_lease_liabilities,calculated,duration,,,,,,,,,,not_applicable,Calculated from current and noncurrent operating lease liabilities and excluded from base interest-bearing debt.,,,,,,54abad8b001c9e08bb81b83c12f30e36867f6462a12e040cc329e94d46e6fc5c
revenue_growth,FY2025,2024-06-01,2025-05-31,,-0.09838,,decimal,,,,,,,https://data.sec.gov/api/xbrl/companyfacts/CIK0000320187.json,2026-09-07T06:55:02.100621+00:00,calculated,Calculated from validated inputs.,calculated,calculated,(revenue_t / revenue_t_minus_1) - 1,calculated,duration,,,,,,,,,,not_applicable,Calculated from selected inputs only.,,,,,,54abad8b001c9e08bb81b83c12f30e36867f6462a12e040cc329e94d46e6fc5c
revenue_cagr_five_observations,FY2025,2024-06-01,2025-05-31,,,,decimal,,,,,,,https://data.sec.gov/api/xbrl/companyfacts/CIK0000320187.json,2026-09-07T06:55:02.100621+00:00,not_applicable,The five-observation CAGR is displayed only on the final fiscal year.,calculated,calculated,(revenue_FY2026 / revenue_FY2022)^(1/4) - 1,calculated,duration,,,,,,,,,,not_applicable,Calculated from selected inputs only.,,,,,,54abad8b001c9e08bb81b83c12f30e36867f6462a12e040cc329e94d46e6fc5c
revenue,FY2026,2025-06-01,2026-05-31,46398000000,46398,USD,USD millions,us-gaap,RevenueFromContractWithCustomerExcludingAssessedTax,10-K,2026-07-15,0000320187-26-000088,https://www.sec.gov/Archives/edgar/data/320187/000032018726000088/nke-20260531.htm,https://data.sec.gov/api/xbrl/companyfacts/CIK0000320187.json,2026-09-07T06:55:02.100621+00:00,selected,Comparable candidates agree; selected the latest highest-priority presentation that is visible in SEC face-statement evidence.,reported,originally_reported,"USD divided by 1,000,000.",income_statement,duration,2026,FY,CY2025,1,https://www.sec.gov/Archives/edgar/data/320187/000032018726000088/R3.htm,2026-09-07T07:04:01.247348+00:00,367a4751ed4b2824009f7400dc3c03c4d09d1a4af0fd64d9d12c87a4abda7516,Revenues,46398,verified,Company Facts value agrees with the SEC-rendered face statement within its displayed precision.,,,,,,54abad8b001c9e08bb81b83c12f30e36867f6462a12e040cc329e94d46e6fc5c
cost_of_revenue,FY2026,2025-06-01,2026-05-31,26487000000,26487,USD,USD millions,us-gaap,CostOfGoodsAndServicesSold,10-K,2026-07-15,0000320187-26-000088,https://www.sec.gov/Archives/edgar/data/320187/000032018726000088/nke-20260531.htm,https://data.sec.gov/api/xbrl/companyfacts/CIK0000320187.json,2026-09-07T06:55:02.100621+00:00,selected,Comparable candidates agree; selected the latest highest-priority presentation that is visible in SEC face-statement evidence.,reported,originally_reported,"USD divided by 1,000,000.",income_statement,duration,2026,FY,CY2025,2,https://www.sec.gov/Archives/edgar/data/320187/000032018726000088/R3.htm,2026-09-07T07:04:01.247348+00:00,367a4751ed4b2824009f7400dc3c03c4d09d1a4af0fd64d9d12c87a4abda7516,Cost of sales,26487,verified,Company Facts value agrees with the SEC-rendered face statement within its displayed precision.,,,,,,54abad8b001c9e08bb81b83c12f30e36867f6462a12e040cc329e94d46e6fc5c
gross_profit,FY2026,2025-06-01,2026-05-31,19911000000,19911,USD,USD millions,us-gaap,GrossProfit,10-K,2026-07-15,0000320187-26-000088,https://www.sec.gov/Archives/edgar/data/320187/000032018726000088/nke-20260531.htm,https://data.sec.gov/api/xbrl/companyfacts/CIK0000320187.json,2026-09-07T06:55:02.100621+00:00,selected,Comparable candidates agree; selected the latest highest-priority presentation that is visible in SEC face-statement evidence.,reported,originally_reported,"USD divided by 1,000,000.",income_statement,duration,2026,FY,CY2025,1,https://www.sec.gov/Archives/edgar/data/320187/000032018726000088/R3.htm,2026-09-07T07:04:01.247348+00:00,367a4751ed4b2824009f7400dc3c03c4d09d1a4af0fd64d9d12c87a4abda7516,Gross profit,19911,verified,Company Facts value agrees with the SEC-rendered face statement within its displayed precision.,,,,,,54abad8b001c9e08bb81b83c12f30e36867f6462a12e040cc329e94d46e6fc5c
total_selling_and_administrative_expense,FY2026,2025-06-01,2026-05-31,16114000000,16114,USD,USD millions,us-gaap,SellingGeneralAndAdministrativeExpense,10-K,2026-07-15,0000320187-26-000088,https://www.sec.gov/Archives/edgar/data/320187/000032018726000088/nke-20260531.htm,https://data.sec.gov/api/xbrl/companyfacts/CIK0000320187.json,2026-09-07T06:55:02.100621+00:00,selected,Comparable candidates agree; selected the latest highest-priority presentation that is visible in SEC face-statement evidence.,reported,originally_reported,"USD divided by 1,000,000.",income_statement,duration,2026,FY,CY2025,1,https://www.sec.gov/Archives/edgar/data/320187/000032018726000088/R3.htm,2026-09-07T07:04:01.247348+00:00,367a4751ed4b2824009f7400dc3c03c4d09d1a4af0fd64d9d12c87a4abda7516,Total selling and administrative expense,16114,verified,Company Facts value agrees with the SEC-rendered face statement within its displayed precision.,,,,,,54abad8b001c9e08bb81b83c12f30e36867f6462a12e040cc329e94d46e6fc5c
income_before_income_taxes,FY2026,2025-06-01,2026-05-31,3900000000,3900,USD,USD millions,us-gaap,IncomeLossFromContinuingOperationsBeforeIncomeTaxesExtraordinaryItemsNoncontrollingInterest,10-K,2026-07-15,0000320187-26-000088,https://www.sec.gov/Archives/edgar/data/320187/000032018726000088/nke-20260531.htm,https://data.sec.gov/api/xbrl/companyfacts/CIK0000320187.json,2026-09-07T06:55:02.100621+00:00,selected,Comparable candidates agree; selected the latest highest-priority presentation that is visible in SEC face-statement evidence.,reported,originally_reported,"USD divided by 1,000,000.",income_statement,duration,2026,FY,CY2025,1,https://www.sec.gov/Archives/edgar/data/320187/000032018726000088/R3.htm,2026-09-07T07:04:01.247348+00:00,367a4751ed4b2824009f7400dc3c03c4d09d1a4af0fd64d9d12c87a4abda7516,Income before income taxes,3900,verified,Company Facts value agrees with the SEC-rendered face statement within its displayed precision.,,,,,,54abad8b001c9e08bb81b83c12f30e36867f6462a12e040cc329e94d46e6fc5c
interest_income_expense_nonoperating_net,FY2026,2025-06-01,2026-05-31,50000000,50,USD,USD millions,us-gaap,InterestIncomeExpenseNonoperatingNet,10-K,2026-07-15,0000320187-26-000088,https://www.sec.gov/Archives/edgar/data/320187/000032018726000088/nke-20260531.htm,https://data.sec.gov/api/xbrl/companyfacts/CIK0000320187.json,2026-09-07T06:55:02.100621+00:00,selected,Comparable candidates agree; selected the latest highest-priority presentation that is visible in SEC face-statement evidence.,reported,originally_reported,"USD divided by 1,000,000. Positive normalized values represent income and negative values represent expense; the face-statement expense label uses the opposite sign.",income_statement,duration,2026,FY,CY2025,1,https://www.sec.gov/Archives/edgar/data/320187/000032018726000088/R3.htm,2026-09-07T07:04:01.247348+00:00,367a4751ed4b2824009f7400dc3c03c4d09d1a4af0fd64d9d12c87a4abda7516,"Interest (income) expense, net",-50,verified,Company Facts value agrees with the SEC-rendered face statement within its displayed precision.,,,,,,54abad8b001c9e08bb81b83c12f30e36867f6462a12e040cc329e94d46e6fc5c
other_nonoperating_income_expense,FY2026,2025-06-01,2026-05-31,53000000,53,USD,USD millions,us-gaap,OtherNonoperatingIncomeExpense,10-K,2026-07-15,0000320187-26-000088,https://www.sec.gov/Archives/edgar/data/320187/000032018726000088/nke-20260531.htm,https://data.sec.gov/api/xbrl/companyfacts/CIK0000320187.json,2026-09-07T06:55:02.100621+00:00,selected,Comparable candidates agree; selected the latest highest-priority presentation that is visible in SEC face-statement evidence.,reported,originally_reported,"USD divided by 1,000,000. Positive normalized values represent income and negative values represent expense; the face-statement expense label uses the opposite sign.",income_statement,duration,2026,FY,CY2025,1,https://www.sec.gov/Archives/edgar/data/320187/000032018726000088/R3.htm,2026-09-07T07:04:01.247348+00:00,367a4751ed4b2824009f7400dc3c03c4d09d1a4af0fd64d9d12c87a4abda7516,"Other (income) expense, net",-53,verified,Company Facts value agrees with the SEC-rendered face statement within its displayed precision.,,,,,,54abad8b001c9e08bb81b83c12f30e36867f6462a12e040cc329e94d46e6fc5c
net_income,FY2026,2025-06-01,2026-05-31,3108000000,3108,USD,USD millions,us-gaap,NetIncomeLoss,10-K,2026-07-15,0000320187-26-000088,https://www.sec.gov/Archives/edgar/data/320187/000032018726000088/nke-20260531.htm,https://data.sec.gov/api/xbrl/companyfacts/CIK0000320187.json,2026-09-07T06:55:02.100621+00:00,selected,Comparable candidates agree; selected the latest highest-priority presentation that is visible in SEC face-statement evidence.,reported,originally_reported,"USD divided by 1,000,000.",income_statement,duration,2026,FY,,1,https://www.sec.gov/Archives/edgar/data/320187/000032018726000088/R3.htm,2026-09-07T07:04:01.247348+00:00,367a4751ed4b2824009f7400dc3c03c4d09d1a4af0fd64d9d12c87a4abda7516,NET INCOME,3108,verified,Company Facts value agrees with the SEC-rendered face statement within its displayed precision.,,,,,,54abad8b001c9e08bb81b83c12f30e36867f6462a12e040cc329e94d46e6fc5c
diluted_eps,FY2026,2025-06-01,2026-05-31,2.1,2.1,USD/shares,USD per share,us-gaap,EarningsPerShareDiluted,10-K,2026-07-15,0000320187-26-000088,https://www.sec.gov/Archives/edgar/data/320187/000032018726000088/nke-20260531.htm,https://data.sec.gov/api/xbrl/companyfacts/CIK0000320187.json,2026-09-07T06:55:02.100621+00:00,selected,Comparable candidates agree; selected the latest highest-priority presentation that is visible in SEC face-statement evidence.,reported,originally_reported,Per-share value retained without scaling.,income_statement,duration,2026,FY,CY2025,1,https://www.sec.gov/Archives/edgar/data/320187/000032018726000088/R3.htm,2026-09-07T07:04:01.247348+00:00,367a4751ed4b2824009f7400dc3c03c4d09d1a4af0fd64d9d12c87a4abda7516,Diluted (in dollars per share),2.1,verified,Company Facts value agrees with the SEC-rendered face statement within its displayed precision.,,,,,,54abad8b001c9e08bb81b83c12f30e36867f6462a12e040cc329e94d46e6fc5c
diluted_weighted_average_shares,FY2026,2025-06-01,2026-05-31,1481000000,1481,shares,shares millions,us-gaap,WeightedAverageNumberOfDilutedSharesOutstanding,10-K,2026-07-15,0000320187-26-000088,https://www.sec.gov/Archives/edgar/data/320187/000032018726000088/nke-20260531.htm,https://data.sec.gov/api/xbrl/companyfacts/CIK0000320187.json,2026-09-07T06:55:02.100621+00:00,selected,Comparable candidates agree; selected the latest highest-priority presentation that is visible in SEC face-statement evidence.,reported,originally_reported,"shares divided by 1,000,000.",income_statement,duration,2026,FY,CY2025,1,https://www.sec.gov/Archives/edgar/data/320187/000032018726000088/R3.htm,2026-09-07T07:04:01.247348+00:00,367a4751ed4b2824009f7400dc3c03c4d09d1a4af0fd64d9d12c87a4abda7516,Diluted (in shares),1481,verified,Company Facts value agrees with the SEC-rendered face statement within its displayed precision.,,,,,,54abad8b001c9e08bb81b83c12f30e36867f6462a12e040cc329e94d46e6fc5c
cash_and_cash_equivalents,FY2026,,2026-05-31,7563000000,7563,USD,USD millions,us-gaap,CashAndCashEquivalentsAtCarryingValue,10-K,2026-07-15,0000320187-26-000088,https://www.sec.gov/Archives/edgar/data/320187/000032018726000088/nke-20260531.htm,https://data.sec.gov/api/xbrl/companyfacts/CIK0000320187.json,2026-09-07T06:55:02.100621+00:00,selected,Comparable candidates agree; selected the latest highest-priority presentation that is visible in SEC face-statement evidence.,reported,originally_reported,"USD divided by 1,000,000.",balance_sheet,instant,2026,FY,CY2026Q2I,1,https://www.sec.gov/Archives/edgar/data/320187/000032018726000088/R5.htm,2026-09-07T07:04:01.875516+00:00,17da187b9139e66f453a366babf2fabf9880fa6678a17713a6daf718b375c14d,Cash and equivalents,7563,verified,Company Facts value agrees with the SEC-rendered face statement within its displayed precision.,,,,,,54abad8b001c9e08bb81b83c12f30e36867f6462a12e040cc329e94d46e6fc5c
short_term_investments,FY2026,,2026-05-31,1464000000,1464,USD,USD millions,us-gaap,DebtSecuritiesAvailableForSaleExcludingAccruedInterestCurrent,10-K,2026-07-15,0000320187-26-000088,https://www.sec.gov/Archives/edgar/data/320187/000032018726000088/nke-20260531.htm,https://data.sec.gov/api/xbrl/companyfacts/CIK0000320187.json,2026-09-07T06:55:02.100621+00:00,selected,Comparable candidates agree; selected the latest highest-priority presentation that is visible in SEC face-statement evidence.,reported,originally_reported,"USD divided by 1,000,000.",balance_sheet,instant,2026,FY,CY2026Q2I,1,https://www.sec.gov/Archives/edgar/data/320187/000032018726000088/R5.htm,2026-09-07T07:04:01.875516+00:00,17da187b9139e66f453a366babf2fabf9880fa6678a17713a6daf718b375c14d,Short-term investments,1464,verified,Company Facts value agrees with the SEC-rendered face statement within its displayed precision.,,,,,,54abad8b001c9e08bb81b83c12f30e36867f6462a12e040cc329e94d46e6fc5c
accounts_receivable,FY2026,,2026-05-31,5931000000,5931,USD,USD millions,us-gaap,AccountsReceivableNetCurrent,10-K,2026-07-15,0000320187-26-000088,https://www.sec.gov/Archives/edgar/data/320187/000032018726000088/nke-20260531.htm,https://data.sec.gov/api/xbrl/companyfacts/CIK0000320187.json,2026-09-07T06:55:02.100621+00:00,selected,Comparable candidates agree; selected the latest highest-priority presentation that is visible in SEC face-statement evidence.,reported,originally_reported,"USD divided by 1,000,000.",balance_sheet,instant,2026,FY,CY2026Q2I,1,https://www.sec.gov/Archives/edgar/data/320187/000032018726000088/R5.htm,2026-09-07T07:04:01.875516+00:00,17da187b9139e66f453a366babf2fabf9880fa6678a17713a6daf718b375c14d,"Accounts receivable, net",5931,verified,Company Facts value agrees with the SEC-rendered face statement within its displayed precision.,,,,,,54abad8b001c9e08bb81b83c12f30e36867f6462a12e040cc329e94d46e6fc5c
inventory,FY2026,,2026-05-31,7501000000,7501,USD,USD millions,us-gaap,InventoryFinishedGoodsNetOfReserves,10-K,2026-07-15,0000320187-26-000088,https://www.sec.gov/Archives/edgar/data/320187/000032018726000088/nke-20260531.htm,https://data.sec.gov/api/xbrl/companyfacts/CIK0000320187.json,2026-09-07T06:55:02.100621+00:00,selected,Comparable candidates agree; selected the latest highest-priority presentation that is visible in SEC face-statement evidence.,reported,originally_reported,"USD divided by 1,000,000.",balance_sheet,instant,2026,FY,CY2026Q2I,1,https://www.sec.gov/Archives/edgar/data/320187/000032018726000088/R5.htm,2026-09-07T07:04:01.875516+00:00,17da187b9139e66f453a366babf2fabf9880fa6678a17713a6daf718b375c14d,Inventories,7501,verified,Company Facts value agrees with the SEC-rendered face statement within its displayed precision.,,,,,,54abad8b001c9e08bb81b83c12f30e36867f6462a12e040cc329e94d46e6fc5c
current_assets,FY2026,,2026-05-31,24603000000,24603,USD,USD millions,us-gaap,AssetsCurrent,10-K,2026-07-15,0000320187-26-000088,https://www.sec.gov/Archives/edgar/data/320187/000032018726000088/nke-20260531.htm,https://data.sec.gov/api/xbrl/companyfacts/CIK0000320187.json,2026-09-07T06:55:02.100621+00:00,selected,Comparable candidates agree; selected the latest highest-priority presentation that is visible in SEC face-statement evidence.,reported,originally_reported,"USD divided by 1,000,000.",balance_sheet,instant,2026,FY,CY2026Q2I,1,https://www.sec.gov/Archives/edgar/data/320187/000032018726000088/R5.htm,2026-09-07T07:04:01.875516+00:00,17da187b9139e66f453a366babf2fabf9880fa6678a17713a6daf718b375c14d,Total current assets,24603,verified,Company Facts value agrees with the SEC-rendered face statement within its displayed precision.,,,,,,54abad8b001c9e08bb81b83c12f30e36867f6462a12e040cc329e94d46e6fc5c
current_liabilities,FY2026,,2026-05-31,12547000000,12547,USD,USD millions,us-gaap,LiabilitiesCurrent,10-K,2026-07-15,0000320187-26-000088,https://www.sec.gov/Archives/edgar/data/320187/000032018726000088/nke-20260531.htm,https://data.sec.gov/api/xbrl/companyfacts/CIK0000320187.json,2026-09-07T06:55:02.100621+00:00,selected,Comparable candidates agree; selected the latest highest-priority presentation that is visible in SEC face-statement evidence.,reported,originally_reported,"USD divided by 1,000,000.",balance_sheet,instant,2026,FY,CY2026Q2I,1,https://www.sec.gov/Archives/edgar/data/320187/000032018726000088/R5.htm,2026-09-07T07:04:01.875516+00:00,17da187b9139e66f453a366babf2fabf9880fa6678a17713a6daf718b375c14d,Total current liabilities,12547,verified,Company Facts value agrees with the SEC-rendered face statement within its displayed precision.,,,,,,54abad8b001c9e08bb81b83c12f30e36867f6462a12e040cc329e94d46e6fc5c
total_assets,FY2026,,2026-05-31,38410000000,38410,USD,USD millions,us-gaap,Assets,10-K,2026-07-15,0000320187-26-000088,https://www.sec.gov/Archives/edgar/data/320187/000032018726000088/nke-20260531.htm,https://data.sec.gov/api/xbrl/companyfacts/CIK0000320187.json,2026-09-07T06:55:02.100621+00:00,selected,Comparable candidates agree; selected the latest highest-priority presentation that is visible in SEC face-statement evidence.,reported,originally_reported,"USD divided by 1,000,000.",balance_sheet,instant,2026,FY,CY2026Q2I,1,https://www.sec.gov/Archives/edgar/data/320187/000032018726000088/R5.htm,2026-09-07T07:04:01.875516+00:00,17da187b9139e66f453a366babf2fabf9880fa6678a17713a6daf718b375c14d,TOTAL ASSETS,38410,verified,Company Facts value agrees with the SEC-rendered face statement within its displayed precision.,,,,,,54abad8b001c9e08bb81b83c12f30e36867f6462a12e040cc329e94d46e6fc5c
notes_payable_and_short_term_borrowings,FY2026,2025-06-01,2026-05-31,0,0,USD millions,USD millions,,,10-K,2026-07-15,0000320187-26-000088,https://www.sec.gov/Archives/edgar/data/320187/000032018726000088/R51.htm,https://data.sec.gov/api/xbrl/companyfacts/CIK0000320187.json,2026-09-07T07:37:15.702041+00:00,documented_zero,No consolidated Company Facts instant fact was present; the filing affirmatively supports a zero balance through the debt note and balance-sheet presentation.,documented_reported_zero,documented_zero,Detail reports zero outstanding under committed facilities; the consolidated balance sheet omits a Notes payable line.,balance_sheet,instant,,,,,,,,,,documented_zero,No consolidated Company Facts instant fact was present; the filing affirmatively supports a zero balance through the debt note and balance-sheet presentation.,https://www.sec.gov/Archives/edgar/data/320187/000032018726000088/R51.htm,2026-09-07T07:37:15.702041+00:00,7ba25ba6d6b2db82ece6a3c700b05b2bfcf4675999da12b8d2551ba62d3811a2,Note 5 - Short-term borrowings,Detail reports zero outstanding under committed facilities; the consolidated balance sheet omits a Notes payable line.,7ba25ba6d6b2db82ece6a3c700b05b2bfcf4675999da12b8d2551ba62d3811a2
current_portion_long_term_debt,FY2026,,2026-05-31,2000000000,2000,USD,USD millions,us-gaap,LongTermDebtCurrent,10-K,2026-07-15,0000320187-26-000088,https://www.sec.gov/Archives/edgar/data/320187/000032018726000088/nke-20260531.htm,https://data.sec.gov/api/xbrl/companyfacts/CIK0000320187.json,2026-09-07T06:55:02.100621+00:00,selected,Comparable candidates agree; selected the latest highest-priority presentation that is visible in SEC face-statement evidence.,reported,originally_reported,"USD divided by 1,000,000.",balance_sheet,instant,2026,FY,CY2026Q2I,1,https://www.sec.gov/Archives/edgar/data/320187/000032018726000088/R5.htm,2026-09-07T07:04:01.875516+00:00,17da187b9139e66f453a366babf2fabf9880fa6678a17713a6daf718b375c14d,Current portion of long-term debt,2000,verified,Company Facts value agrees with the SEC-rendered face statement within its displayed precision.,,,,,,54abad8b001c9e08bb81b83c12f30e36867f6462a12e040cc329e94d46e6fc5c
noncurrent_long_term_debt,FY2026,,2026-05-31,5942000000,5942,USD,USD millions,us-gaap,LongTermDebtNoncurrent,10-K,2026-07-15,0000320187-26-000088,https://www.sec.gov/Archives/edgar/data/320187/000032018726000088/nke-20260531.htm,https://data.sec.gov/api/xbrl/companyfacts/CIK0000320187.json,2026-09-07T06:55:02.100621+00:00,selected,Comparable candidates agree; selected the latest highest-priority presentation that is visible in SEC face-statement evidence.,reported,originally_reported,"USD divided by 1,000,000.",balance_sheet,instant,2026,FY,CY2026Q2I,1,https://www.sec.gov/Archives/edgar/data/320187/000032018726000088/R5.htm,2026-09-07T07:04:01.875516+00:00,17da187b9139e66f453a366babf2fabf9880fa6678a17713a6daf718b375c14d,Long-term debt,5942,verified,Company Facts value agrees with the SEC-rendered face statement within its displayed precision.,,,,,,54abad8b001c9e08bb81b83c12f30e36867f6462a12e040cc329e94d46e6fc5c
current_operating_lease_liabilities,FY2026,,2026-05-31,478000000,478,USD,USD millions,us-gaap,OperatingLeaseLiabilityCurrent,10-K,2026-07-15,0000320187-26-000088,https://www.sec.gov/Archives/edgar/data/320187/000032018726000088/nke-20260531.htm,https://data.sec.gov/api/xbrl/companyfacts/CIK0000320187.json,2026-09-07T06:55:02.100621+00:00,selected,Comparable candidates agree; selected the latest highest-priority presentation that is visible in SEC face-statement evidence.,reported,originally_reported,"USD divided by 1,000,000.",balance_sheet,instant,2026,FY,CY2026Q2I,1,https://www.sec.gov/Archives/edgar/data/320187/000032018726000088/R5.htm,2026-09-07T07:04:01.875516+00:00,17da187b9139e66f453a366babf2fabf9880fa6678a17713a6daf718b375c14d,Current portion of operating lease liabilities,478,verified,Company Facts value agrees with the SEC-rendered face statement within its displayed precision.,,,,,,54abad8b001c9e08bb81b83c12f30e36867f6462a12e040cc329e94d46e6fc5c
noncurrent_operating_lease_liabilities,FY2026,,2026-05-31,2613000000,2613,USD,USD millions,us-gaap,OperatingLeaseLiabilityNoncurrent,10-K,2026-07-15,0000320187-26-000088,https://www.sec.gov/Archives/edgar/data/320187/000032018726000088/nke-20260531.htm,https://data.sec.gov/api/xbrl/companyfacts/CIK0000320187.json,2026-09-07T06:55:02.100621+00:00,selected,Comparable candidates agree; selected the latest highest-priority presentation that is visible in SEC face-statement evidence.,reported,originally_reported,"USD divided by 1,000,000.",balance_sheet,instant,2026,FY,CY2026Q2I,1,https://www.sec.gov/Archives/edgar/data/320187/000032018726000088/R5.htm,2026-09-07T07:04:01.875516+00:00,17da187b9139e66f453a366babf2fabf9880fa6678a17713a6daf718b375c14d,Operating lease liabilities,2613,verified,Company Facts value agrees with the SEC-rendered face statement within its displayed precision.,,,,,,54abad8b001c9e08bb81b83c12f30e36867f6462a12e040cc329e94d46e6fc5c
shareholders_equity,FY2026,,2026-05-31,14865000000,14865,USD,USD millions,us-gaap,StockholdersEquity,10-K,2026-07-15,0000320187-26-000088,https://www.sec.gov/Archives/edgar/data/320187/000032018726000088/nke-20260531.htm,https://data.sec.gov/api/xbrl/companyfacts/CIK0000320187.json,2026-09-07T06:55:02.100621+00:00,selected,Comparable candidates agree; selected the latest highest-priority presentation that is visible in SEC face-statement evidence.,reported,originally_reported,"USD divided by 1,000,000.",balance_sheet,instant,2026,FY,CY2026Q2I,1,https://www.sec.gov/Archives/edgar/data/320187/000032018726000088/R5.htm,2026-09-07T07:04:01.875516+00:00,17da187b9139e66f453a366babf2fabf9880fa6678a17713a6daf718b375c14d,Total shareholders' equity,14865,verified,Company Facts value agrees with the SEC-rendered face statement within its displayed precision.,,,,,,54abad8b001c9e08bb81b83c12f30e36867f6462a12e040cc329e94d46e6fc5c
operating_cash_flow,FY2026,2025-06-01,2026-05-31,2868000000,2868,USD,USD millions,us-gaap,NetCashProvidedByUsedInOperatingActivities,10-K,2026-07-15,0000320187-26-000088,https://www.sec.gov/Archives/edgar/data/320187/000032018726000088/nke-20260531.htm,https://data.sec.gov/api/xbrl/companyfacts/CIK0000320187.json,2026-09-07T06:55:02.100621+00:00,selected,Comparable candidates agree; selected the latest highest-priority presentation that is visible in SEC face-statement evidence.,reported,originally_reported,"USD divided by 1,000,000.",cash_flow_statement,duration,2026,FY,CY2025,1,https://www.sec.gov/Archives/edgar/data/320187/000032018726000088/R7.htm,2026-09-07T07:04:02.457933+00:00,1ac2f1df0e5b85a9c405cb213e9194672d18431a45e3399a11479768c74192ae,Cash provided (used) by operations,2868,verified,Company Facts value agrees with the SEC-rendered face statement within its displayed precision.,,,,,,54abad8b001c9e08bb81b83c12f30e36867f6462a12e040cc329e94d46e6fc5c
capital_expenditures,FY2026,2025-06-01,2026-05-31,684000000,684,USD,USD millions,us-gaap,PaymentsToAcquirePropertyPlantAndEquipment,10-K,2026-07-15,0000320187-26-000088,https://www.sec.gov/Archives/edgar/data/320187/000032018726000088/nke-20260531.htm,https://data.sec.gov/api/xbrl/companyfacts/CIK0000320187.json,2026-09-07T06:55:02.100621+00:00,selected,Comparable candidates agree; selected the latest highest-priority presentation that is visible in SEC face-statement evidence.,reported,originally_reported,"USD divided by 1,000,000. Absolute value retained as a positive investment amount.",cash_flow_statement,duration,2026,FY,CY2025,1,https://www.sec.gov/Archives/edgar/data/320187/000032018726000088/R7.htm,2026-09-07T07:04:02.457933+00:00,1ac2f1df0e5b85a9c405cb213e9194672d18431a45e3399a11479768c74192ae,"Additions to property, plant and equipment",-684,verified,Company Facts value agrees with the SEC-rendered face statement within its displayed precision.,,,,,,54abad8b001c9e08bb81b83c12f30e36867f6462a12e040cc329e94d46e6fc5c
depreciation_and_amortization,FY2026,2025-06-01,2026-05-31,747000000,747,USD,USD millions,us-gaap,DepreciationDepletionAndAmortization,10-K,2026-07-15,0000320187-26-000088,https://www.sec.gov/Archives/edgar/data/320187/000032018726000088/nke-20260531.htm,https://data.sec.gov/api/xbrl/companyfacts/CIK0000320187.json,2026-09-07T06:55:02.100621+00:00,selected,Comparable candidates agree; selected the latest highest-priority presentation that is visible in SEC face-statement evidence.,reported,originally_reported,"USD divided by 1,000,000.",cash_flow_statement,duration,2026,FY,CY2025,1,https://www.sec.gov/Archives/edgar/data/320187/000032018726000088/R7.htm,2026-09-07T07:04:02.457933+00:00,1ac2f1df0e5b85a9c405cb213e9194672d18431a45e3399a11479768c74192ae,Depreciation and amortization,747,verified,Company Facts value agrees with the SEC-rendered face statement within its displayed precision.,,,,,,54abad8b001c9e08bb81b83c12f30e36867f6462a12e040cc329e94d46e6fc5c
derived_operating_income,FY2026,2025-06-01,2026-05-31,,3797,,USD millions,,,,,,,https://data.sec.gov/api/xbrl/companyfacts/CIK0000320187.json,2026-09-07T06:55:02.100621+00:00,calculated,Calculated from validated inputs.,calculated,calculated,gross_profit - total_selling_and_administrative_expense,calculated,duration,,,,,https://www.sec.gov/Archives/edgar/data/320187/000032018726000088/R3.htm,2026-09-07T07:04:01.247348+00:00,367a4751ed4b2824009f7400dc3c03c4d09d1a4af0fd64d9d12c87a4abda7516,Income before taxes adjusted for signed interest and other non-operating income or expense,3797,verified_cross_check,"The independent pretax bridge equals derived operating income. This is a consolidated calculation, not segment EBIT.",,,,,,54abad8b001c9e08bb81b83c12f30e36867f6462a12e040cc329e94d46e6fc5c
gross_margin,FY2026,2025-06-01,2026-05-31,,0.429135,,decimal,,,,,,,https://data.sec.gov/api/xbrl/companyfacts/CIK0000320187.json,2026-09-07T06:55:02.100621+00:00,calculated,Calculated from validated inputs.,calculated,calculated,gross_profit / revenue,calculated,duration,,,,,,,,,,not_applicable,Calculated from selected inputs only.,,,,,,54abad8b001c9e08bb81b83c12f30e36867f6462a12e040cc329e94d46e6fc5c
operating_margin,FY2026,2025-06-01,2026-05-31,,0.081835,,decimal,,,,,,,https://data.sec.gov/api/xbrl/companyfacts/CIK0000320187.json,2026-09-07T06:55:02.100621+00:00,calculated,Calculated from validated inputs.,calculated,calculated,derived_operating_income / revenue,calculated,duration,,,,,,,,,,not_applicable,Calculated from selected inputs only.,,,,,,54abad8b001c9e08bb81b83c12f30e36867f6462a12e040cc329e94d46e6fc5c
net_margin,FY2026,2025-06-01,2026-05-31,,0.066986,,decimal,,,,,,,https://data.sec.gov/api/xbrl/companyfacts/CIK0000320187.json,2026-09-07T06:55:02.100621+00:00,calculated,Calculated from validated inputs.,calculated,calculated,net_income / revenue,calculated,duration,,,,,,,,,,not_applicable,Calculated from selected inputs only.,,,,,,54abad8b001c9e08bb81b83c12f30e36867f6462a12e040cc329e94d46e6fc5c
operating_cash_flow_margin,FY2026,2025-06-01,2026-05-31,,0.061813,,decimal,,,,,,,https://data.sec.gov/api/xbrl/companyfacts/CIK0000320187.json,2026-09-07T06:55:02.100621+00:00,calculated,Calculated from validated inputs.,calculated,calculated,operating_cash_flow / revenue,calculated,duration,,,,,,,,,,not_applicable,Calculated from selected inputs only.,,,,,,54abad8b001c9e08bb81b83c12f30e36867f6462a12e040cc329e94d46e6fc5c
free_cash_flow,FY2026,2025-06-01,2026-05-31,,2184,,USD millions,,,,,,,https://data.sec.gov/api/xbrl/companyfacts/CIK0000320187.json,2026-09-07T06:55:02.100621+00:00,calculated,Calculated from validated inputs.,calculated,calculated,operating_cash_flow - capital_expenditures,calculated,duration,,,,,,,,,,not_applicable,Calculated from selected inputs only.,,,,,,54abad8b001c9e08bb81b83c12f30e36867f6462a12e040cc329e94d46e6fc5c
free_cash_flow_margin,FY2026,2025-06-01,2026-05-31,,0.047071,,decimal,,,,,,,https://data.sec.gov/api/xbrl/companyfacts/CIK0000320187.json,2026-09-07T06:55:02.100621+00:00,calculated,Calculated from validated inputs.,calculated,calculated,free_cash_flow / revenue,calculated,duration,,,,,,,,,,not_applicable,Calculated from selected inputs only.,,,,,,54abad8b001c9e08bb81b83c12f30e36867f6462a12e040cc329e94d46e6fc5c
cash_conversion,FY2026,2025-06-01,2026-05-31,,0.92278,,decimal,,,,,,,https://data.sec.gov/api/xbrl/companyfacts/CIK0000320187.json,2026-09-07T06:55:02.100621+00:00,calculated,Calculated from validated inputs.,calculated,calculated,operating_cash_flow / net_income,calculated,duration,,,,,,,,,,not_applicable,Calculated from selected inputs only.,,,,,,54abad8b001c9e08bb81b83c12f30e36867f6462a12e040cc329e94d46e6fc5c
total_interest_bearing_debt,FY2026,2025-06-01,2026-05-31,,7942,,USD millions,,,,,,,https://data.sec.gov/api/xbrl/companyfacts/CIK0000320187.json,2026-09-07T06:55:02.100621+00:00,calculated,Calculated from validated inputs.,calculated,calculated,notes_payable_and_short_term_borrowings + current_portion_long_term_debt + noncurrent_long_term_debt,calculated,duration,,,,,,,,,,not_applicable,Calculated from the three validated interest-bearing debt components; operating lease liabilities are excluded.,https://www.sec.gov/Archives/edgar/data/320187/000032018726000088/R51.htm,2026-09-07T07:37:15.702041+00:00,7ba25ba6d6b2db82ece6a3c700b05b2bfcf4675999da12b8d2551ba62d3811a2,Note 5 - Short-term borrowings,Detail reports zero outstanding under committed facilities; the consolidated balance sheet omits a Notes payable line.,54abad8b001c9e08bb81b83c12f30e36867f6462a12e040cc329e94d46e6fc5c
total_operating_lease_liabilities,FY2026,2025-06-01,2026-05-31,,3091,,USD millions,,,,,,,https://data.sec.gov/api/xbrl/companyfacts/CIK0000320187.json,2026-09-07T06:55:02.100621+00:00,calculated,Calculated from validated inputs.,calculated,calculated,current_operating_lease_liabilities + noncurrent_operating_lease_liabilities,calculated,duration,,,,,,,,,,not_applicable,Calculated from current and noncurrent operating lease liabilities and excluded from base interest-bearing debt.,,,,,,54abad8b001c9e08bb81b83c12f30e36867f6462a12e040cc329e94d46e6fc5c
revenue_growth,FY2026,2025-06-01,2026-05-31,,0.001922,,decimal,,,,,,,https://data.sec.gov/api/xbrl/companyfacts/CIK0000320187.json,2026-09-07T06:55:02.100621+00:00,calculated,Calculated from validated inputs.,calculated,calculated,(revenue_t / revenue_t_minus_1) - 1,calculated,duration,,,,,,,,,,not_applicable,Calculated from selected inputs only.,,,,,,54abad8b001c9e08bb81b83c12f30e36867f6462a12e040cc329e94d46e6fc5c
revenue_cagr_five_observations,FY2026,2025-06-01,2026-05-31,,-0.001674,,decimal,,,,,,,https://data.sec.gov/api/xbrl/companyfacts/CIK0000320187.json,2026-09-07T06:55:02.100621+00:00,calculated,Calculated from two endpoints over 4 growth intervals.,calculated,calculated,(revenue_FY2026 / revenue_FY2022)^(1/4) - 1,calculated,duration,,,,,,,,,,not_applicable,Calculated from selected inputs only.,,,,,,54abad8b001c9e08bb81b83c12f30e36867f6462a12e040cc329e94d46e6fc5c
